state,speed_m_s,direction_deg,hours
d002.5-v03.25,3.25,2.5,2.525118639915174
d002.5-v03.75,3.75,2.5,2.923055224234599
d002.5-v04.25,4.25,2.5,3.2835142742729464
d002.5-v04.75,4.75,2.5,3.5967024067932716
d002.5-v05.25,5.25,2.5,3.854690431919137
d002.5-v05.75,5.75,2.5,4.05164314043914
d002.5-v06.25,6.25,2.5,4.183979389407103
d002.5-v06.75,6.75,2.5,4.250438875297985
d002.5-v07.25,7.25,2.5,4.252044212569642
d002.5-v07.75,7.75,2.5,4.19195735980511
d002.5-v08.25,8.25,2.5,4.07523853509844
d002.5-v08.75,8.75,2.5,3.9085233857755175
d002.5-v09.25,9.25,2.5,3.6996399875928
d002.5-v09.75,9.75,2.5,3.457190936401165
d002.5-v10.25,10.25,2.5,3.1901271921154253
d002.5-v10.75,10.75,2.5,2.907339463909041
d002.5-v11.25,11.25,2.5,2.6172900114925235
d002.5-v11.75,11.75,2.5,2.327703182625948
d002.5-v12.25,12.25,2.5,2.045327344051843
d002.5-v12.75,12.75,2.5,1.7757746910966319
d002.5-v13.25,13.25,2.5,1.5234393383256681
d002.5-v13.75,13.75,2.5,1.291488633024987
d002.5-v14.25,14.25,2.5,1.0819182121761357
d002.5-v14.75,14.75,2.5,0.8956582104650376
d002.5-v15.25,15.25,2.5,0.7327163293207134
d002.5-v15.75,15.75,2.5,0.5923431498315934
d002.5-v16.25,16.25,2.5,0.47320594262991034
d002.5-v16.75,16.75,2.5,0.37355903123894246
d002.5-v17.25,17.25,2.5,0.29140118853216446
d002.5-v17.75,17.75,2.5,0.2246132676605289
d002.5-v18.25,18.25,2.5,0.17107199569865397
d002.5-v18.75,18.75,2.5,0.12873835111906493
d002.5-v19.25,19.25,2.5,0.09572103521513618
d002.5-v19.75,19.75,2.5,0.07031713671312563
d002.5-v20.25,20.25,2.5,0.051033150715312774
d002.5-v20.75,20.75,2.5,0.03659007727194982
d002.5-v21.25,21.25,2.5,0.025916461691724294
d002.5-v21.75,21.75,2.5,0.01813304253330062
d002.5-v22.25,22.25,2.5,0.012532246665081506
d002.5-v22.75,22.75,2.5,0.008555211847259762
d002.5-v23.25,23.25,2.5,0.005768410348713786
d002.5-v23.75,23.75,2.5,0.0038413577705765844
d002.5-v24.25,24.25,2.5,0.002526364748586449
d002.5-v24.75,24.75,2.5,0.0016408515616569317
d007.5-v03.25,3.25,7.5,2.525118639915174
d007.5-v03.75,3.75,7.5,2.923055224234599
d007.5-v04.25,4.25,7.5,3.2835142742729464
d007.5-v04.75,4.75,7.5,3.5967024067932716
d007.5-v05.25,5.25,7.5,3.854690431919137
d007.5-v05.75,5.75,7.5,4.05164314043914
d007.5-v06.25,6.25,7.5,4.183979389407103
d007.5-v06.75,6.75,7.5,4.250438875297985
d007.5-v07.25,7.25,7.5,4.252044212569642
d007.5-v07.75,7.75,7.5,4.19195735980511
d007.5-v08.25,8.25,7.5,4.07523853509844
d007.5-v08.75,8.75,7.5,3.9085233857755175
d007.5-v09.25,9.25,7.5,3.6996399875928
d007.5-v09.75,9.75,7.5,3.457190936401165
d007.5-v10.25,10.25,7.5,3.1901271921154253
d007.5-v10.75,10.75,7.5,2.907339463909041
d007.5-v11.25,11.25,7.5,2.6172900114925235
d007.5-v11.75,11.75,7.5,2.327703182625948
d007.5-v12.25,12.25,7.5,2.045327344051843
d007.5-v12.75,12.75,7.5,1.7757746910966319
d007.5-v13.25,13.25,7.5,1.5234393383256681
d007.5-v13.75,13.75,7.5,1.291488633024987
d007.5-v14.25,14.25,7.5,1.0819182121761357
d007.5-v14.75,14.75,7.5,0.8956582104650376
d007.5-v15.25,15.25,7.5,0.7327163293207134
d007.5-v15.75,15.75,7.5,0.5923431498315934
d007.5-v16.25,16.25,7.5,0.47320594262991034
d007.5-v16.75,16.75,7.5,0.37355903123894246
d007.5-v17.25,17.25,7.5,0.29140118853216446
d007.5-v17.75,17.75,7.5,0.2246132676605289
d007.5-v18.25,18.25,7.5,0.17107199569865397
d007.5-v18.75,18.75,7.5,0.12873835111906493
d007.5-v19.25,19.25,7.5,0.09572103521513618
d007.5-v19.75,19.75,7.5,0.07031713671312563
d007.5-v20.25,20.25,7.5,0.051033150715312774
d007.5-v20.75,20.75,7.5,0.03659007727194982
d007.5-v21.25,21.25,7.5,0.025916461691724294
d007.5-v21.75,21.75,7.5,0.01813304253330062
d007.5-v22.25,22.25,7.5,0.012532246665081506
d007.5-v22.75,22.75,7.5,0.008555211847259762
d007.5-v23.25,23.25,7.5,0.005768410348713786
d007.5-v23.75,23.75,7.5,0.0038413577705765844
d007.5-v24.25,24.25,7.5,0.002526364748586449
d007.5-v24.75,24.75,7.5,0.0016408515616569317
d012.5-v03.25,3.25,12.5,2.525118639915174
d012.5-v03.75,3.75,12.5,2.923055224234599
d012.5-v04.25,4.25,12.5,3.2835142742729464
d012.5-v04.75,4.75,12.5,3.5967024067932716
d012.5-v05.25,5.25,12.5,3.854690431919137
d012.5-v05.75,5.75,12.5,4.05164314043914
d012.5-v06.25,6.25,12.5,4.183979389407103
d012.5-v06.75,6.75,12.5,4.250438875297985
d012.5-v07.25,7.25,12.5,4.252044212569642
d012.5-v07.75,7.75,12.5,4.19195735980511
d012.5-v08.25,8.25,12.5,4.07523853509844
d012.5-v08.75,8.75,12.5,3.9085233857755175
d012.5-v09.25,9.25,12.5,3.6996399875928
d012.5-v09.75,9.75,12.5,3.457190936401165
d012.5-v10.25,10.25,12.5,3.1901271921154253
d012.5-v10.75,10.75,12.5,2.907339463909041
d012.5-v11.25,11.25,12.5,2.6172900114925235
d012.5-v11.75,11.75,12.5,2.327703182625948
d012.5-v12.25,12.25,12.5,2.045327344051843
d012.5-v12.75,12.75,12.5,1.7757746910966319
d012.5-v13.25,13.25,12.5,1.5234393383256681
d012.5-v13.75,13.75,12.5,1.291488633024987
d012.5-v14.25,14.25,12.5,1.0819182121761357
d012.5-v14.75,14.75,12.5,0.8956582104650376
d012.5-v15.25,15.25,12.5,0.7327163293207134
d012.5-v15.75,15.75,12.5,0.5923431498315934
d012.5-v16.25,16.25,12.5,0.47320594262991034
d012.5-v16.75,16.75,12.5,0.37355903123894246
d012.5-v17.25,17.25,12.5,0.29140118853216446
d012.5-v17.75,17.75,12.5,0.2246132676605289
d012.5-v18.25,18.25,12.5,0.17107199569865397
d012.5-v18.75,18.75,12.5,0.12873835111906493
d012.5-v19.25,19.25,12.5,0.09572103521513618
d012.5-v19.75,19.75,12.5,0.07031713671312563
d012.5-v20.25,20.25,12.5,0.051033150715312774
d012.5-v20.75,20.75,12.5,0.03659007727194982
d012.5-v21.25,21.25,12.5,0.025916461691724294
d012.5-v21.75,21.75,12.5,0.01813304253330062
d012.5-v22.25,22.25,12.5,0.012532246665081506
d012.5-v22.75,22.75,12.5,0.008555211847259762
d012.5-v23.25,23.25,12.5,0.005768410348713786
d012.5-v23.75,23.75,12.5,0.0038413577705765844
d012.5-v24.25,24.25,12.5,0.002526364748586449
d012.5-v24.75,24.75,12.5,0.0016408515616569317
d017.5-v03.25,3.25,17.5,2.525118639915174
d017.5-v03.75,3.75,17.5,2.923055224234599
d017.5-v04.25,4.25,17.5,3.2835142742729464
d017.5-v04.75,4.75,17.5,3.5967024067932716
d017.5-v05.25,5.25,17.5,3.854690431919137
d017.5-v05.75,5.75,17.5,4.05164314043914
d017.5-v06.25,6.25,17.5,4.183979389407103
d017.5-v06.75,6.75,17.5,4.250438875297985
d017.5-v07.25,7.25,17.5,4.252044212569642
d017.5-v07.75,7.75,17.5,4.19195735980511
d017.5-v08.25,8.25,17.5,4.07523853509844
d017.5-v08.75,8.75,17.5,3.9085233857755175
d017.5-v09.25,9.25,17.5,3.6996399875928
d017.5-v09.75,9.75,17.5,3.457190936401165
d017.5-v10.25,10.25,17.5,3.1901271921154253
d017.5-v10.75,10.75,17.5,2.907339463909041
d017.5-v11.25,11.25,17.5,2.6172900114925235
d017.5-v11.75,11.75,17.5,2.327703182625948
d017.5-v12.25,12.25,17.5,2.045327344051843
d017.5-v12.75,12.75,17.5,1.7757746910966319
d017.5-v13.25,13.25,17.5,1.5234393383256681
d017.5-v13.75,13.75,17.5,1.291488633024987
d017.5-v14.25,14.25,17.5,1.0819182121761357
d017.5-v14.75,14.75,17.5,0.8956582104650376
d017.5-v15.25,15.25,17.5,0.7327163293207134
d017.5-v15.75,15.75,17.5,0.5923431498315934
d017.5-v16.25,16.25,17.5,0.47320594262991034
d017.5-v16.75,16.75,17.5,0.37355903123894246
d017.5-v17.25,17.25,17.5,0.29140118853216446
d017.5-v17.75,17.75,17.5,0.2246132676605289
d017.5-v18.25,18.25,17.5,0.17107199569865397
d017.5-v18.75,18.75,17.5,0.12873835111906493
d017.5-v19.25,19.25,17.5,0.09572103521513618
d017.5-v19.75,19.75,17.5,0.07031713671312563
d017.5-v20.25,20.25,17.5,0.051033150715312774
d017.5-v20.75,20.75,17.5,0.03659007727194982
d017.5-v21.25,21.25,17.5,0.025916461691724294
d017.5-v21.75,21.75,17.5,0.01813304253330062
d017.5-v22.25,22.25,17.5,0.012532246665081506
d017.5-v22.75,22.75,17.5,0.008555211847259762
d017.5-v23.25,23.25,17.5,0.005768410348713786
d017.5-v23.75,23.75,17.5,0.0038413577705765844
d017.5-v24.25,24.25,17.5,0.002526364748586449
d017.5-v24.75,24.75,17.5,0.0016408515616569317
d022.5-v03.25,3.25,22.5,2.525118639915174
d022.5-v03.75,3.75,22.5,2.923055224234599
d022.5-v04.25,4.25,22.5,3.2835142742729464
d022.5-v04.75,4.75,22.5,3.5967024067932716
d022.5-v05.25,5.25,22.5,3.854690431919137
d022.5-v05.75,5.75,22.5,4.05164314043914
d022.5-v06.25,6.25,22.5,4.183979389407103
d022.5-v06.75,6.75,22.5,4.250438875297985
d022.5-v07.25,7.25,22.5,4.252044212569642
d022.5-v07.75,7.75,22.5,4.19195735980511
d022.5-v08.25,8.25,22.5,4.07523853509844
d022.5-v08.75,8.75,22.5,3.9085233857755175
d022.5-v09.25,9.25,22.5,3.6996399875928
d022.5-v09.75,9.75,22.5,3.457190936401165
d022.5-v10.25,10.25,22.5,3.1901271921154253
d022.5-v10.75,10.75,22.5,2.907339463909041
d022.5-v11.25,11.25,22.5,2.6172900114925235
d022.5-v11.75,11.75,22.5,2.327703182625948
d022.5-v12.25,12.25,22.5,2.045327344051843
d022.5-v12.75,12.75,22.5,1.7757746910966319
d022.5-v13.25,13.25,22.5,1.5234393383256681
d022.5-v13.75,13.75,22.5,1.291488633024987
d022.5-v14.25,14.25,22.5,1.0819182121761357
d022.5-v14.75,14.75,22.5,0.8956582104650376
d022.5-v15.25,15.25,22.5,0.7327163293207134
d022.5-v15.75,15.75,22.5,0.5923431498315934
d022.5-v16.25,16.25,22.5,0.47320594262991034
d022.5-v16.75,16.75,22.5,0.37355903123894246
d022.5-v17.25,17.25,22.5,0.29140118853216446
d022.5-v17.75,17.75,22.5,0.2246132676605289
d022.5-v18.25,18.25,22.5,0.17107199569865397
d022.5-v18.75,18.75,22.5,0.12873835111906493
d022.5-v19.25,19.25,22.5,0.09572103521513618
d022.5-v19.75,19.75,22.5,0.07031713671312563
d022.5-v20.25,20.25,22.5,0.051033150715312774
d022.5-v20.75,20.75,22.5,0.03659007727194982
d022.5-v21.25,21.25,22.5,0.025916461691724294
d022.5-v21.75,21.75,22.5,0.01813304253330062
d022.5-v22.25,22.25,22.5,0.012532246665081506
d022.5-v22.75,22.75,22.5,0.008555211847259762
d022.5-v23.25,23.25,22.5,0.005768410348713786
d022.5-v23.75,23.75,22.5,0.0038413577705765844
d022.5-v24.25,24.25,22.5,0.002526364748586449
d022.5-v24.75,24.75,22.5,0.0016408515616569317
d027.5-v03.25,3.25,27.5,2.525118639915174
d027.5-v03.75,3.75,27.5,2.923055224234599
d027.5-v04.25,4.25,27.5,3.2835142742729464
d027.5-v04.75,4.75,27.5,3.5967024067932716
d027.5-v05.25,5.25,27.5,3.854690431919137
d027.5-v05.75,5.75,27.5,4.05164314043914
d027.5-v06.25,6.25,27.5,4.183979389407103
d027.5-v06.75,6.75,27.5,4.250438875297985
d027.5-v07.25,7.25,27.5,4.252044212569642
d027.5-v07.75,7.75,27.5,4.19195735980511
d027.5-v08.25,8.25,27.5,4.07523853509844
d027.5-v08.75,8.75,27.5,3.9085233857755175
d027.5-v09.25,9.25,27.5,3.6996399875928
d027.5-v09.75,9.75,27.5,3.457190936401165
d027.5-v10.25,10.25,27.5,3.1901271921154253
d027.5-v10.75,10.75,27.5,2.907339463909041
d027.5-v11.25,11.25,27.5,2.6172900114925235
d027.5-v11.75,11.75,27.5,2.327703182625948
d027.5-v12.25,12.25,27.5,2.045327344051843
d027.5-v12.75,12.75,27.5,1.7757746910966319
d027.5-v13.25,13.25,27.5,1.5234393383256681
d027.5-v13.75,13.75,27.5,1.291488633024987
d027.5-v14.25,14.25,27.5,1.0819182121761357
d027.5-v14.75,14.75,27.5,0.8956582104650376
d027.5-v15.25,15.25,27.5,0.7327163293207134
d027.5-v15.75,15.75,27.5,0.5923431498315934
d027.5-v16.25,16.25,27.5,0.47320594262991034
d027.5-v16.75,16.75,27.5,0.37355903123894246
d027.5-v17.25,17.25,27.5,0.29140118853216446
d027.5-v17.75,17.75,27.5,0.2246132676605289
d027.5-v18.25,18.25,27.5,0.17107199569865397
d027.5-v18.75,18.75,27.5,0.12873835111906493
d027.5-v19.25,19.25,27.5,0.09572103521513618
d027.5-v19.75,19.75,27.5,0.07031713671312563
d027.5-v20.25,20.25,27.5,0.051033150715312774
d027.5-v20.75,20.75,27.5,0.03659007727194982
d027.5-v21.25,21.25,27.5,0.025916461691724294
d027.5-v21.75,21.75,27.5,0.01813304253330062
d027.5-v22.25,22.25,27.5,0.012532246665081506
d027.5-v22.75,22.75,27.5,0.008555211847259762
d027.5-v23.25,23.25,27.5,0.005768410348713786
d027.5-v23.75,23.75,27.5,0.0038413577705765844
d027.5-v24.25,24.25,27.5,0.002526364748586449
d027.5-v24.75,24.75,27.5,0.0016408515616569317
d032.5-v03.25,3.25,32.5,2.3345138554507785
d032.5-v03.75,3.75,32.5,2.736232174255637
d032.5-v04.25,4.25,32.5,3.113867531090786
d032.5-v04.75,4.75,32.5,3.4579897436106797
d032.5-v05.25,5.25,32.5,3.7603528683023537
d032.5-v05.75,5.75,32.5,4.01410622225522
d032.5-v06.25,6.25,32.5,4.213982775029806
d032.5-v06.75,6.75,32.5,4.3564410328116265
d032.5-v07.25,7.25,32.5,4.439744639883103
d032.5-v07.75,7.75,32.5,4.463970592855781
d032.5-v08.25,8.25,32.5,4.430943021218757
d032.5-v08.75,8.75,32.5,4.344095088184509
d032.5-v09.25,9.25,32.5,4.20826658221764
d032.5-v09.75,9.75,32.5,4.029448973955404
d032.5-v10.25,10.25,32.5,3.8144928732072145
d032.5-v10.75,10.75,32.5,3.5707947584032302
d032.5-v11.25,11.25,32.5,3.3059804773506754
d032.5-v11.75,11.75,32.5,3.027602349945482
d032.5-v12.25,12.25,32.5,2.742864863163229
d032.5-v12.75,12.75,32.5,2.4583911520564437
d032.5-v13.25,13.25,32.5,2.1800389933304256
d032.5-v13.75,13.75,32.5,1.9127712255193867
d032.5-v14.25,14.25,32.5,1.6605816831344928
d032.5-v14.75,14.75,32.5,1.426474196733022
d032.5-v15.25,15.25,32.5,1.2124892188382397
d032.5-v15.75,15.75,32.5,1.0197703665810625
d032.5-v16.25,16.25,32.5,0.8486617226681422
d032.5-v16.75,16.75,32.5,0.698826120486467
d032.5-v17.25,17.25,32.5,0.5693747956993958
d032.5-v17.75,17.75,32.5,0.4589995948724274
d032.5-v18.25,18.25,32.5,0.366100230776952
d032.5-v18.75,18.75,32.5,0.2889006844952896
d032.5-v19.25,19.25,32.5,0.22555059795231694
d032.5-v19.75,19.75,32.5,0.1742092168529047
d032.5-v20.25,20.25,32.5,0.1331110034890176
d032.5-v20.75,20.75,32.5,0.1006133492806192
d032.5-v21.25,21.25,32.5,0.07522782540248349
d032.5-v21.75,21.75,32.5,0.055637100404383855
d032.5-v22.25,22.25,32.5,0.04070004124987792
d032.5-v22.75,22.75,32.5,0.02944763656014851
d032.5-v23.25,23.25,32.5,0.021072290306745584
d032.5-v23.75,23.75,32.5,0.014912789149469776
d032.5-v24.25,24.25,32.5,0.010436904627070517
d032.5-v24.75,24.75,32.5,0.007223203977619756
d037.5-v03.25,3.25,37.5,2.3345138554507785
d037.5-v03.75,3.75,37.5,2.736232174255637
d037.5-v04.25,4.25,37.5,3.113867531090786
d037.5-v04.75,4.75,37.5,3.4579897436106797
d037.5-v05.25,5.25,37.5,3.7603528683023537
d037.5-v05.75,5.75,37.5,4.01410622225522
d037.5-v06.25,6.25,37.5,4.213982775029806
d037.5-v06.75,6.75,37.5,4.3564410328116265
d037.5-v07.25,7.25,37.5,4.439744639883103
d037.5-v07.75,7.75,37.5,4.463970592855781
d037.5-v08.25,8.25,37.5,4.430943021218757
d037.5-v08.75,8.75,37.5,4.344095088184509
d037.5-v09.25,9.25,37.5,4.20826658221764
d037.5-v09.75,9.75,37.5,4.029448973955404
d037.5-v10.25,10.25,37.5,3.8144928732072145
d037.5-v10.75,10.75,37.5,3.5707947584032302
d037.5-v11.25,11.25,37.5,3.3059804773506754
d037.5-v11.75,11.75,37.5,3.027602349945482
d037.5-v12.25,12.25,37.5,2.742864863163229
d037.5-v12.75,12.75,37.5,2.4583911520564437
d037.5-v13.25,13.25,37.5,2.1800389933304256
d037.5-v13.75,13.75,37.5,1.9127712255193867
d037.5-v14.25,14.25,37.5,1.6605816831344928
d037.5-v14.75,14.75,37.5,1.426474196733022
d037.5-v15.25,15.25,37.5,1.2124892188382397
d037.5-v15.75,15.75,37.5,1.0197703665810625
d037.5-v16.25,16.25,37.5,0.8486617226681422
d037.5-v16.75,16.75,37.5,0.698826120486467
d037.5-v17.25,17.25,37.5,0.5693747956993958
d037.5-v17.75,17.75,37.5,0.4589995948724274
d037.5-v18.25,18.25,37.5,0.366100230776952
d037.5-v18.75,18.75,37.5,0.2889006844952896
d037.5-v19.25,19.25,37.5,0.22555059795231694
d037.5-v19.75,19.75,37.5,0.1742092168529047
d037.5-v20.25,20.25,37.5,0.1331110034890176
d037.5-v20.75,20.75,37.5,0.1006133492806192
d037.5-v21.25,21.25,37.5,0.07522782540248349
d037.5-v21.75,21.75,37.5,0.055637100404383855
d037.5-v22.25,22.25,37.5,0.04070004124987792
d037.5-v22.75,22.75,37.5,0.02944763656014851
d037.5-v23.25,23.25,37.5,0.021072290306745584
d037.5-v23.75,23.75,37.5,0.014912789149469776
d037.5-v24.25,24.25,37.5,0.010436904627070517
d037.5-v24.75,24.75,37.5,0.007223203977619756
d042.5-v03.25,3.25,42.5,2.3345138554507785
d042.5-v03.75,3.75,42.5,2.736232174255637
d042.5-v04.25,4.25,42.5,3.113867531090786
d042.5-v04.75,4.75,42.5,3.4579897436106797
d042.5-v05.25,5.25,42.5,3.7603528683023537
d042.5-v05.75,5.75,42.5,4.01410622225522
d042.5-v06.25,6.25,42.5,4.213982775029806
d042.5-v06.75,6.75,42.5,4.3564410328116265
d042.5-v07.25,7.25,42.5,4.439744639883103
d042.5-v07.75,7.75,42.5,4.463970592855781
d042.5-v08.25,8.25,42.5,4.430943021218757
d042.5-v08.75,8.75,42.5,4.344095088184509
d042.5-v09.25,9.25,42.5,4.20826658221764
d042.5-v09.75,9.75,42.5,4.029448973955404
d042.5-v10.25,10.25,42.5,3.8144928732072145
d042.5-v10.75,10.75,42.5,3.5707947584032302
d042.5-v11.25,11.25,42.5,3.3059804773506754
d042.5-v11.75,11.75,42.5,3.027602349945482
d042.5-v12.25,12.25,42.5,2.742864863163229
d042.5-v12.75,12.75,42.5,2.4583911520564437
d042.5-v13.25,13.25,42.5,2.1800389933304256
d042.5-v13.75,13.75,42.5,1.9127712255193867
d042.5-v14.25,14.25,42.5,1.6605816831344928
d042.5-v14.75,14.75,42.5,1.426474196733022
d042.5-v15.25,15.25,42.5,1.2124892188382397
d042.5-v15.75,15.75,42.5,1.0197703665810625
d042.5-v16.25,16.25,42.5,0.8486617226681422
d042.5-v16.75,16.75,42.5,0.698826120486467
d042.5-v17.25,17.25,42.5,0.5693747956993958
d042.5-v17.75,17.75,42.5,0.4589995948724274
d042.5-v18.25,18.25,42.5,0.366100230776952
d042.5-v18.75,18.75,42.5,0.2889006844952896
d042.5-v19.25,19.25,42.5,0.22555059795231694
d042.5-v19.75,19.75,42.5,0.1742092168529047
d042.5-v20.25,20.25,42.5,0.1331110034890176
d042.5-v20.75,20.75,42.5,0.1006133492806192
d042.5-v21.25,21.25,42.5,0.07522782540248349
d042.5-v21.75,21.75,42.5,0.055637100404383855
d042.5-v22.25,22.25,42.5,0.04070004124987792
d042.5-v22.75,22.75,42.5,0.02944763656014851
d042.5-v23.25,23.25,42.5,0.021072290306745584
d042.5-v23.75,23.75,42.5,0.014912789149469776
d042.5-v24.25,24.25,42.5,0.010436904627070517
d042.5-v24.75,24.75,42.5,0.007223203977619756
d047.5-v03.25,3.25,47.5,2.3345138554507785
d047.5-v03.75,3.75,47.5,2.736232174255637
d047.5-v04.25,4.25,47.5,3.113867531090786
d047.5-v04.75,4.75,47.5,3.4579897436106797
d047.5-v05.25,5.25,47.5,3.7603528683023537
d047.5-v05.75,5.75,47.5,4.01410622225522
d047.5-v06.25,6.25,47.5,4.213982775029806
d047.5-v06.75,6.75,47.5,4.3564410328116265
d047.5-v07.25,7.25,47.5,4.439744639883103
d047.5-v07.75,7.75,47.5,4.463970592855781
d047.5-v08.25,8.25,47.5,4.430943021218757
d047.5-v08.75,8.75,47.5,4.344095088184509
d047.5-v09.25,9.25,47.5,4.20826658221764
d047.5-v09.75,9.75,47.5,4.029448973955404
d047.5-v10.25,10.25,47.5,3.8144928732072145
d047.5-v10.75,10.75,47.5,3.5707947584032302
d047.5-v11.25,11.25,47.5,3.3059804773506754
d047.5-v11.75,11.75,47.5,3.027602349945482
d047.5-v12.25,12.25,47.5,2.742864863163229
d047.5-v12.75,12.75,47.5,2.4583911520564437
d047.5-v13.25,13.25,47.5,2.1800389933304256
d047.5-v13.75,13.75,47.5,1.9127712255193867
d047.5-v14.25,14.25,47.5,1.6605816831344928
d047.5-v14.75,14.75,47.5,1.426474196733022
d047.5-v15.25,15.25,47.5,1.2124892188382397
d047.5-v15.75,15.75,47.5,1.0197703665810625
d047.5-v16.25,16.25,47.5,0.8486617226681422
d047.5-v16.75,16.75,47.5,0.698826120486467
d047.5-v17.25,17.25,47.5,0.5693747956993958
d047.5-v17.75,17.75,47.5,0.4589995948724274
d047.5-v18.25,18.25,47.5,0.366100230776952
d047.5-v18.75,18.75,47.5,0.2889006844952896
d047.5-v19.25,19.25,47.5,0.22555059795231694
d047.5-v19.75,19.75,47.5,0.1742092168529047
d047.5-v20.25,20.25,47.5,0.1331110034890176
d047.5-v20.75,20.75,47.5,0.1006133492806192
d047.5-v21.25,21.25,47.5,0.07522782540248349
d047.5-v21.75,21.75,47.5,0.055637100404383855
d047.5-v22.25,22.25,47.5,0.04070004124987792
d047.5-v22.75,22.75,47.5,0.02944763656014851
d047.5-v23.25,23.25,47.5,0.021072290306745584
d047.5-v23.75,23.75,47.5,0.014912789149469776
d047.5-v24.25,24.25,47.5,0.010436904627070517
d047.5-v24.75,24.75,47.5,0.007223203977619756
d052.5-v03.25,3.25,52.5,2.3345138554507785
d052.5-v03.75,3.75,52.5,2.736232174255637
d052.5-v04.25,4.25,52.5,3.113867531090786
d052.5-v04.75,4.75,52.5,3.4579897436106797
d052.5-v05.25,5.25,52.5,3.7603528683023537
d052.5-v05.75,5.75,52.5,4.01410622225522
d052.5-v06.25,6.25,52.5,4.213982775029806
d052.5-v06.75,6.75,52.5,4.3564410328116265
d052.5-v07.25,7.25,52.5,4.439744639883103
d052.5-v07.75,7.75,52.5,4.463970592855781
d052.5-v08.25,8.25,52.5,4.430943021218757
d052.5-v08.75,8.75,52.5,4.344095088184509
d052.5-v09.25,9.25,52.5,4.20826658221764
d052.5-v09.75,9.75,52.5,4.029448973955404
d052.5-v10.25,10.25,52.5,3.8144928732072145
d052.5-v10.75,10.75,52.5,3.5707947584032302
d052.5-v11.25,11.25,52.5,3.3059804773506754
d052.5-v11.75,11.75,52.5,3.027602349945482
d052.5-v12.25,12.25,52.5,2.742864863163229
d052.5-v12.75,12.75,52.5,2.4583911520564437
d052.5-v13.25,13.25,52.5,2.1800389933304256
d052.5-v13.75,13.75,52.5,1.9127712255193867
d052.5-v14.25,14.25,52.5,1.6605816831344928
d052.5-v14.75,14.75,52.5,1.426474196733022
d052.5-v15.25,15.25,52.5,1.2124892188382397
d052.5-v15.75,15.75,52.5,1.0197703665810625
d052.5-v16.25,16.25,52.5,0.8486617226681422
d052.5-v16.75,16.75,52.5,0.698826120486467
d052.5-v17.25,17.25,52.5,0.5693747956993958
d052.5-v17.75,17.75,52.5,0.4589995948724274
d052.5-v18.25,18.25,52.5,0.366100230776952
d052.5-v18.75,18.75,52.5,0.2889006844952896
d052.5-v19.25,19.25,52.5,0.22555059795231694
d052.5-v19.75,19.75,52.5,0.1742092168529047
d052.5-v20.25,20.25,52.5,0.1331110034890176
d052.5-v20.75,20.75,52.5,0.1006133492806192
d052.5-v21.25,21.25,52.5,0.07522782540248349
d052.5-v21.75,21.75,52.5,0.055637100404383855
d052.5-v22.25,22.25,52.5,0.04070004124987792
d052.5-v22.75,22.75,52.5,0.02944763656014851
d052.5-v23.25,23.25,52.5,0.021072290306745584
d052.5-v23.75,23.75,52.5,0.014912789149469776
d052.5-v24.25,24.25,52.5,0.010436904627070517
d052.5-v24.75,24.75,52.5,0.007223203977619756
d057.5-v03.25,3.25,57.5,2.3345138554507785
d057.5-v03.75,3.75,57.5,2.736232174255637
d057.5-v04.25,4.25,57.5,3.113867531090786
d057.5-v04.75,4.75,57.5,3.4579897436106797
d057.5-v05.25,5.25,57.5,3.7603528683023537
d057.5-v05.75,5.75,57.5,4.01410622225522
d057.5-v06.25,6.25,57.5,4.213982775029806
d057.5-v06.75,6.75,57.5,4.3564410328116265
d057.5-v07.25,7.25,57.5,4.439744639883103
d057.5-v07.75,7.75,57.5,4.463970592855781
d057.5-v08.25,8.25,57.5,4.430943021218757
d057.5-v08.75,8.75,57.5,4.344095088184509
d057.5-v09.25,9.25,57.5,4.20826658221764
d057.5-v09.75,9.75,57.5,4.029448973955404
d057.5-v10.25,10.25,57.5,3.8144928732072145
d057.5-v10.75,10.75,57.5,3.5707947584032302
d057.5-v11.25,11.25,57.5,3.3059804773506754
d057.5-v11.75,11.75,57.5,3.027602349945482
d057.5-v12.25,12.25,57.5,2.742864863163229
d057.5-v12.75,12.75,57.5,2.4583911520564437
d057.5-v13.25,13.25,57.5,2.1800389933304256
d057.5-v13.75,13.75,57.5,1.9127712255193867
d057.5-v14.25,14.25,57.5,1.6605816831344928
d057.5-v14.75,14.75,57.5,1.426474196733022
d057.5-v15.25,15.25,57.5,1.2124892188382397
d057.5-v15.75,15.75,57.5,1.0197703665810625
d057.5-v16.25,16.25,57.5,0.8486617226681422
d057.5-v16.75,16.75,57.5,0.698826120486467
d057.5-v17.25,17.25,57.5,0.5693747956993958
d057.5-v17.75,17.75,57.5,0.4589995948724274
d057.5-v18.25,18.25,57.5,0.366100230776952
d057.5-v18.75,18.75,57.5,0.2889006844952896
d057.5-v19.25,19.25,57.5,0.22555059795231694
d057.5-v19.75,19.75,57.5,0.1742092168529047
d057.5-v20.25,20.25,57.5,0.1331110034890176
d057.5-v20.75,20.75,57.5,0.1006133492806192
d057.5-v21.25,21.25,57.5,0.07522782540248349
d057.5-v21.75,21.75,57.5,0.055637100404383855
d057.5-v22.25,22.25,57.5,0.04070004124987792
d057.5-v22.75,22.75,57.5,0.02944763656014851
d057.5-v23.25,23.25,57.5,0.021072290306745584
d057.5-v23.75,23.75,57.5,0.014912789149469776
d057.5-v24.25,24.25,57.5,0.010436904627070517
d057.5-v24.75,24.75,57.5,0.007223203977619756
d062.5-v03.25,3.25,62.5,2.3613778072650486
d062.5-v03.75,3.75,62.5,2.7880566917695133
d062.5-v04.25,4.25,62.5,3.1949607882007736
d062.5-v04.75,4.75,62.5,3.571888375153036
d062.5-v05.25,5.25,62.5,3.909670705618616
d062.5-v05.75,5.75,62.5,4.200407355916124
d062.5-v06.25,6.25,62.5,4.437690917291756
d062.5-v06.75,6.75,62.5,4.616794365662452
d062.5-v07.25,7.25,62.5,4.734802055835944
d062.5-v07.75,7.75,62.5,4.790671581761042
d062.5-v08.25,8.25,62.5,4.785219645954891
d062.5-v08.75,8.75,62.5,4.7210307987256765
d062.5-v09.25,9.25,62.5,4.602293329048048
d062.5-v09.75,9.75,62.5,4.434571463317215
d062.5-v10.25,10.25,62.5,4.224527069051925
d062.5-v10.75,10.75,62.5,3.979607011229804
d062.5-v11.25,11.25,62.5,3.707713986858653
d062.5-v11.75,11.75,62.5,3.4168789878731953
d062.5-v12.25,12.25,62.5,3.1149525463294294
d062.5-v12.75,12.75,62.5,2.8093297428076838
d062.5-v13.25,13.25,62.5,2.506720847592986
d062.5-v13.75,13.75,62.5,2.212975722133048
d062.5-v14.25,14.25,62.5,1.9329660791136538
d062.5-v14.75,14.75,62.5,1.6705257277472993
d062.5-v15.25,15.25,62.5,1.4284453285658725
d062.5-v15.75,15.75,62.5,1.2085152010122955
d062.5-v16.25,16.25,62.5,1.0116075399849012
d062.5-v16.75,16.75,62.5,0.8377880883312665
d062.5-v17.25,17.25,62.5,0.6864468779946029
d062.5-v17.75,17.75,62.5,0.5564380130109283
d062.5-v18.25,18.25,62.5,0.4462194830790112
d062.5-v18.75,18.75,62.5,0.3539854890176556
d062.5-v19.25,19.25,62.5,0.2777855375740878
d062.5-v19.75,19.75,62.5,0.2156264348133847
d062.5-v20.25,20.25,62.5,0.1655551096526187
d062.5-v20.75,20.75,62.5,0.12572180201105576
d062.5-v21.25,21.25,62.5,0.09442446498822141
d062.5-v21.75,21.75,62.5,0.07013621125608295
d062.5-v22.25,22.25,62.5,0.051518272881047954
d062.5-v22.75,22.75,62.5,0.0374212650227059
d062.5-v23.25,23.25,62.5,0.02687759392395463
d062.5-v23.75,23.75,62.5,0.019087687997784798
d062.5-v24.25,24.25,62.5,0.01340242173454386
d062.5-v24.75,24.75,62.5,0.009303706940265586
d067.5-v03.25,3.25,67.5,2.3613778072650486
d067.5-v03.75,3.75,67.5,2.7880566917695133
d067.5-v04.25,4.25,67.5,3.1949607882007736
d067.5-v04.75,4.75,67.5,3.571888375153036
d067.5-v05.25,5.25,67.5,3.909670705618616
d067.5-v05.75,5.75,67.5,4.200407355916124
d067.5-v06.25,6.25,67.5,4.437690917291756
d067.5-v06.75,6.75,67.5,4.616794365662452
d067.5-v07.25,7.25,67.5,4.734802055835944
d067.5-v07.75,7.75,67.5,4.790671581761042
d067.5-v08.25,8.25,67.5,4.785219645954891
d067.5-v08.75,8.75,67.5,4.7210307987256765
d067.5-v09.25,9.25,67.5,4.602293329048048
d067.5-v09.75,9.75,67.5,4.434571463317215
d067.5-v10.25,10.25,67.5,4.224527069051925
d067.5-v10.75,10.75,67.5,3.979607011229804
d067.5-v11.25,11.25,67.5,3.707713986858653
d067.5-v11.75,11.75,67.5,3.4168789878731953
d067.5-v12.25,12.25,67.5,3.1149525463294294
d067.5-v12.75,12.75,67.5,2.8093297428076838
d067.5-v13.25,13.25,67.5,2.506720847592986
d067.5-v13.75,13.75,67.5,2.212975722133048
d067.5-v14.25,14.25,67.5,1.9329660791136538
d067.5-v14.75,14.75,67.5,1.6705257277472993
d067.5-v15.25,15.25,67.5,1.4284453285658725
d067.5-v15.75,15.75,67.5,1.2085152010122955
d067.5-v16.25,16.25,67.5,1.0116075399849012
d067.5-v16.75,16.75,67.5,0.8377880883312665
d067.5-v17.25,17.25,67.5,0.6864468779946029
d067.5-v17.75,17.75,67.5,0.5564380130109283
d067.5-v18.25,18.25,67.5,0.4462194830790112
d067.5-v18.75,18.75,67.5,0.3539854890176556
d067.5-v19.25,19.25,67.5,0.2777855375740878
d067.5-v19.75,19.75,67.5,0.2156264348133847
d067.5-v20.25,20.25,67.5,0.1655551096526187
d067.5-v20.75,20.75,67.5,0.12572180201105576
d067.5-v21.25,21.25,67.5,0.09442446498822141
d067.5-v21.75,21.75,67.5,0.07013621125608295
d067.5-v22.25,22.25,67.5,0.051518272881047954
d067.5-v22.75,22.75,67.5,0.0374212650227059
d067.5-v23.25,23.25,67.5,0.02687759392395463
d067.5-v23.75,23.75,67.5,0.019087687997784798
d067.5-v24.25,24.25,67.5,0.01340242173454386
d067.5-v24.75,24.75,67.5,0.009303706940265586
d072.5-v03.25,3.25,72.5,2.3613778072650486
d072.5-v03.75,3.75,72.5,2.7880566917695133
d072.5-v04.25,4.25,72.5,3.1949607882007736
d072.5-v04.75,4.75,72.5,3.571888375153036
d072.5-v05.25,5.25,72.5,3.909670705618616
d072.5-v05.75,5.75,72.5,4.200407355916124
d072.5-v06.25,6.25,72.5,4.437690917291756
d072.5-v06.75,6.75,72.5,4.616794365662452
d072.5-v07.25,7.25,72.5,4.734802055835944
d072.5-v07.75,7.75,72.5,4.790671581761042
d072.5-v08.25,8.25,72.5,4.785219645954891
d072.5-v08.75,8.75,72.5,4.7210307987256765
d072.5-v09.25,9.25,72.5,4.602293329048048
d072.5-v09.75,9.75,72.5,4.434571463317215
d072.5-v10.25,10.25,72.5,4.224527069051925
d072.5-v10.75,10.75,72.5,3.979607011229804
d072.5-v11.25,11.25,72.5,3.707713986858653
d072.5-v11.75,11.75,72.5,3.4168789878731953
d072.5-v12.25,12.25,72.5,3.1149525463294294
d072.5-v12.75,12.75,72.5,2.8093297428076838
d072.5-v13.25,13.25,72.5,2.506720847592986
d072.5-v13.75,13.75,72.5,2.212975722133048
d072.5-v14.25,14.25,72.5,1.9329660791136538
d072.5-v14.75,14.75,72.5,1.6705257277472993
d072.5-v15.25,15.25,72.5,1.4284453285658725
d072.5-v15.75,15.75,72.5,1.2085152010122955
d072.5-v16.25,16.25,72.5,1.0116075399849012
d072.5-v16.75,16.75,72.5,0.8377880883312665
d072.5-v17.25,17.25,72.5,0.6864468779946029
d072.5-v17.75,17.75,72.5,0.5564380130109283
d072.5-v18.25,18.25,72.5,0.4462194830790112
d072.5-v18.75,18.75,72.5,0.3539854890176556
d072.5-v19.25,19.25,72.5,0.2777855375740878
d072.5-v19.75,19.75,72.5,0.2156264348133847
d072.5-v20.25,20.25,72.5,0.1655551096526187
d072.5-v20.75,20.75,72.5,0.12572180201105576
d072.5-v21.25,21.25,72.5,0.09442446498822141
d072.5-v21.75,21.75,72.5,0.07013621125608295
d072.5-v22.25,22.25,72.5,0.051518272881047954
d072.5-v22.75,22.75,72.5,0.0374212650227059
d072.5-v23.25,23.25,72.5,0.02687759392395463
d072.5-v23.75,23.75,72.5,0.019087687997784798
d072.5-v24.25,24.25,72.5,0.01340242173454386
d072.5-v24.75,24.75,72.5,0.009303706940265586
d077.5-v03.25,3.25,77.5,2.3613778072650486
d077.5-v03.75,3.75,77.5,2.7880566917695133
d077.5-v04.25,4.25,77.5,3.1949607882007736
d077.5-v04.75,4.75,77.5,3.571888375153036
d077.5-v05.25,5.25,77.5,3.909670705618616
d077.5-v05.75,5.75,77.5,4.200407355916124
d077.5-v06.25,6.25,77.5,4.437690917291756
d077.5-v06.75,6.75,77.5,4.616794365662452
d077.5-v07.25,7.25,77.5,4.734802055835944
d077.5-v07.75,7.75,77.5,4.790671581761042
d077.5-v08.25,8.25,77.5,4.785219645954891
d077.5-v08.75,8.75,77.5,4.7210307987256765
d077.5-v09.25,9.25,77.5,4.602293329048048
d077.5-v09.75,9.75,77.5,4.434571463317215
d077.5-v10.25,10.25,77.5,4.224527069051925
d077.5-v10.75,10.75,77.5,3.979607011229804
d077.5-v11.25,11.25,77.5,3.707713986858653
d077.5-v11.75,11.75,77.5,3.4168789878731953
d077.5-v12.25,12.25,77.5,3.1149525463294294
d077.5-v12.75,12.75,77.5,2.8093297428076838
d077.5-v13.25,13.25,77.5,2.506720847592986
d077.5-v13.75,13.75,77.5,2.212975722133048
d077.5-v14.25,14.25,77.5,1.9329660791136538
d077.5-v14.75,14.75,77.5,1.6705257277472993
d077.5-v15.25,15.25,77.5,1.4284453285658725
d077.5-v15.75,15.75,77.5,1.2085152010122955
d077.5-v16.25,16.25,77.5,1.0116075399849012
d077.5-v16.75,16.75,77.5,0.8377880883312665
d077.5-v17.25,17.25,77.5,0.6864468779946029
d077.5-v17.75,17.75,77.5,0.5564380130109283
d077.5-v18.25,18.25,77.5,0.4462194830790112
d077.5-v18.75,18.75,77.5,0.3539854890176556
d077.5-v19.25,19.25,77.5,0.2777855375740878
d077.5-v19.75,19.75,77.5,0.2156264348133847
d077.5-v20.25,20.25,77.5,0.1655551096526187
d077.5-v20.75,20.75,77.5,0.12572180201105576
d077.5-v21.25,21.25,77.5,0.09442446498822141
d077.5-v21.75,21.75,77.5,0.07013621125608295
d077.5-v22.25,22.25,77.5,0.051518272881047954
d077.5-v22.75,22.75,77.5,0.0374212650227059
d077.5-v23.25,23.25,77.5,0.02687759392395463
d077.5-v23.75,23.75,77.5,0.019087687997784798
d077.5-v24.25,24.25,77.5,0.01340242173454386
d077.5-v24.75,24.75,77.5,0.009303706940265586
d082.5-v03.25,3.25,82.5,2.3613778072650486
d082.5-v03.75,3.75,82.5,2.7880566917695133
d082.5-v04.25,4.25,82.5,3.1949607882007736
d082.5-v04.75,4.75,82.5,3.571888375153036
d082.5-v05.25,5.25,82.5,3.909670705618616
d082.5-v05.75,5.75,82.5,4.200407355916124
d082.5-v06.25,6.25,82.5,4.437690917291756
d082.5-v06.75,6.75,82.5,4.616794365662452
d082.5-v07.25,7.25,82.5,4.734802055835944
d082.5-v07.75,7.75,82.5,4.790671581761042
d082.5-v08.25,8.25,82.5,4.785219645954891
d082.5-v08.75,8.75,82.5,4.7210307987256765
d082.5-v09.25,9.25,82.5,4.602293329048048
d082.5-v09.75,9.75,82.5,4.434571463317215
d082.5-v10.25,10.25,82.5,4.224527069051925
d082.5-v10.75,10.75,82.5,3.979607011229804
d082.5-v11.25,11.25,82.5,3.707713986858653
d082.5-v11.75,11.75,82.5,3.4168789878731953
d082.5-v12.25,12.25,82.5,3.1149525463294294
d082.5-v12.75,12.75,82.5,2.8093297428076838
d082.5-v13.25,13.25,82.5,2.506720847592986
d082.5-v13.75,13.75,82.5,2.212975722133048
d082.5-v14.25,14.25,82.5,1.9329660791136538
d082.5-v14.75,14.75,82.5,1.6705257277472993
d082.5-v15.25,15.25,82.5,1.4284453285658725
d082.5-v15.75,15.75,82.5,1.2085152010122955
d082.5-v16.25,16.25,82.5,1.0116075399849012
d082.5-v16.75,16.75,82.5,0.8377880883312665
d082.5-v17.25,17.25,82.5,0.6864468779946029
d082.5-v17.75,17.75,82.5,0.5564380130109283
d082.5-v18.25,18.25,82.5,0.4462194830790112
d082.5-v18.75,18.75,82.5,0.3539854890176556
d082.5-v19.25,19.25,82.5,0.2777855375740878
d082.5-v19.75,19.75,82.5,0.2156264348133847
d082.5-v20.25,20.25,82.5,0.1655551096526187
d082.5-v20.75,20.75,82.5,0.12572180201105576
d082.5-v21.25,21.25,82.5,0.09442446498822141
d082.5-v21.75,21.75,82.5,0.07013621125608295
d082.5-v22.25,22.25,82.5,0.051518272881047954
d082.5-v22.75,22.75,82.5,0.0374212650227059
d082.5-v23.25,23.25,82.5,0.02687759392395463
d082.5-v23.75,23.75,82.5,0.019087687997784798
d082.5-v24.25,24.25,82.5,0.01340242173454386
d082.5-v24.75,24.75,82.5,0.009303706940265586
d087.5-v03.25,3.25,87.5,2.3613778072650486
d087.5-v03.75,3.75,87.5,2.7880566917695133
d087.5-v04.25,4.25,87.5,3.1949607882007736
d087.5-v04.75,4.75,87.5,3.571888375153036
d087.5-v05.25,5.25,87.5,3.909670705618616
d087.5-v05.75,5.75,87.5,4.200407355916124
d087.5-v06.25,6.25,87.5,4.437690917291756
d087.5-v06.75,6.75,87.5,4.616794365662452
d087.5-v07.25,7.25,87.5,4.734802055835944
d087.5-v07.75,7.75,87.5,4.790671581761042
d087.5-v08.25,8.25,87.5,4.785219645954891
d087.5-v08.75,8.75,87.5,4.7210307987256765
d087.5-v09.25,9.25,87.5,4.602293329048048
d087.5-v09.75,9.75,87.5,4.434571463317215
d087.5-v10.25,10.25,87.5,4.224527069051925
d087.5-v10.75,10.75,87.5,3.979607011229804
d087.5-v11.25,11.25,87.5,3.707713986858653
d087.5-v11.75,11.75,87.5,3.4168789878731953
d087.5-v12.25,12.25,87.5,3.1149525463294294
d087.5-v12.75,12.75,87.5,2.8093297428076838
d087.5-v13.25,13.25,87.5,2.506720847592986
d087.5-v13.75,13.75,87.5,2.212975722133048
d087.5-v14.25,14.25,87.5,1.9329660791136538
d087.5-v14.75,14.75,87.5,1.6705257277472993
d087.5-v15.25,15.25,87.5,1.4284453285658725
d087.5-v15.75,15.75,87.5,1.2085152010122955
d087.5-v16.25,16.25,87.5,1.0116075399849012
d087.5-v16.75,16.75,87.5,0.8377880883312665
d087.5-v17.25,17.25,87.5,0.6864468779946029
d087.5-v17.75,17.75,87.5,0.5564380130109283
d087.5-v18.25,18.25,87.5,0.4462194830790112
d087.5-v18.75,18.75,87.5,0.3539854890176556
d087.5-v19.25,19.25,87.5,0.2777855375740878
d087.5-v19.75,19.75,87.5,0.2156264348133847
d087.5-v20.25,20.25,87.5,0.1655551096526187
d087.5-v20.75,20.75,87.5,0.12572180201105576
d087.5-v21.25,21.25,87.5,0.09442446498822141
d087.5-v21.75,21.75,87.5,0.07013621125608295
d087.5-v22.25,22.25,87.5,0.051518272881047954
d087.5-v22.75,22.75,87.5,0.0374212650227059
d087.5-v23.25,23.25,87.5,0.02687759392395463
d087.5-v23.75,23.75,87.5,0.019087687997784798
d087.5-v24.25,24.25,87.5,0.01340242173454386
d087.5-v24.75,24.75,87.5,0.009303706940265586
d092.5-v03.25,3.25,92.5,2.2963136414969885
d092.5-v03.75,3.75,92.5,2.610977950233303
d092.5-v04.25,4.25,92.5,2.8910588292211923
d092.5-v04.75,4.75,92.5,3.131384209751713
d092.5-v05.25,5.25,92.5,3.3280540195084827
d092.5-v05.75,5.75,92.5,3.4784899528658237
d092.5-v06.25,6.25,92.5,3.581450224894881
d092.5-v06.75,6.75,92.5,3.6370024406672568
d092.5-v07.25,7.25,92.5,3.6464531582838475
d092.5-v07.75,7.75,92.5,3.61223663404452
d092.5-v08.25,8.25,92.5,3.5377681613979313
d092.5-v08.75,8.75,92.5,3.4272695381560196
d092.5-v09.25,9.25,92.5,3.2855755781791625
d092.5-v09.75,9.75,92.5,3.117931253253246
d092.5-v10.25,10.25,92.5,2.9297890478549364
d092.5-v10.75,10.75,92.5,2.7266155001390433
d092.5-v11.25,11.25,92.5,2.513714782250924
d092.5-v11.75,11.75,92.5,2.2960756621214906
d092.5-v12.25,12.25,92.5,2.0782464233569846
d092.5-v12.75,12.75,92.5,1.8642404411619695
d092.5-v13.25,13.25,92.5,1.6574732563629013
d092.5-v13.75,13.75,92.5,1.4607302771243638
d092.5-v14.25,14.25,92.5,1.2761627663398896
d092.5-v14.75,14.75,92.5,1.1053086111358654
d092.5-v15.25,15.25,92.5,0.9491335581555933
d092.5-v15.75,15.75,92.5,0.8080881430820874
d092.5-v16.25,16.25,92.5,0.6821754271396926
d092.5-v16.75,16.75,92.5,0.5710248371027802
d092.5-v17.25,17.25,92.5,0.4739678328791091
d092.5-v17.75,17.75,92.5,0.3901117331473165
d092.5-v18.25,18.25,92.5,0.3184087472314969
d092.5-v18.75,18.75,92.5,0.25771802581360326
d092.5-v19.25,19.25,92.5,0.20685929715750218
d092.5-v19.75,19.75,92.5,0.16465735286978922
d092.5-v20.25,20.25,92.5,0.12997725385440195
d092.5-v20.75,20.75,92.5,0.10175062178777318
d092.5-v21.25,21.25,92.5,0.07899375488225961
d092.5-v21.75,21.75,92.5,0.06081856000785908
d092.5-v22.25,22.25,92.5,0.04643743567901148
d092.5-v22.75,22.75,92.5,0.035163287032059065
d092.5-v23.25,23.25,92.5,0.026405823158241356
d092.5-v23.75,23.75,92.5,0.019665198692059137
d092.5-v24.25,24.25,92.5,0.01452393452382816
d092.5-v24.75,24.75,92.5,0.010637904182989294
d097.5-v03.25,3.25,97.5,2.2963136414969885
d097.5-v03.75,3.75,97.5,2.610977950233303
d097.5-v04.25,4.25,97.5,2.8910588292211923
d097.5-v04.75,4.75,97.5,3.131384209751713
d097.5-v05.25,5.25,97.5,3.3280540195084827
d097.5-v05.75,5.75,97.5,3.4784899528658237
d097.5-v06.25,6.25,97.5,3.581450224894881
d097.5-v06.75,6.75,97.5,3.6370024406672568
d097.5-v07.25,7.25,97.5,3.6464531582838475
d097.5-v07.75,7.75,97.5,3.61223663404452
d097.5-v08.25,8.25,97.5,3.5377681613979313
d097.5-v08.75,8.75,97.5,3.4272695381560196
d097.5-v09.25,9.25,97.5,3.2855755781791625
d097.5-v09.75,9.75,97.5,3.117931253253246
d097.5-v10.25,10.25,97.5,2.9297890478549364
d097.5-v10.75,10.75,97.5,2.7266155001390433
d097.5-v11.25,11.25,97.5,2.513714782250924
d097.5-v11.75,11.75,97.5,2.2960756621214906
d097.5-v12.25,12.25,97.5,2.0782464233569846
d097.5-v12.75,12.75,97.5,1.8642404411619695
d097.5-v13.25,13.25,97.5,1.6574732563629013
d097.5-v13.75,13.75,97.5,1.4607302771243638
d097.5-v14.25,14.25,97.5,1.2761627663398896
d097.5-v14.75,14.75,97.5,1.1053086111358654
d097.5-v15.25,15.25,97.5,0.9491335581555933
d097.5-v15.75,15.75,97.5,0.8080881430820874
d097.5-v16.25,16.25,97.5,0.6821754271396926
d097.5-v16.75,16.75,97.5,0.5710248371027802
d097.5-v17.25,17.25,97.5,0.4739678328791091
d097.5-v17.75,17.75,97.5,0.3901117331473165
d097.5-v18.25,18.25,97.5,0.3184087472314969
d097.5-v18.75,18.75,97.5,0.25771802581360326
d097.5-v19.25,19.25,97.5,0.20685929715750218
d097.5-v19.75,19.75,97.5,0.16465735286978922
d097.5-v20.25,20.25,97.5,0.12997725385440195
d097.5-v20.75,20.75,97.5,0.10175062178777318
d097.5-v21.25,21.25,97.5,0.07899375488225961
d097.5-v21.75,21.75,97.5,0.06081856000785908
d097.5-v22.25,22.25,97.5,0.04643743567901148
d097.5-v22.75,22.75,97.5,0.035163287032059065
d097.5-v23.25,23.25,97.5,0.026405823158241356
d097.5-v23.75,23.75,97.5,0.019665198692059137
d097.5-v24.25,24.25,97.5,0.01452393452382816
d097.5-v24.75,24.75,97.5,0.010637904182989294
d102.5-v03.25,3.25,102.5,2.2963136414969885
d102.5-v03.75,3.75,102.5,2.610977950233303
d102.5-v04.25,4.25,102.5,2.8910588292211923
d102.5-v04.75,4.75,102.5,3.131384209751713
d102.5-v05.25,5.25,102.5,3.3280540195084827
d102.5-v05.75,5.75,102.5,3.4784899528658237
d102.5-v06.25,6.25,102.5,3.581450224894881
d102.5-v06.75,6.75,102.5,3.6370024406672568
d102.5-v07.25,7.25,102.5,3.6464531582838475
d102.5-v07.75,7.75,102.5,3.61223663404452
d102.5-v08.25,8.25,102.5,3.5377681613979313
d102.5-v08.75,8.75,102.5,3.4272695381560196
d102.5-v09.25,9.25,102.5,3.2855755781791625
d102.5-v09.75,9.75,102.5,3.117931253253246
d102.5-v10.25,10.25,102.5,2.9297890478549364
d102.5-v10.75,10.75,102.5,2.7266155001390433
d102.5-v11.25,11.25,102.5,2.513714782250924
d102.5-v11.75,11.75,102.5,2.2960756621214906
d102.5-v12.25,12.25,102.5,2.0782464233569846
d102.5-v12.75,12.75,102.5,1.8642404411619695
d102.5-v13.25,13.25,102.5,1.6574732563629013
d102.5-v13.75,13.75,102.5,1.4607302771243638
d102.5-v14.25,14.25,102.5,1.2761627663398896
d102.5-v14.75,14.75,102.5,1.1053086111358654
d102.5-v15.25,15.25,102.5,0.9491335581555933
d102.5-v15.75,15.75,102.5,0.8080881430820874
d102.5-v16.25,16.25,102.5,0.6821754271396926
d102.5-v16.75,16.75,102.5,0.5710248371027802
d102.5-v17.25,17.25,102.5,0.4739678328791091
d102.5-v17.75,17.75,102.5,0.3901117331473165
d102.5-v18.25,18.25,102.5,0.3184087472314969
d102.5-v18.75,18.75,102.5,0.25771802581360326
d102.5-v19.25,19.25,102.5,0.20685929715750218
d102.5-v19.75,19.75,102.5,0.16465735286978922
d102.5-v20.25,20.25,102.5,0.12997725385440195
d102.5-v20.75,20.75,102.5,0.10175062178777318
d102.5-v21.25,21.25,102.5,0.07899375488225961
d102.5-v21.75,21.75,102.5,0.06081856000785908
d102.5-v22.25,22.25,102.5,0.04643743567901148
d102.5-v22.75,22.75,102.5,0.035163287032059065
d102.5-v23.25,23.25,102.5,0.026405823158241356
d102.5-v23.75,23.75,102.5,0.019665198692059137
d102.5-v24.25,24.25,102.5,0.01452393452382816
d102.5-v24.75,24.75,102.5,0.010637904182989294
d107.5-v03.25,3.25,107.5,2.2963136414969885
d107.5-v03.75,3.75,107.5,2.610977950233303
d107.5-v04.25,4.25,107.5,2.8910588292211923
d107.5-v04.75,4.75,107.5,3.131384209751713
d107.5-v05.25,5.25,107.5,3.3280540195084827
d107.5-v05.75,5.75,107.5,3.4784899528658237
d107.5-v06.25,6.25,107.5,3.581450224894881
d107.5-v06.75,6.75,107.5,3.6370024406672568
d107.5-v07.25,7.25,107.5,3.6464531582838475
d107.5-v07.75,7.75,107.5,3.61223663404452
d107.5-v08.25,8.25,107.5,3.5377681613979313
d107.5-v08.75,8.75,107.5,3.4272695381560196
d107.5-v09.25,9.25,107.5,3.2855755781791625
d107.5-v09.75,9.75,107.5,3.117931253253246
d107.5-v10.25,10.25,107.5,2.9297890478549364
d107.5-v10.75,10.75,107.5,2.7266155001390433
d107.5-v11.25,11.25,107.5,2.513714782250924
d107.5-v11.75,11.75,107.5,2.2960756621214906
d107.5-v12.25,12.25,107.5,2.0782464233569846
d107.5-v12.75,12.75,107.5,1.8642404411619695
d107.5-v13.25,13.25,107.5,1.6574732563629013
d107.5-v13.75,13.75,107.5,1.4607302771243638
d107.5-v14.25,14.25,107.5,1.2761627663398896
d107.5-v14.75,14.75,107.5,1.1053086111358654
d107.5-v15.25,15.25,107.5,0.9491335581555933
d107.5-v15.75,15.75,107.5,0.8080881430820874
d107.5-v16.25,16.25,107.5,0.6821754271396926
d107.5-v16.75,16.75,107.5,0.5710248371027802
d107.5-v17.25,17.25,107.5,0.4739678328791091
d107.5-v17.75,17.75,107.5,0.3901117331473165
d107.5-v18.25,18.25,107.5,0.3184087472314969
d107.5-v18.75,18.75,107.5,0.25771802581360326
d107.5-v19.25,19.25,107.5,0.20685929715750218
d107.5-v19.75,19.75,107.5,0.16465735286978922
d107.5-v20.25,20.25,107.5,0.12997725385440195
d107.5-v20.75,20.75,107.5,0.10175062178777318
d107.5-v21.25,21.25,107.5,0.07899375488225961
d107.5-v21.75,21.75,107.5,0.06081856000785908
d107.5-v22.25,22.25,107.5,0.04643743567901148
d107.5-v22.75,22.75,107.5,0.035163287032059065
d107.5-v23.25,23.25,107.5,0.026405823158241356
d107.5-v23.75,23.75,107.5,0.019665198692059137
d107.5-v24.25,24.25,107.5,0.01452393452382816
d107.5-v24.75,24.75,107.5,0.010637904182989294
d112.5-v03.25,3.25,112.5,2.2963136414969885
d112.5-v03.75,3.75,112.5,2.610977950233303
d112.5-v04.25,4.25,112.5,2.8910588292211923
d112.5-v04.75,4.75,112.5,3.131384209751713
d112.5-v05.25,5.25,112.5,3.3280540195084827
d112.5-v05.75,5.75,112.5,3.4784899528658237
d112.5-v06.25,6.25,112.5,3.581450224894881
d112.5-v06.75,6.75,112.5,3.6370024406672568
d112.5-v07.25,7.25,112.5,3.6464531582838475
d112.5-v07.75,7.75,112.5,3.61223663404452
d112.5-v08.25,8.25,112.5,3.5377681613979313
d112.5-v08.75,8.75,112.5,3.4272695381560196
d112.5-v09.25,9.25,112.5,3.2855755781791625
d112.5-v09.75,9.75,112.5,3.117931253253246
d112.5-v10.25,10.25,112.5,2.9297890478549364
d112.5-v10.75,10.75,112.5,2.7266155001390433
d112.5-v11.25,11.25,112.5,2.513714782250924
d112.5-v11.75,11.75,112.5,2.2960756621214906
d112.5-v12.25,12.25,112.5,2.0782464233569846
d112.5-v12.75,12.75,112.5,1.8642404411619695
d112.5-v13.25,13.25,112.5,1.6574732563629013
d112.5-v13.75,13.75,112.5,1.4607302771243638
d112.5-v14.25,14.25,112.5,1.2761627663398896
d112.5-v14.75,14.75,112.5,1.1053086111358654
d112.5-v15.25,15.25,112.5,0.9491335581555933
d112.5-v15.75,15.75,112.5,0.8080881430820874
d112.5-v16.25,16.25,112.5,0.6821754271396926
d112.5-v16.75,16.75,112.5,0.5710248371027802
d112.5-v17.25,17.25,112.5,0.4739678328791091
d112.5-v17.75,17.75,112.5,0.3901117331473165
d112.5-v18.25,18.25,112.5,0.3184087472314969
d112.5-v18.75,18.75,112.5,0.25771802581360326
d112.5-v19.25,19.25,112.5,0.20685929715750218
d112.5-v19.75,19.75,112.5,0.16465735286978922
d112.5-v20.25,20.25,112.5,0.12997725385440195
d112.5-v20.75,20.75,112.5,0.10175062178777318
d112.5-v21.25,21.25,112.5,0.07899375488225961
d112.5-v21.75,21.75,112.5,0.06081856000785908
d112.5-v22.25,22.25,112.5,0.04643743567901148
d112.5-v22.75,22.75,112.5,0.035163287032059065
d112.5-v23.25,23.25,112.5,0.026405823158241356
d112.5-v23.75,23.75,112.5,0.019665198692059137
d112.5-v24.25,24.25,112.5,0.01452393452382816
d112.5-v24.75,24.75,112.5,0.010637904182989294
d117.5-v03.25,3.25,117.5,2.2963136414969885
d117.5-v03.75,3.75,117.5,2.610977950233303
d117.5-v04.25,4.25,117.5,2.8910588292211923
d117.5-v04.75,4.75,117.5,3.131384209751713
d117.5-v05.25,5.25,117.5,3.3280540195084827
d117.5-v05.75,5.75,117.5,3.4784899528658237
d117.5-v06.25,6.25,117.5,3.581450224894881
d117.5-v06.75,6.75,117.5,3.6370024406672568
d117.5-v07.25,7.25,117.5,3.6464531582838475
d117.5-v07.75,7.75,117.5,3.61223663404452
d117.5-v08.25,8.25,117.5,3.5377681613979313
d117.5-v08.75,8.75,117.5,3.4272695381560196
d117.5-v09.25,9.25,117.5,3.2855755781791625
d117.5-v09.75,9.75,117.5,3.117931253253246
d117.5-v10.25,10.25,117.5,2.9297890478549364
d117.5-v10.75,10.75,117.5,2.7266155001390433
d117.5-v11.25,11.25,117.5,2.513714782250924
d117.5-v11.75,11.75,117.5,2.2960756621214906
d117.5-v12.25,12.25,117.5,2.0782464233569846
d117.5-v12.75,12.75,117.5,1.8642404411619695
d117.5-v13.25,13.25,117.5,1.6574732563629013
d117.5-v13.75,13.75,117.5,1.4607302771243638
d117.5-v14.25,14.25,117.5,1.2761627663398896
d117.5-v14.75,14.75,117.5,1.1053086111358654
d117.5-v15.25,15.25,117.5,0.9491335581555933
d117.5-v15.75,15.75,117.5,0.8080881430820874
d117.5-v16.25,16.25,117.5,0.6821754271396926
d117.5-v16.75,16.75,117.5,0.5710248371027802
d117.5-v17.25,17.25,117.5,0.4739678328791091
d117.5-v17.75,17.75,117.5,0.3901117331473165
d117.5-v18.25,18.25,117.5,0.3184087472314969
d117.5-v18.75,18.75,117.5,0.25771802581360326
d117.5-v19.25,19.25,117.5,0.20685929715750218
d117.5-v19.75,19.75,117.5,0.16465735286978922
d117.5-v20.25,20.25,117.5,0.12997725385440195
d117.5-v20.75,20.75,117.5,0.10175062178777318
d117.5-v21.25,21.25,117.5,0.07899375488225961
d117.5-v21.75,21.75,117.5,0.06081856000785908
d117.5-v22.25,22.25,117.5,0.04643743567901148
d117.5-v22.75,22.75,117.5,0.035163287032059065
d117.5-v23.25,23.25,117.5,0.026405823158241356
d117.5-v23.75,23.75,117.5,0.019665198692059137
d117.5-v24.25,24.25,117.5,0.01452393452382816
d117.5-v24.75,24.75,117.5,0.010637904182989294
d122.5-v03.25,3.25,122.5,2.1419540033383773
d122.5-v03.75,3.75,122.5,2.3915325063422084
d122.5-v04.25,4.25,122.5,2.604585924049136
d122.5-v04.75,4.75,122.5,2.7784647972634446
d122.5-v05.25,5.25,122.5,2.911621402083971
d122.5-v05.75,5.75,122.5,3.003594841904685
d122.5-v06.25,6.25,122.5,3.0549628925030023
d122.5-v06.75,6.75,122.5,3.067261862742803
d122.5-v07.25,7.25,122.5,3.042878275897485
d122.5-v07.75,7.75,122.5,2.9849178694152676
d122.5-v08.25,8.25,122.5,2.897058464020872
d122.5-v08.75,8.75,122.5,2.7833937596410583
d122.5-v09.25,9.25,122.5,2.648275137683393
d122.5-v09.75,9.75,122.5,2.4961581486514812
d122.5-v10.25,10.25,122.5,2.331459612969087
d122.5-v10.75,10.75,122.5,2.1584302439466336
d122.5-v11.25,11.25,122.5,1.9810465048482622
d122.5-v11.75,11.75,122.5,1.8029241283812678
d122.5-v12.25,12.25,122.5,1.6272544437158951
d122.5-v12.75,12.75,122.5,1.456763450794405
d122.5-v13.25,13.25,122.5,1.2936925177292276
d122.5-v13.75,13.75,122.5,1.1397987012982145
d122.5-v14.25,14.25,122.5,0.9963720316602915
d122.5-v14.75,14.75,122.5,0.8642666713665113
d122.5-v15.25,15.25,122.5,0.7439426501919019
d122.5-v15.75,15.75,122.5,0.6355148722350781
d122.5-v16.25,16.25,122.5,0.5388062606780835
d122.5-v16.75,16.75,122.5,0.45340221228799554
d122.5-v17.25,17.25,122.5,0.37870393864846497
d122.5-v17.75,17.75,122.5,0.31397873473120497
d122.5-v18.25,18.25,122.5,0.2584057010341347
d122.5-v18.75,18.75,122.5,0.21111592127230305
d122.5-v19.25,19.25,122.5,0.17122653789777512
d122.5-v19.75,19.75,122.5,0.13786855383021046
d122.5-v20.25,20.25,122.5,0.11020850890795726
d122.5-v20.75,20.75,122.5,0.0874644283511084
d122.5-v21.25,21.25,122.5,0.0689166181357487
d122.5-v21.75,21.75,122.5,0.053913993209423534
d122.5-v22.25,22.25,122.5,0.041876676727208954
d122.5-v22.75,22.75,122.5,0.032295611749836424
d122.5-v23.25,23.25,122.5,0.024729891814499586
d122.5-v23.75,23.75,122.5,0.0188024541347724
d122.5-v24.25,24.25,122.5,0.014194698842883362
d122.5-v24.75,24.75,122.5,0.010640508350117768
d127.5-v03.25,3.25,127.5,2.1419540033383773
d127.5-v03.75,3.75,127.5,2.3915325063422084
d127.5-v04.25,4.25,127.5,2.604585924049136
d127.5-v04.75,4.75,127.5,2.7784647972634446
d127.5-v05.25,5.25,127.5,2.911621402083971
d127.5-v05.75,5.75,127.5,3.003594841904685
d127.5-v06.25,6.25,127.5,3.0549628925030023
d127.5-v06.75,6.75,127.5,3.067261862742803
d127.5-v07.25,7.25,127.5,3.042878275897485
d127.5-v07.75,7.75,127.5,2.9849178694152676
d127.5-v08.25,8.25,127.5,2.897058464020872
d127.5-v08.75,8.75,127.5,2.7833937596410583
d127.5-v09.25,9.25,127.5,2.648275137683393
d127.5-v09.75,9.75,127.5,2.4961581486514812
d127.5-v10.25,10.25,127.5,2.331459612969087
d127.5-v10.75,10.75,127.5,2.1584302439466336
d127.5-v11.25,11.25,127.5,1.9810465048482622
d127.5-v11.75,11.75,127.5,1.8029241283812678
d127.5-v12.25,12.25,127.5,1.6272544437158951
d127.5-v12.75,12.75,127.5,1.456763450794405
d127.5-v13.25,13.25,127.5,1.2936925177292276
d127.5-v13.75,13.75,127.5,1.1397987012982145
d127.5-v14.25,14.25,127.5,0.9963720316602915
d127.5-v14.75,14.75,127.5,0.8642666713665113
d127.5-v15.25,15.25,127.5,0.7439426501919019
d127.5-v15.75,15.75,127.5,0.6355148722350781
d127.5-v16.25,16.25,127.5,0.5388062606780835
d127.5-v16.75,16.75,127.5,0.45340221228799554
d127.5-v17.25,17.25,127.5,0.37870393864846497
d127.5-v17.75,17.75,127.5,0.31397873473120497
d127.5-v18.25,18.25,127.5,0.2584057010341347
d127.5-v18.75,18.75,127.5,0.21111592127230305
d127.5-v19.25,19.25,127.5,0.17122653789777512
d127.5-v19.75,19.75,127.5,0.13786855383021046
d127.5-v20.25,20.25,127.5,0.11020850890795726
d127.5-v20.75,20.75,127.5,0.0874644283511084
d127.5-v21.25,21.25,127.5,0.0689166181357487
d127.5-v21.75,21.75,127.5,0.053913993209423534
d127.5-v22.25,22.25,127.5,0.041876676727208954
d127.5-v22.75,22.75,127.5,0.032295611749836424
d127.5-v23.25,23.25,127.5,0.024729891814499586
d127.5-v23.75,23.75,127.5,0.0188024541347724
d127.5-v24.25,24.25,127.5,0.014194698842883362
d127.5-v24.75,24.75,127.5,0.010640508350117768
d132.5-v03.25,3.25,132.5,2.1419540033383773
d132.5-v03.75,3.75,132.5,2.3915325063422084
d132.5-v04.25,4.25,132.5,2.604585924049136
d132.5-v04.75,4.75,132.5,2.7784647972634446
d132.5-v05.25,5.25,132.5,2.911621402083971
d132.5-v05.75,5.75,132.5,3.003594841904685
d132.5-v06.25,6.25,132.5,3.0549628925030023
d132.5-v06.75,6.75,132.5,3.067261862742803
d132.5-v07.25,7.25,132.5,3.042878275897485
d132.5-v07.75,7.75,132.5,2.9849178694152676
d132.5-v08.25,8.25,132.5,2.897058464020872
d132.5-v08.75,8.75,132.5,2.7833937596410583
d132.5-v09.25,9.25,132.5,2.648275137683393
d132.5-v09.75,9.75,132.5,2.4961581486514812
d132.5-v10.25,10.25,132.5,2.331459612969087
d132.5-v10.75,10.75,132.5,2.1584302439466336
d132.5-v11.25,11.25,132.5,1.9810465048482622
d132.5-v11.75,11.75,132.5,1.8029241283812678
d132.5-v12.25,12.25,132.5,1.6272544437158951
d132.5-v12.75,12.75,132.5,1.456763450794405
d132.5-v13.25,13.25,132.5,1.2936925177292276
d132.5-v13.75,13.75,132.5,1.1397987012982145
d132.5-v14.25,14.25,132.5,0.9963720316602915
d132.5-v14.75,14.75,132.5,0.8642666713665113
d132.5-v15.25,15.25,132.5,0.7439426501919019
d132.5-v15.75,15.75,132.5,0.6355148722350781
d132.5-v16.25,16.25,132.5,0.5388062606780835
d132.5-v16.75,16.75,132.5,0.45340221228799554
d132.5-v17.25,17.25,132.5,0.37870393864846497
d132.5-v17.75,17.75,132.5,0.31397873473120497
d132.5-v18.25,18.25,132.5,0.2584057010341347
d132.5-v18.75,18.75,132.5,0.21111592127230305
d132.5-v19.25,19.25,132.5,0.17122653789777512
d132.5-v19.75,19.75,132.5,0.13786855383021046
d132.5-v20.25,20.25,132.5,0.11020850890795726
d132.5-v20.75,20.75,132.5,0.0874644283511084
d132.5-v21.25,21.25,132.5,0.0689166181357487
d132.5-v21.75,21.75,132.5,0.053913993209423534
d132.5-v22.25,22.25,132.5,0.041876676727208954
d132.5-v22.75,22.75,132.5,0.032295611749836424
d132.5-v23.25,23.25,132.5,0.024729891814499586
d132.5-v23.75,23.75,132.5,0.0188024541347724
d132.5-v24.25,24.25,132.5,0.014194698842883362
d132.5-v24.75,24.75,132.5,0.010640508350117768
d137.5-v03.25,3.25,137.5,2.1419540033383773
d137.5-v03.75,3.75,137.5,2.3915325063422084
d137.5-v04.25,4.25,137.5,2.604585924049136
d137.5-v04.75,4.75,137.5,2.7784647972634446
d137.5-v05.25,5.25,137.5,2.911621402083971
d137.5-v05.75,5.75,137.5,3.003594841904685
d137.5-v06.25,6.25,137.5,3.0549628925030023
d137.5-v06.75,6.75,137.5,3.067261862742803
d137.5-v07.25,7.25,137.5,3.042878275897485
d137.5-v07.75,7.75,137.5,2.9849178694152676
d137.5-v08.25,8.25,137.5,2.897058464020872
d137.5-v08.75,8.75,137.5,2.7833937596410583
d137.5-v09.25,9.25,137.5,2.648275137683393
d137.5-v09.75,9.75,137.5,2.4961581486514812
d137.5-v10.25,10.25,137.5,2.331459612969087
d137.5-v10.75,10.75,137.5,2.1584302439466336
d137.5-v11.25,11.25,137.5,1.9810465048482622
d137.5-v11.75,11.75,137.5,1.8029241283812678
d137.5-v12.25,12.25,137.5,1.6272544437158951
d137.5-v12.75,12.75,137.5,1.456763450794405
d137.5-v13.25,13.25,137.5,1.2936925177292276
d137.5-v13.75,13.75,137.5,1.1397987012982145
d137.5-v14.25,14.25,137.5,0.9963720316602915
d137.5-v14.75,14.75,137.5,0.8642666713665113
d137.5-v15.25,15.25,137.5,0.7439426501919019
d137.5-v15.75,15.75,137.5,0.6355148722350781
d137.5-v16.25,16.25,137.5,0.5388062606780835
d137.5-v16.75,16.75,137.5,0.45340221228799554
d137.5-v17.25,17.25,137.5,0.37870393864846497
d137.5-v17.75,17.75,137.5,0.31397873473120497
d137.5-v18.25,18.25,137.5,0.2584057010341347
d137.5-v18.75,18.75,137.5,0.21111592127230305
d137.5-v19.25,19.25,137.5,0.17122653789777512
d137.5-v19.75,19.75,137.5,0.13786855383021046
d137.5-v20.25,20.25,137.5,0.11020850890795726
d137.5-v20.75,20.75,137.5,0.0874644283511084
d137.5-v21.25,21.25,137.5,0.0689166181357487
d137.5-v21.75,21.75,137.5,0.053913993209423534
d137.5-v22.25,22.25,137.5,0.041876676727208954
d137.5-v22.75,22.75,137.5,0.032295611749836424
d137.5-v23.25,23.25,137.5,0.024729891814499586
d137.5-v23.75,23.75,137.5,0.0188024541347724
d137.5-v24.25,24.25,137.5,0.014194698842883362
d137.5-v24.75,24.75,137.5,0.010640508350117768
d142.5-v03.25,3.25,142.5,2.1419540033383773
d142.5-v03.75,3.75,142.5,2.3915325063422084
d142.5-v04.25,4.25,142.5,2.604585924049136
d142.5-v04.75,4.75,142.5,2.7784647972634446
d142.5-v05.25,5.25,142.5,2.911621402083971
d142.5-v05.75,5.75,142.5,3.003594841904685
d142.5-v06.25,6.25,142.5,3.0549628925030023
d142.5-v06.75,6.75,142.5,3.067261862742803
d142.5-v07.25,7.25,142.5,3.042878275897485
d142.5-v07.75,7.75,142.5,2.9849178694152676
d142.5-v08.25,8.25,142.5,2.897058464020872
d142.5-v08.75,8.75,142.5,2.7833937596410583
d142.5-v09.25,9.25,142.5,2.648275137683393
d142.5-v09.75,9.75,142.5,2.4961581486514812
d142.5-v10.25,10.25,142.5,2.331459612969087
d142.5-v10.75,10.75,142.5,2.1584302439466336
d142.5-v11.25,11.25,142.5,1.9810465048482622
d142.5-v11.75,11.75,142.5,1.8029241283812678
d142.5-v12.25,12.25,142.5,1.6272544437158951
d142.5-v12.75,12.75,142.5,1.456763450794405
d142.5-v13.25,13.25,142.5,1.2936925177292276
d142.5-v13.75,13.75,142.5,1.1397987012982145
d142.5-v14.25,14.25,142.5,0.9963720316602915
d142.5-v14.75,14.75,142.5,0.8642666713665113
d142.5-v15.25,15.25,142.5,0.7439426501919019
d142.5-v15.75,15.75,142.5,0.6355148722350781
d142.5-v16.25,16.25,142.5,0.5388062606780835
d142.5-v16.75,16.75,142.5,0.45340221228799554
d142.5-v17.25,17.25,142.5,0.37870393864846497
d142.5-v17.75,17.75,142.5,0.31397873473120497
d142.5-v18.25,18.25,142.5,0.2584057010341347
d142.5-v18.75,18.75,142.5,0.21111592127230305
d142.5-v19.25,19.25,142.5,0.17122653789777512
d142.5-v19.75,19.75,142.5,0.13786855383021046
d142.5-v20.25,20.25,142.5,0.11020850890795726
d142.5-v20.75,20.75,142.5,0.0874644283511084
d142.5-v21.25,21.25,142.5,0.0689166181357487
d142.5-v21.75,21.75,142.5,0.053913993209423534
d142.5-v22.25,22.25,142.5,0.041876676727208954
d142.5-v22.75,22.75,142.5,0.032295611749836424
d142.5-v23.25,23.25,142.5,0.024729891814499586
d142.5-v23.75,23.75,142.5,0.0188024541347724
d142.5-v24.25,24.25,142.5,0.014194698842883362
d142.5-v24.75,24.75,142.5,0.010640508350117768
d147.5-v03.25,3.25,147.5,2.1419540033383773
d147.5-v03.75,3.75,147.5,2.3915325063422084
d147.5-v04.25,4.25,147.5,2.604585924049136
d147.5-v04.75,4.75,147.5,2.7784647972634446
d147.5-v05.25,5.25,147.5,2.911621402083971
d147.5-v05.75,5.75,147.5,3.003594841904685
d147.5-v06.25,6.25,147.5,3.0549628925030023
d147.5-v06.75,6.75,147.5,3.067261862742803
d147.5-v07.25,7.25,147.5,3.042878275897485
d147.5-v07.75,7.75,147.5,2.9849178694152676
d147.5-v08.25,8.25,147.5,2.897058464020872
d147.5-v08.75,8.75,147.5,2.7833937596410583
d147.5-v09.25,9.25,147.5,2.648275137683393
d147.5-v09.75,9.75,147.5,2.4961581486514812
d147.5-v10.25,10.25,147.5,2.331459612969087
d147.5-v10.75,10.75,147.5,2.1584302439466336
d147.5-v11.25,11.25,147.5,1.9810465048482622
d147.5-v11.75,11.75,147.5,1.8029241283812678
d147.5-v12.25,12.25,147.5,1.6272544437158951
d147.5-v12.75,12.75,147.5,1.456763450794405
d147.5-v13.25,13.25,147.5,1.2936925177292276
d147.5-v13.75,13.75,147.5,1.1397987012982145
d147.5-v14.25,14.25,147.5,0.9963720316602915
d147.5-v14.75,14.75,147.5,0.8642666713665113
d147.5-v15.25,15.25,147.5,0.7439426501919019
d147.5-v15.75,15.75,147.5,0.6355148722350781
d147.5-v16.25,16.25,147.5,0.5388062606780835
d147.5-v16.75,16.75,147.5,0.45340221228799554
d147.5-v17.25,17.25,147.5,0.37870393864846497
d147.5-v17.75,17.75,147.5,0.31397873473120497
d147.5-v18.25,18.25,147.5,0.2584057010341347
d147.5-v18.75,18.75,147.5,0.21111592127230305
d147.5-v19.25,19.25,147.5,0.17122653789777512
d147.5-v19.75,19.75,147.5,0.13786855383021046
d147.5-v20.25,20.25,147.5,0.11020850890795726
d147.5-v20.75,20.75,147.5,0.0874644283511084
d147.5-v21.25,21.25,147.5,0.0689166181357487
d147.5-v21.75,21.75,147.5,0.053913993209423534
d147.5-v22.25,22.25,147.5,0.041876676727208954
d147.5-v22.75,22.75,147.5,0.032295611749836424
d147.5-v23.25,23.25,147.5,0.024729891814499586
d147.5-v23.75,23.75,147.5,0.0188024541347724
d147.5-v24.25,24.25,147.5,0.014194698842883362
d147.5-v24.75,24.75,147.5,0.010640508350117768
d152.5-v03.25,3.25,152.5,2.2302510723526168
d152.5-v03.75,3.75,152.5,2.482068227250624
d152.5-v04.25,4.25,152.5,2.7028221995212727
d152.5-v04.75,4.75,152.5,2.891057086363066
d152.5-v05.25,5.25,152.5,3.045893341758665
d152.5-v05.75,5.75,152.5,3.167030415738389
d152.5-v06.25,6.25,152.5,3.254731186121696
d152.5-v06.75,6.75,152.5,3.3097910351463824
d152.5-v07.25,7.25,152.5,3.3334940972806892
d152.5-v07.75,7.75,152.5,3.3275591411429084
d152.5-v08.25,8.25,152.5,3.294077557247698
d152.5-v08.75,8.75,152.5,3.2354459207046737
d152.5-v09.25,9.25,152.5,3.154295547467025
d152.5-v09.75,9.75,152.5,3.0534213507932333
d152.5-v10.25,10.25,152.5,2.9357121302855913
d152.5-v10.75,10.75,152.5,2.804084195525767
d152.5-v11.25,11.25,152.5,2.661419950587779
d152.5-v11.75,11.75,152.5,2.510512757629963
d152.5-v12.25,12.25,152.5,2.3540190714371483
d152.5-v12.75,12.75,152.5,2.1944185062552846
d152.5-v13.25,13.25,152.5,2.0339821747074422
d152.5-v13.75,13.75,152.5,1.8747493376626927
d152.5-v14.25,14.25,152.5,1.7185121333262443
d152.5-v14.75,14.75,152.5,1.5668079209352779
d152.5-v15.25,15.25,152.5,1.4209185842828223
d152.5-v15.75,15.75,152.5,1.281875995466579
d152.5-v16.25,16.25,152.5,1.1504727401325703
d152.5-v16.75,16.75,152.5,1.027277150414311
d152.5-v17.25,17.25,152.5,0.912651677420893
d152.5-v17.75,17.75,152.5,0.8067736568413676
d152.5-v18.25,18.25,152.5,0.7096575734099207
d152.5-v18.75,18.75,152.5,0.6211780064603067
d152.5-v19.25,19.25,152.5,0.5410925332404798
d152.5-v19.75,19.75,152.5,0.4690639728393927
d152.5-v20.25,20.25,152.5,0.40468146567327473
d152.5-v20.75,20.75,152.5,0.3474799962750483
d152.5-v21.25,21.25,152.5,0.29695807617155046
d152.5-v21.75,21.75,152.5,0.2525934053118302
d152.5-v22.25,22.25,152.5,0.21385642209771366
d152.5-v22.75,22.75,152.5,0.18022173170300157
d152.5-v23.25,23.25,152.5,0.15117746899768542
d152.5-v23.75,23.75,152.5,0.12623270568509107
d152.5-v24.25,24.25,152.5,0.10492305149786835
d152.5-v24.75,24.75,152.5,0.08681462725934978
d157.5-v03.25,3.25,157.5,2.2302510723526168
d157.5-v03.75,3.75,157.5,2.482068227250624
d157.5-v04.25,4.25,157.5,2.7028221995212727
d157.5-v04.75,4.75,157.5,2.891057086363066
d157.5-v05.25,5.25,157.5,3.045893341758665
d157.5-v05.75,5.75,157.5,3.167030415738389
d157.5-v06.25,6.25,157.5,3.254731186121696
d157.5-v06.75,6.75,157.5,3.3097910351463824
d157.5-v07.25,7.25,157.5,3.3334940972806892
d157.5-v07.75,7.75,157.5,3.3275591411429084
d157.5-v08.25,8.25,157.5,3.294077557247698
d157.5-v08.75,8.75,157.5,3.2354459207046737
d157.5-v09.25,9.25,157.5,3.154295547467025
d157.5-v09.75,9.75,157.5,3.0534213507932333
d157.5-v10.25,10.25,157.5,2.9357121302855913
d157.5-v10.75,10.75,157.5,2.804084195525767
d157.5-v11.25,11.25,157.5,2.661419950587779
d157.5-v11.75,11.75,157.5,2.510512757629963
d157.5-v12.25,12.25,157.5,2.3540190714371483
d157.5-v12.75,12.75,157.5,2.1944185062552846
d157.5-v13.25,13.25,157.5,2.0339821747074422
d157.5-v13.75,13.75,157.5,1.8747493376626927
d157.5-v14.25,14.25,157.5,1.7185121333262443
d157.5-v14.75,14.75,157.5,1.5668079209352779
d157.5-v15.25,15.25,157.5,1.4209185842828223
d157.5-v15.75,15.75,157.5,1.281875995466579
d157.5-v16.25,16.25,157.5,1.1504727401325703
d157.5-v16.75,16.75,157.5,1.027277150414311
d157.5-v17.25,17.25,157.5,0.912651677420893
d157.5-v17.75,17.75,157.5,0.8067736568413676
d157.5-v18.25,18.25,157.5,0.7096575734099207
d157.5-v18.75,18.75,157.5,0.6211780064603067
d157.5-v19.25,19.25,157.5,0.5410925332404798
d157.5-v19.75,19.75,157.5,0.4690639728393927
d157.5-v20.25,20.25,157.5,0.40468146567327473
d157.5-v20.75,20.75,157.5,0.3474799962750483
d157.5-v21.25,21.25,157.5,0.29695807617155046
d157.5-v21.75,21.75,157.5,0.2525934053118302
d157.5-v22.25,22.25,157.5,0.21385642209771366
d157.5-v22.75,22.75,157.5,0.18022173170300157
d157.5-v23.25,23.25,157.5,0.15117746899768542
d157.5-v23.75,23.75,157.5,0.12623270568509107
d157.5-v24.25,24.25,157.5,0.10492305149786835
d157.5-v24.75,24.75,157.5,0.08681462725934978
d162.5-v03.25,3.25,162.5,2.2302510723526168
d162.5-v03.75,3.75,162.5,2.482068227250624
d162.5-v04.25,4.25,162.5,2.7028221995212727
d162.5-v04.75,4.75,162.5,2.891057086363066
d162.5-v05.25,5.25,162.5,3.045893341758665
d162.5-v05.75,5.75,162.5,3.167030415738389
d162.5-v06.25,6.25,162.5,3.254731186121696
d162.5-v06.75,6.75,162.5,3.3097910351463824
d162.5-v07.25,7.25,162.5,3.3334940972806892
d162.5-v07.75,7.75,162.5,3.3275591411429084
d162.5-v08.25,8.25,162.5,3.294077557247698
d162.5-v08.75,8.75,162.5,3.2354459207046737
d162.5-v09.25,9.25,162.5,3.154295547467025
d162.5-v09.75,9.75,162.5,3.0534213507932333
d162.5-v10.25,10.25,162.5,2.9357121302855913
d162.5-v10.75,10.75,162.5,2.804084195525767
d162.5-v11.25,11.25,162.5,2.661419950587779
d162.5-v11.75,11.75,162.5,2.510512757629963
d162.5-v12.25,12.25,162.5,2.3540190714371483
d162.5-v12.75,12.75,162.5,2.1944185062552846
d162.5-v13.25,13.25,162.5,2.0339821747074422
d162.5-v13.75,13.75,162.5,1.8747493376626927
d162.5-v14.25,14.25,162.5,1.7185121333262443
d162.5-v14.75,14.75,162.5,1.5668079209352779
d162.5-v15.25,15.25,162.5,1.4209185842828223
d162.5-v15.75,15.75,162.5,1.281875995466579
d162.5-v16.25,16.25,162.5,1.1504727401325703
d162.5-v16.75,16.75,162.5,1.027277150414311
d162.5-v17.25,17.25,162.5,0.912651677420893
d162.5-v17.75,17.75,162.5,0.8067736568413676
d162.5-v18.25,18.25,162.5,0.7096575734099207
d162.5-v18.75,18.75,162.5,0.6211780064603067
d162.5-v19.25,19.25,162.5,0.5410925332404798
d162.5-v19.75,19.75,162.5,0.4690639728393927
d162.5-v20.25,20.25,162.5,0.40468146567327473
d162.5-v20.75,20.75,162.5,0.3474799962750483
d162.5-v21.25,21.25,162.5,0.29695807617155046
d162.5-v21.75,21.75,162.5,0.2525934053118302
d162.5-v22.25,22.25,162.5,0.21385642209771366
d162.5-v22.75,22.75,162.5,0.18022173170300157
d162.5-v23.25,23.25,162.5,0.15117746899768542
d162.5-v23.75,23.75,162.5,0.12623270568509107
d162.5-v24.25,24.25,162.5,0.10492305149786835
d162.5-v24.75,24.75,162.5,0.08681462725934978
d167.5-v03.25,3.25,167.5,2.2302510723526168
d167.5-v03.75,3.75,167.5,2.482068227250624
d167.5-v04.25,4.25,167.5,2.7028221995212727
d167.5-v04.75,4.75,167.5,2.891057086363066
d167.5-v05.25,5.25,167.5,3.045893341758665
d167.5-v05.75,5.75,167.5,3.167030415738389
d167.5-v06.25,6.25,167.5,3.254731186121696
d167.5-v06.75,6.75,167.5,3.3097910351463824
d167.5-v07.25,7.25,167.5,3.3334940972806892
d167.5-v07.75,7.75,167.5,3.3275591411429084
d167.5-v08.25,8.25,167.5,3.294077557247698
d167.5-v08.75,8.75,167.5,3.2354459207046737
d167.5-v09.25,9.25,167.5,3.154295547467025
d167.5-v09.75,9.75,167.5,3.0534213507932333
d167.5-v10.25,10.25,167.5,2.9357121302855913
d167.5-v10.75,10.75,167.5,2.804084195525767
d167.5-v11.25,11.25,167.5,2.661419950587779
d167.5-v11.75,11.75,167.5,2.510512757629963
d167.5-v12.25,12.25,167.5,2.3540190714371483
d167.5-v12.75,12.75,167.5,2.1944185062552846
d167.5-v13.25,13.25,167.5,2.0339821747074422
d167.5-v13.75,13.75,167.5,1.8747493376626927
d167.5-v14.25,14.25,167.5,1.7185121333262443
d167.5-v14.75,14.75,167.5,1.5668079209352779
d167.5-v15.25,15.25,167.5,1.4209185842828223
d167.5-v15.75,15.75,167.5,1.281875995466579
d167.5-v16.25,16.25,167.5,1.1504727401325703
d167.5-v16.75,16.75,167.5,1.027277150414311
d167.5-v17.25,17.25,167.5,0.912651677420893
d167.5-v17.75,17.75,167.5,0.8067736568413676
d167.5-v18.25,18.25,167.5,0.7096575734099207
d167.5-v18.75,18.75,167.5,0.6211780064603067
d167.5-v19.25,19.25,167.5,0.5410925332404798
d167.5-v19.75,19.75,167.5,0.4690639728393927
d167.5-v20.25,20.25,167.5,0.40468146567327473
d167.5-v20.75,20.75,167.5,0.3474799962750483
d167.5-v21.25,21.25,167.5,0.29695807617155046
d167.5-v21.75,21.75,167.5,0.2525934053118302
d167.5-v22.25,22.25,167.5,0.21385642209771366
d167.5-v22.75,22.75,167.5,0.18022173170300157
d167.5-v23.25,23.25,167.5,0.15117746899768542
d167.5-v23.75,23.75,167.5,0.12623270568509107
d167.5-v24.25,24.25,167.5,0.10492305149786835
d167.5-v24.75,24.75,167.5,0.08681462725934978
d172.5-v03.25,3.25,172.5,2.2302510723526168
d172.5-v03.75,3.75,172.5,2.482068227250624
d172.5-v04.25,4.25,172.5,2.7028221995212727
d172.5-v04.75,4.75,172.5,2.891057086363066
d172.5-v05.25,5.25,172.5,3.045893341758665
d172.5-v05.75,5.75,172.5,3.167030415738389
d172.5-v06.25,6.25,172.5,3.254731186121696
d172.5-v06.75,6.75,172.5,3.3097910351463824
d172.5-v07.25,7.25,172.5,3.3334940972806892
d172.5-v07.75,7.75,172.5,3.3275591411429084
d172.5-v08.25,8.25,172.5,3.294077557247698
d172.5-v08.75,8.75,172.5,3.2354459207046737
d172.5-v09.25,9.25,172.5,3.154295547467025
d172.5-v09.75,9.75,172.5,3.0534213507932333
d172.5-v10.25,10.25,172.5,2.9357121302855913
d172.5-v10.75,10.75,172.5,2.804084195525767
d172.5-v11.25,11.25,172.5,2.661419950587779
d172.5-v11.75,11.75,172.5,2.510512757629963
d172.5-v12.25,12.25,172.5,2.3540190714371483
d172.5-v12.75,12.75,172.5,2.1944185062552846
d172.5-v13.25,13.25,172.5,2.0339821747074422
d172.5-v13.75,13.75,172.5,1.8747493376626927
d172.5-v14.25,14.25,172.5,1.7185121333262443
d172.5-v14.75,14.75,172.5,1.5668079209352779
d172.5-v15.25,15.25,172.5,1.4209185842828223
d172.5-v15.75,15.75,172.5,1.281875995466579
d172.5-v16.25,16.25,172.5,1.1504727401325703
d172.5-v16.75,16.75,172.5,1.027277150414311
d172.5-v17.25,17.25,172.5,0.912651677420893
d172.5-v17.75,17.75,172.5,0.8067736568413676
d172.5-v18.25,18.25,172.5,0.7096575734099207
d172.5-v18.75,18.75,172.5,0.6211780064603067
d172.5-v19.25,19.25,172.5,0.5410925332404798
d172.5-v19.75,19.75,172.5,0.4690639728393927
d172.5-v20.25,20.25,172.5,0.40468146567327473
d172.5-v20.75,20.75,172.5,0.3474799962750483
d172.5-v21.25,21.25,172.5,0.29695807617155046
d172.5-v21.75,21.75,172.5,0.2525934053118302
d172.5-v22.25,22.25,172.5,0.21385642209771366
d172.5-v22.75,22.75,172.5,0.18022173170300157
d172.5-v23.25,23.25,172.5,0.15117746899768542
d172.5-v23.75,23.75,172.5,0.12623270568509107
d172.5-v24.25,24.25,172.5,0.10492305149786835
d172.5-v24.75,24.75,172.5,0.08681462725934978
d177.5-v03.25,3.25,177.5,2.2302510723526168
d177.5-v03.75,3.75,177.5,2.482068227250624
d177.5-v04.25,4.25,177.5,2.7028221995212727
d177.5-v04.75,4.75,177.5,2.891057086363066
d177.5-v05.25,5.25,177.5,3.045893341758665
d177.5-v05.75,5.75,177.5,3.167030415738389
d177.5-v06.25,6.25,177.5,3.254731186121696
d177.5-v06.75,6.75,177.5,3.3097910351463824
d177.5-v07.25,7.25,177.5,3.3334940972806892
d177.5-v07.75,7.75,177.5,3.3275591411429084
d177.5-v08.25,8.25,177.5,3.294077557247698
d177.5-v08.75,8.75,177.5,3.2354459207046737
d177.5-v09.25,9.25,177.5,3.154295547467025
d177.5-v09.75,9.75,177.5,3.0534213507932333
d177.5-v10.25,10.25,177.5,2.9357121302855913
d177.5-v10.75,10.75,177.5,2.804084195525767
d177.5-v11.25,11.25,177.5,2.661419950587779
d177.5-v11.75,11.75,177.5,2.510512757629963
d177.5-v12.25,12.25,177.5,2.3540190714371483
d177.5-v12.75,12.75,177.5,2.1944185062552846
d177.5-v13.25,13.25,177.5,2.0339821747074422
d177.5-v13.75,13.75,177.5,1.8747493376626927
d177.5-v14.25,14.25,177.5,1.7185121333262443
d177.5-v14.75,14.75,177.5,1.5668079209352779
d177.5-v15.25,15.25,177.5,1.4209185842828223
d177.5-v15.75,15.75,177.5,1.281875995466579
d177.5-v16.25,16.25,177.5,1.1504727401325703
d177.5-v16.75,16.75,177.5,1.027277150414311
d177.5-v17.25,17.25,177.5,0.912651677420893
d177.5-v17.75,17.75,177.5,0.8067736568413676
d177.5-v18.25,18.25,177.5,0.7096575734099207
d177.5-v18.75,18.75,177.5,0.6211780064603067
d177.5-v19.25,19.25,177.5,0.5410925332404798
d177.5-v19.75,19.75,177.5,0.4690639728393927
d177.5-v20.25,20.25,177.5,0.40468146567327473
d177.5-v20.75,20.75,177.5,0.3474799962750483
d177.5-v21.25,21.25,177.5,0.29695807617155046
d177.5-v21.75,21.75,177.5,0.2525934053118302
d177.5-v22.25,22.25,177.5,0.21385642209771366
d177.5-v22.75,22.75,177.5,0.18022173170300157
d177.5-v23.25,23.25,177.5,0.15117746899768542
d177.5-v23.75,23.75,177.5,0.12623270568509107
d177.5-v24.25,24.25,177.5,0.10492305149786835
d177.5-v24.75,24.75,177.5,0.08681462725934978
d182.5-v03.25,3.25,182.5,2.537047420025309
d182.5-v03.75,3.75,182.5,2.9299703907576298
d182.5-v04.25,4.25,182.5,3.304799009750951
d182.5-v04.75,4.75,182.5,3.6570346352684933
d182.5-v05.25,5.25,182.5,3.9826928637417316
d182.5-v05.75,5.75,182.5,4.278320611682436
d182.5-v06.25,6.25,182.5,4.541019512903416
d182.5-v06.75,6.75,182.5,4.768467895781722
d182.5-v07.25,7.25,182.5,4.958936838124078
d182.5-v07.75,7.75,182.5,5.111297640255351
d182.5-v08.25,8.25,182.5,5.225019236062717
d182.5-v08.75,8.75,182.5,5.30015489582219
d182.5-v09.25,9.25,182.5,5.337318210387679
d182.5-v09.75,9.75,182.5,5.337648852490498
d182.5-v10.25,10.25,182.5,5.302769019402959
d182.5-v10.75,10.75,182.5,5.234731786309738
d182.5-v11.25,11.25,182.5,5.135962847459645
d182.5-v11.75,11.75,182.5,5.009197295302824
d182.5-v12.25,12.25,182.5,4.857413188472421
d182.5-v12.75,12.75,182.5,4.683763690496027
d182.5-v13.25,13.25,182.5,4.491509526791299
d182.5-v13.75,13.75,182.5,4.283953413738522
d182.5-v14.25,14.25,182.5,4.064377967976009
d182.5-v14.75,14.75,182.5,3.835988415461922
d182.5-v15.25,15.25,182.5,3.601861198236586
d182.5-v15.75,15.75,182.5,3.364899332763566
d182.5-v16.25,16.25,182.5,3.1277951179218983
d182.5-v16.75,16.75,182.5,2.89300053354716
d182.5-v17.25,17.25,182.5,2.662705421542591
d182.5-v17.75,17.75,182.5,2.438823309563485
d182.5-v18.25,18.25,182.5,2.2229845293063466
d182.5-v18.75,18.75,182.5,2.016536103120955
d182.5-v19.25,19.25,182.5,1.8205477279142115
d182.5-v19.75,19.75,182.5,1.6358230763301542
d182.5-v20.25,20.25,182.5,1.462915562510451
d182.5-v20.75,20.75,182.5,1.302147682381804
d182.5-v21.25,21.25,182.5,1.1536330340725593
d182.5-v21.75,21.75,182.5,1.0173001493319083
d182.5-v22.25,22.25,182.5,0.8929173174889974
d182.5-v22.75,22.75,182.5,0.7801176547719669
d182.5-v23.25,23.25,182.5,0.6784237586695628
d182.5-v23.75,23.75,182.5,0.5872713843858254
d182.5-v24.25,24.25,182.5,0.5060316834558164
d182.5-v24.75,24.75,182.5,0.4340316487845725
d187.5-v03.25,3.25,187.5,2.537047420025309
d187.5-v03.75,3.75,187.5,2.9299703907576298
d187.5-v04.25,4.25,187.5,3.304799009750951
d187.5-v04.75,4.75,187.5,3.6570346352684933
d187.5-v05.25,5.25,187.5,3.9826928637417316
d187.5-v05.75,5.75,187.5,4.278320611682436
d187.5-v06.25,6.25,187.5,4.541019512903416
d187.5-v06.75,6.75,187.5,4.768467895781722
d187.5-v07.25,7.25,187.5,4.958936838124078
d187.5-v07.75,7.75,187.5,5.111297640255351
d187.5-v08.25,8.25,187.5,5.225019236062717
d187.5-v08.75,8.75,187.5,5.30015489582219
d187.5-v09.25,9.25,187.5,5.337318210387679
d187.5-v09.75,9.75,187.5,5.337648852490498
d187.5-v10.25,10.25,187.5,5.302769019402959
d187.5-v10.75,10.75,187.5,5.234731786309738
d187.5-v11.25,11.25,187.5,5.135962847459645
d187.5-v11.75,11.75,187.5,5.009197295302824
d187.5-v12.25,12.25,187.5,4.857413188472421
d187.5-v12.75,12.75,187.5,4.683763690496027
d187.5-v13.25,13.25,187.5,4.491509526791299
d187.5-v13.75,13.75,187.5,4.283953413738522
d187.5-v14.25,14.25,187.5,4.064377967976009
d187.5-v14.75,14.75,187.5,3.835988415461922
d187.5-v15.25,15.25,187.5,3.601861198236586
d187.5-v15.75,15.75,187.5,3.364899332763566
d187.5-v16.25,16.25,187.5,3.1277951179218983
d187.5-v16.75,16.75,187.5,2.89300053354716
d187.5-v17.25,17.25,187.5,2.662705421542591
d187.5-v17.75,17.75,187.5,2.438823309563485
d187.5-v18.25,18.25,187.5,2.2229845293063466
d187.5-v18.75,18.75,187.5,2.016536103120955
d187.5-v19.25,19.25,187.5,1.8205477279142115
d187.5-v19.75,19.75,187.5,1.6358230763301542
d187.5-v20.25,20.25,187.5,1.462915562510451
d187.5-v20.75,20.75,187.5,1.302147682381804
d187.5-v21.25,21.25,187.5,1.1536330340725593
d187.5-v21.75,21.75,187.5,1.0173001493319083
d187.5-v22.25,22.25,187.5,0.8929173174889974
d187.5-v22.75,22.75,187.5,0.7801176547719669
d187.5-v23.25,23.25,187.5,0.6784237586695628
d187.5-v23.75,23.75,187.5,0.5872713843858254
d187.5-v24.25,24.25,187.5,0.5060316834558164
d187.5-v24.75,24.75,187.5,0.4340316487845725
d192.5-v03.25,3.25,192.5,2.537047420025309
d192.5-v03.75,3.75,192.5,2.9299703907576298
d192.5-v04.25,4.25,192.5,3.304799009750951
d192.5-v04.75,4.75,192.5,3.6570346352684933
d192.5-v05.25,5.25,192.5,3.9826928637417316
d192.5-v05.75,5.75,192.5,4.278320611682436
d192.5-v06.25,6.25,192.5,4.541019512903416
d192.5-v06.75,6.75,192.5,4.768467895781722
d192.5-v07.25,7.25,192.5,4.958936838124078
d192.5-v07.75,7.75,192.5,5.111297640255351
d192.5-v08.25,8.25,192.5,5.225019236062717
d192.5-v08.75,8.75,192.5,5.30015489582219
d192.5-v09.25,9.25,192.5,5.337318210387679
d192.5-v09.75,9.75,192.5,5.337648852490498
d192.5-v10.25,10.25,192.5,5.302769019402959
d192.5-v10.75,10.75,192.5,5.234731786309738
d192.5-v11.25,11.25,192.5,5.135962847459645
d192.5-v11.75,11.75,192.5,5.009197295302824
d192.5-v12.25,12.25,192.5,4.857413188472421
d192.5-v12.75,12.75,192.5,4.683763690496027
d192.5-v13.25,13.25,192.5,4.491509526791299
d192.5-v13.75,13.75,192.5,4.283953413738522
d192.5-v14.25,14.25,192.5,4.064377967976009
d192.5-v14.75,14.75,192.5,3.835988415461922
d192.5-v15.25,15.25,192.5,3.601861198236586
d192.5-v15.75,15.75,192.5,3.364899332763566
d192.5-v16.25,16.25,192.5,3.1277951179218983
d192.5-v16.75,16.75,192.5,2.89300053354716
d192.5-v17.25,17.25,192.5,2.662705421542591
d192.5-v17.75,17.75,192.5,2.438823309563485
d192.5-v18.25,18.25,192.5,2.2229845293063466
d192.5-v18.75,18.75,192.5,2.016536103120955
d192.5-v19.25,19.25,192.5,1.8205477279142115
d192.5-v19.75,19.75,192.5,1.6358230763301542
d192.5-v20.25,20.25,192.5,1.462915562510451
d192.5-v20.75,20.75,192.5,1.302147682381804
d192.5-v21.25,21.25,192.5,1.1536330340725593
d192.5-v21.75,21.75,192.5,1.0173001493319083
d192.5-v22.25,22.25,192.5,0.8929173174889974
d192.5-v22.75,22.75,192.5,0.7801176547719669
d192.5-v23.25,23.25,192.5,0.6784237586695628
d192.5-v23.75,23.75,192.5,0.5872713843858254
d192.5-v24.25,24.25,192.5,0.5060316834558164
d192.5-v24.75,24.75,192.5,0.4340316487845725
d197.5-v03.25,3.25,197.5,2.537047420025309
d197.5-v03.75,3.75,197.5,2.9299703907576298
d197.5-v04.25,4.25,197.5,3.304799009750951
d197.5-v04.75,4.75,197.5,3.6570346352684933
d197.5-v05.25,5.25,197.5,3.9826928637417316
d197.5-v05.75,5.75,197.5,4.278320611682436
d197.5-v06.25,6.25,197.5,4.541019512903416
d197.5-v06.75,6.75,197.5,4.768467895781722
d197.5-v07.25,7.25,197.5,4.958936838124078
d197.5-v07.75,7.75,197.5,5.111297640255351
d197.5-v08.25,8.25,197.5,5.225019236062717
d197.5-v08.75,8.75,197.5,5.30015489582219
d197.5-v09.25,9.25,197.5,5.337318210387679
d197.5-v09.75,9.75,197.5,5.337648852490498
d197.5-v10.25,10.25,197.5,5.302769019402959
d197.5-v10.75,10.75,197.5,5.234731786309738
d197.5-v11.25,11.25,197.5,5.135962847459645
d197.5-v11.75,11.75,197.5,5.009197295302824
d197.5-v12.25,12.25,197.5,4.857413188472421
d197.5-v12.75,12.75,197.5,4.683763690496027
d197.5-v13.25,13.25,197.5,4.491509526791299
d197.5-v13.75,13.75,197.5,4.283953413738522
d197.5-v14.25,14.25,197.5,4.064377967976009
d197.5-v14.75,14.75,197.5,3.835988415461922
d197.5-v15.25,15.25,197.5,3.601861198236586
d197.5-v15.75,15.75,197.5,3.364899332763566
d197.5-v16.25,16.25,197.5,3.1277951179218983
d197.5-v16.75,16.75,197.5,2.89300053354716
d197.5-v17.25,17.25,197.5,2.662705421542591
d197.5-v17.75,17.75,197.5,2.438823309563485
d197.5-v18.25,18.25,197.5,2.2229845293063466
d197.5-v18.75,18.75,197.5,2.016536103120955
d197.5-v19.25,19.25,197.5,1.8205477279142115
d197.5-v19.75,19.75,197.5,1.6358230763301542
d197.5-v20.25,20.25,197.5,1.462915562510451
d197.5-v20.75,20.75,197.5,1.302147682381804
d197.5-v21.25,21.25,197.5,1.1536330340725593
d197.5-v21.75,21.75,197.5,1.0173001493319083
d197.5-v22.25,22.25,197.5,0.8929173174889974
d197.5-v22.75,22.75,197.5,0.7801176547719669
d197.5-v23.25,23.25,197.5,0.6784237586695628
d197.5-v23.75,23.75,197.5,0.5872713843858254
d197.5-v24.25,24.25,197.5,0.5060316834558164
d197.5-v24.75,24.75,197.5,0.4340316487845725
d202.5-v03.25,3.25,202.5,2.537047420025309
d202.5-v03.75,3.75,202.5,2.9299703907576298
d202.5-v04.25,4.25,202.5,3.304799009750951
d202.5-v04.75,4.75,202.5,3.6570346352684933
d202.5-v05.25,5.25,202.5,3.9826928637417316
d202.5-v05.75,5.75,202.5,4.278320611682436
d202.5-v06.25,6.25,202.5,4.541019512903416
d202.5-v06.75,6.75,202.5,4.768467895781722
d202.5-v07.25,7.25,202.5,4.958936838124078
d202.5-v07.75,7.75,202.5,5.111297640255351
d202.5-v08.25,8.25,202.5,5.225019236062717
d202.5-v08.75,8.75,202.5,5.30015489582219
d202.5-v09.25,9.25,202.5,5.337318210387679
d202.5-v09.75,9.75,202.5,5.337648852490498
d202.5-v10.25,10.25,202.5,5.302769019402959
d202.5-v10.75,10.75,202.5,5.234731786309738
d202.5-v11.25,11.25,202.5,5.135962847459645
d202.5-v11.75,11.75,202.5,5.009197295302824
d202.5-v12.25,12.25,202.5,4.857413188472421
d202.5-v12.75,12.75,202.5,4.683763690496027
d202.5-v13.25,13.25,202.5,4.491509526791299
d202.5-v13.75,13.75,202.5,4.283953413738522
d202.5-v14.25,14.25,202.5,4.064377967976009
d202.5-v14.75,14.75,202.5,3.835988415461922
d202.5-v15.25,15.25,202.5,3.601861198236586
d202.5-v15.75,15.75,202.5,3.364899332763566
d202.5-v16.25,16.25,202.5,3.1277951179218983
d202.5-v16.75,16.75,202.5,2.89300053354716
d202.5-v17.25,17.25,202.5,2.662705421542591
d202.5-v17.75,17.75,202.5,2.438823309563485
d202.5-v18.25,18.25,202.5,2.2229845293063466
d202.5-v18.75,18.75,202.5,2.016536103120955
d202.5-v19.25,19.25,202.5,1.8205477279142115
d202.5-v19.75,19.75,202.5,1.6358230763301542
d202.5-v20.25,20.25,202.5,1.462915562510451
d202.5-v20.75,20.75,202.5,1.302147682381804
d202.5-v21.25,21.25,202.5,1.1536330340725593
d202.5-v21.75,21.75,202.5,1.0173001493319083
d202.5-v22.25,22.25,202.5,0.8929173174889974
d202.5-v22.75,22.75,202.5,0.7801176547719669
d202.5-v23.25,23.25,202.5,0.6784237586695628
d202.5-v23.75,23.75,202.5,0.5872713843858254
d202.5-v24.25,24.25,202.5,0.5060316834558164
d202.5-v24.75,24.75,202.5,0.4340316487845725
d207.5-v03.25,3.25,207.5,2.537047420025309
d207.5-v03.75,3.75,207.5,2.9299703907576298
d207.5-v04.25,4.25,207.5,3.304799009750951
d207.5-v04.75,4.75,207.5,3.6570346352684933
d207.5-v05.25,5.25,207.5,3.9826928637417316
d207.5-v05.75,5.75,207.5,4.278320611682436
d207.5-v06.25,6.25,207.5,4.541019512903416
d207.5-v06.75,6.75,207.5,4.768467895781722
d207.5-v07.25,7.25,207.5,4.958936838124078
d207.5-v07.75,7.75,207.5,5.111297640255351
d207.5-v08.25,8.25,207.5,5.225019236062717
d207.5-v08.75,8.75,207.5,5.30015489582219
d207.5-v09.25,9.25,207.5,5.337318210387679
d207.5-v09.75,9.75,207.5,5.337648852490498
d207.5-v10.25,10.25,207.5,5.302769019402959
d207.5-v10.75,10.75,207.5,5.234731786309738
d207.5-v11.25,11.25,207.5,5.135962847459645
d207.5-v11.75,11.75,207.5,5.009197295302824
d207.5-v12.25,12.25,207.5,4.857413188472421
d207.5-v12.75,12.75,207.5,4.683763690496027
d207.5-v13.25,13.25,207.5,4.491509526791299
d207.5-v13.75,13.75,207.5,4.283953413738522
d207.5-v14.25,14.25,207.5,4.064377967976009
d207.5-v14.75,14.75,207.5,3.835988415461922
d207.5-v15.25,15.25,207.5,3.601861198236586
d207.5-v15.75,15.75,207.5,3.364899332763566
d207.5-v16.25,16.25,207.5,3.1277951179218983
d207.5-v16.75,16.75,207.5,2.89300053354716
d207.5-v17.25,17.25,207.5,2.662705421542591
d207.5-v17.75,17.75,207.5,2.438823309563485
d207.5-v18.25,18.25,207.5,2.2229845293063466
d207.5-v18.75,18.75,207.5,2.016536103120955
d207.5-v19.25,19.25,207.5,1.8205477279142115
d207.5-v19.75,19.75,207.5,1.6358230763301542
d207.5-v20.25,20.25,207.5,1.462915562510451
d207.5-v20.75,20.75,207.5,1.302147682381804
d207.5-v21.25,21.25,207.5,1.1536330340725593
d207.5-v21.75,21.75,207.5,1.0173001493319083
d207.5-v22.25,22.25,207.5,0.8929173174889974
d207.5-v22.75,22.75,207.5,0.7801176547719669
d207.5-v23.25,23.25,207.5,0.6784237586695628
d207.5-v23.75,23.75,207.5,0.5872713843858254
d207.5-v24.25,24.25,207.5,0.5060316834558164
d207.5-v24.75,24.75,207.5,0.4340316487845725
d212.5-v03.25,3.25,212.5,2.35749987814267
d212.5-v03.75,3.75,212.5,2.889957510602061
d212.5-v04.25,4.25,212.5,3.440519057089339
d212.5-v04.75,4.75,212.5,4.001082346791292
d212.5-v05.25,5.25,212.5,4.563561193601891
d212.5-v05.75,5.75,212.5,5.119909791370778
d212.5-v06.25,6.25,212.5,5.662189832675819
d212.5-v06.75,6.75,212.5,6.182665834502061
d212.5-v07.25,7.25,212.5,6.673918458636525
d212.5-v07.75,7.75,212.5,7.128967773398129
d212.5-v08.25,8.25,212.5,7.541399569543542
d212.5-v08.75,8.75,212.5,7.905488568044108
d212.5-v09.25,9.25,212.5,8.216312922690543
d212.5-v09.75,9.75,212.5,8.469854975832757
d212.5-v10.25,10.25,212.5,8.66308384949666
d212.5-v10.75,10.75,212.5,8.794016182690152
d212.5-v11.25,11.25,212.5,8.86175216717551
d212.5-v11.75,11.75,212.5,8.866484976932918
d212.5-v12.25,12.25,212.5,8.809482705238555
d212.5-v12.75,12.75,212.5,8.693042981686206
d212.5-v13.25,13.25,212.5,8.520421496860006
d212.5-v13.75,13.75,212.5,8.295736668706912
d212.5-v14.25,14.25,212.5,8.023853595990998
d212.5-v14.75,14.75,212.5,7.710251217859022
d212.5-v15.25,15.25,212.5,7.360877197944522
d212.5-v15.75,15.75,212.5,6.981995448718095
d212.5-v16.25,16.25,212.5,6.580031389593075
d212.5-v16.75,16.75,212.5,6.161419985024526
d212.5-v17.25,17.25,212.5,5.732461342993279
d212.5-v17.75,17.75,212.5,5.2991881880995555
d212.5-v18.25,18.25,212.5,4.867248885696997
d212.5-v18.75,18.75,212.5,4.441808921426217
d212.5-v19.25,19.25,212.5,4.027472877609147
d212.5-v19.75,19.75,212.5,3.6282280410498453
d212.5-v20.25,20.25,212.5,3.2474098730503917
d212.5-v20.75,20.75,212.5,2.8876887165508633
d212.5-v21.25,21.25,212.5,2.551076346824252
d212.5-v21.75,21.75,212.5,2.2389503233910606
d212.5-v22.25,22.25,212.5,1.952093595268423
d212.5-v22.75,22.75,212.5,1.690746463153412
d212.5-v23.25,23.25,212.5,1.4546678146374639
d212.5-v23.75,23.75,212.5,1.243202516720058
d212.5-v24.25,24.25,212.5,1.0553519601605275
d212.5-v24.75,24.75,212.5,0.8898449823593066
d217.5-v03.25,3.25,217.5,2.35749987814267
d217.5-v03.75,3.75,217.5,2.889957510602061
d217.5-v04.25,4.25,217.5,3.440519057089339
d217.5-v04.75,4.75,217.5,4.001082346791292
d217.5-v05.25,5.25,217.5,4.563561193601891
d217.5-v05.75,5.75,217.5,5.119909791370778
d217.5-v06.25,6.25,217.5,5.662189832675819
d217.5-v06.75,6.75,217.5,6.182665834502061
d217.5-v07.25,7.25,217.5,6.673918458636525
d217.5-v07.75,7.75,217.5,7.128967773398129
d217.5-v08.25,8.25,217.5,7.541399569543542
d217.5-v08.75,8.75,217.5,7.905488568044108
d217.5-v09.25,9.25,217.5,8.216312922690543
d217.5-v09.75,9.75,217.5,8.469854975832757
d217.5-v10.25,10.25,217.5,8.66308384949666
d217.5-v10.75,10.75,217.5,8.794016182690152
d217.5-v11.25,11.25,217.5,8.86175216717551
d217.5-v11.75,11.75,217.5,8.866484976932918
d217.5-v12.25,12.25,217.5,8.809482705238555
d217.5-v12.75,12.75,217.5,8.693042981686206
d217.5-v13.25,13.25,217.5,8.520421496860006
d217.5-v13.75,13.75,217.5,8.295736668706912
d217.5-v14.25,14.25,217.5,8.023853595990998
d217.5-v14.75,14.75,217.5,7.710251217859022
d217.5-v15.25,15.25,217.5,7.360877197944522
d217.5-v15.75,15.75,217.5,6.981995448718095
d217.5-v16.25,16.25,217.5,6.580031389593075
d217.5-v16.75,16.75,217.5,6.161419985024526
d217.5-v17.25,17.25,217.5,5.732461342993279
d217.5-v17.75,17.75,217.5,5.2991881880995555
d217.5-v18.25,18.25,217.5,4.867248885696997
d217.5-v18.75,18.75,217.5,4.441808921426217
d217.5-v19.25,19.25,217.5,4.027472877609147
d217.5-v19.75,19.75,217.5,3.6282280410498453
d217.5-v20.25,20.25,217.5,3.2474098730503917
d217.5-v20.75,20.75,217.5,2.8876887165508633
d217.5-v21.25,21.25,217.5,2.551076346824252
d217.5-v21.75,21.75,217.5,2.2389503233910606
d217.5-v22.25,22.25,217.5,1.952093595268423
d217.5-v22.75,22.75,217.5,1.690746463153412
d217.5-v23.25,23.25,217.5,1.4546678146374639
d217.5-v23.75,23.75,217.5,1.243202516720058
d217.5-v24.25,24.25,217.5,1.0553519601605275
d217.5-v24.75,24.75,217.5,0.8898449823593066
d222.5-v03.25,3.25,222.5,2.35749987814267
d222.5-v03.75,3.75,222.5,2.889957510602061
d222.5-v04.25,4.25,222.5,3.440519057089339
d222.5-v04.75,4.75,222.5,4.001082346791292
d222.5-v05.25,5.25,222.5,4.563561193601891
d222.5-v05.75,5.75,222.5,5.119909791370778
d222.5-v06.25,6.25,222.5,5.662189832675819
d222.5-v06.75,6.75,222.5,6.182665834502061
d222.5-v07.25,7.25,222.5,6.673918458636525
d222.5-v07.75,7.75,222.5,7.128967773398129
d222.5-v08.25,8.25,222.5,7.541399569543542
d222.5-v08.75,8.75,222.5,7.905488568044108
d222.5-v09.25,9.25,222.5,8.216312922690543
d222.5-v09.75,9.75,222.5,8.469854975832757
d222.5-v10.25,10.25,222.5,8.66308384949666
d222.5-v10.75,10.75,222.5,8.794016182690152
d222.5-v11.25,11.25,222.5,8.86175216717551
d222.5-v11.75,11.75,222.5,8.866484976932918
d222.5-v12.25,12.25,222.5,8.809482705238555
d222.5-v12.75,12.75,222.5,8.693042981686206
d222.5-v13.25,13.25,222.5,8.520421496860006
d222.5-v13.75,13.75,222.5,8.295736668706912
d222.5-v14.25,14.25,222.5,8.023853595990998
d222.5-v14.75,14.75,222.5,7.710251217859022
d222.5-v15.25,15.25,222.5,7.360877197944522
d222.5-v15.75,15.75,222.5,6.981995448718095
d222.5-v16.25,16.25,222.5,6.580031389593075
d222.5-v16.75,16.75,222.5,6.161419985024526
d222.5-v17.25,17.25,222.5,5.732461342993279
d222.5-v17.75,17.75,222.5,5.2991881880995555
d222.5-v18.25,18.25,222.5,4.867248885696997
d222.5-v18.75,18.75,222.5,4.441808921426217
d222.5-v19.25,19.25,222.5,4.027472877609147
d222.5-v19.75,19.75,222.5,3.6282280410498453
d222.5-v20.25,20.25,222.5,3.2474098730503917
d222.5-v20.75,20.75,222.5,2.8876887165508633
d222.5-v21.25,21.25,222.5,2.551076346824252
d222.5-v21.75,21.75,222.5,2.2389503233910606
d222.5-v22.25,22.25,222.5,1.952093595268423
d222.5-v22.75,22.75,222.5,1.690746463153412
d222.5-v23.25,23.25,222.5,1.4546678146374639
d222.5-v23.75,23.75,222.5,1.243202516720058
d222.5-v24.25,24.25,222.5,1.0553519601605275
d222.5-v24.75,24.75,222.5,0.8898449823593066
d227.5-v03.25,3.25,227.5,2.35749987814267
d227.5-v03.75,3.75,227.5,2.889957510602061
d227.5-v04.25,4.25,227.5,3.440519057089339
d227.5-v04.75,4.75,227.5,4.001082346791292
d227.5-v05.25,5.25,227.5,4.563561193601891
d227.5-v05.75,5.75,227.5,5.119909791370778
d227.5-v06.25,6.25,227.5,5.662189832675819
d227.5-v06.75,6.75,227.5,6.182665834502061
d227.5-v07.25,7.25,227.5,6.673918458636525
d227.5-v07.75,7.75,227.5,7.128967773398129
d227.5-v08.25,8.25,227.5,7.541399569543542
d227.5-v08.75,8.75,227.5,7.905488568044108
d227.5-v09.25,9.25,227.5,8.216312922690543
d227.5-v09.75,9.75,227.5,8.469854975832757
d227.5-v10.25,10.25,227.5,8.66308384949666
d227.5-v10.75,10.75,227.5,8.794016182690152
d227.5-v11.25,11.25,227.5,8.86175216717551
d227.5-v11.75,11.75,227.5,8.866484976932918
d227.5-v12.25,12.25,227.5,8.809482705238555
d227.5-v12.75,12.75,227.5,8.693042981686206
d227.5-v13.25,13.25,227.5,8.520421496860006
d227.5-v13.75,13.75,227.5,8.295736668706912
d227.5-v14.25,14.25,227.5,8.023853595990998
d227.5-v14.75,14.75,227.5,7.710251217859022
d227.5-v15.25,15.25,227.5,7.360877197944522
d227.5-v15.75,15.75,227.5,6.981995448718095
d227.5-v16.25,16.25,227.5,6.580031389593075
d227.5-v16.75,16.75,227.5,6.161419985024526
d227.5-v17.25,17.25,227.5,5.732461342993279
d227.5-v17.75,17.75,227.5,5.2991881880995555
d227.5-v18.25,18.25,227.5,4.867248885696997
d227.5-v18.75,18.75,227.5,4.441808921426217
d227.5-v19.25,19.25,227.5,4.027472877609147
d227.5-v19.75,19.75,227.5,3.6282280410498453
d227.5-v20.25,20.25,227.5,3.2474098730503917
d227.5-v20.75,20.75,227.5,2.8876887165508633
d227.5-v21.25,21.25,227.5,2.551076346824252
d227.5-v21.75,21.75,227.5,2.2389503233910606
d227.5-v22.25,22.25,227.5,1.952093595268423
d227.5-v22.75,22.75,227.5,1.690746463153412
d227.5-v23.25,23.25,227.5,1.4546678146374639
d227.5-v23.75,23.75,227.5,1.243202516720058
d227.5-v24.25,24.25,227.5,1.0553519601605275
d227.5-v24.75,24.75,227.5,0.8898449823593066
d232.5-v03.25,3.25,232.5,2.35749987814267
d232.5-v03.75,3.75,232.5,2.889957510602061
d232.5-v04.25,4.25,232.5,3.440519057089339
d232.5-v04.75,4.75,232.5,4.001082346791292
d232.5-v05.25,5.25,232.5,4.563561193601891
d232.5-v05.75,5.75,232.5,5.119909791370778
d232.5-v06.25,6.25,232.5,5.662189832675819
d232.5-v06.75,6.75,232.5,6.182665834502061
d232.5-v07.25,7.25,232.5,6.673918458636525
d232.5-v07.75,7.75,232.5,7.128967773398129
d232.5-v08.25,8.25,232.5,7.541399569543542
d232.5-v08.75,8.75,232.5,7.905488568044108
d232.5-v09.25,9.25,232.5,8.216312922690543
d232.5-v09.75,9.75,232.5,8.469854975832757
d232.5-v10.25,10.25,232.5,8.66308384949666
d232.5-v10.75,10.75,232.5,8.794016182690152
d232.5-v11.25,11.25,232.5,8.86175216717551
d232.5-v11.75,11.75,232.5,8.866484976932918
d232.5-v12.25,12.25,232.5,8.809482705238555
d232.5-v12.75,12.75,232.5,8.693042981686206
d232.5-v13.25,13.25,232.5,8.520421496860006
d232.5-v13.75,13.75,232.5,8.295736668706912
d232.5-v14.25,14.25,232.5,8.023853595990998
d232.5-v14.75,14.75,232.5,7.710251217859022
d232.5-v15.25,15.25,232.5,7.360877197944522
d232.5-v15.75,15.75,232.5,6.981995448718095
d232.5-v16.25,16.25,232.5,6.580031389593075
d232.5-v16.75,16.75,232.5,6.161419985024526
d232.5-v17.25,17.25,232.5,5.732461342993279
d232.5-v17.75,17.75,232.5,5.2991881880995555
d232.5-v18.25,18.25,232.5,4.867248885696997
d232.5-v18.75,18.75,232.5,4.441808921426217
d232.5-v19.25,19.25,232.5,4.027472877609147
d232.5-v19.75,19.75,232.5,3.6282280410498453
d232.5-v20.25,20.25,232.5,3.2474098730503917
d232.5-v20.75,20.75,232.5,2.8876887165508633
d232.5-v21.25,21.25,232.5,2.551076346824252
d232.5-v21.75,21.75,232.5,2.2389503233910606
d232.5-v22.25,22.25,232.5,1.952093595268423
d232.5-v22.75,22.75,232.5,1.690746463153412
d232.5-v23.25,23.25,232.5,1.4546678146374639
d232.5-v23.75,23.75,232.5,1.243202516720058
d232.5-v24.25,24.25,232.5,1.0553519601605275
d232.5-v24.75,24.75,232.5,0.8898449823593066
d237.5-v03.25,3.25,237.5,2.35749987814267
d237.5-v03.75,3.75,237.5,2.889957510602061
d237.5-v04.25,4.25,237.5,3.440519057089339
d237.5-v04.75,4.75,237.5,4.001082346791292
d237.5-v05.25,5.25,237.5,4.563561193601891
d237.5-v05.75,5.75,237.5,5.119909791370778
d237.5-v06.25,6.25,237.5,5.662189832675819
d237.5-v06.75,6.75,237.5,6.182665834502061
d237.5-v07.25,7.25,237.5,6.673918458636525
d237.5-v07.75,7.75,237.5,7.128967773398129
d237.5-v08.25,8.25,237.5,7.541399569543542
d237.5-v08.75,8.75,237.5,7.905488568044108
d237.5-v09.25,9.25,237.5,8.216312922690543
d237.5-v09.75,9.75,237.5,8.469854975832757
d237.5-v10.25,10.25,237.5,8.66308384949666
d237.5-v10.75,10.75,237.5,8.794016182690152
d237.5-v11.25,11.25,237.5,8.86175216717551
d237.5-v11.75,11.75,237.5,8.866484976932918
d237.5-v12.25,12.25,237.5,8.809482705238555
d237.5-v12.75,12.75,237.5,8.693042981686206
d237.5-v13.25,13.25,237.5,8.520421496860006
d237.5-v13.75,13.75,237.5,8.295736668706912
d237.5-v14.25,14.25,237.5,8.023853595990998
d237.5-v14.75,14.75,237.5,7.710251217859022
d237.5-v15.25,15.25,237.5,7.360877197944522
d237.5-v15.75,15.75,237.5,6.981995448718095
d237.5-v16.25,16.25,237.5,6.580031389593075
d237.5-v16.75,16.75,237.5,6.161419985024526
d237.5-v17.25,17.25,237.5,5.732461342993279
d237.5-v17.75,17.75,237.5,5.2991881880995555
d237.5-v18.25,18.25,237.5,4.867248885696997
d237.5-v18.75,18.75,237.5,4.441808921426217
d237.5-v19.25,19.25,237.5,4.027472877609147
d237.5-v19.75,19.75,237.5,3.6282280410498453
d237.5-v20.25,20.25,237.5,3.2474098730503917
d237.5-v20.75,20.75,237.5,2.8876887165508633
d237.5-v21.25,21.25,237.5,2.551076346824252
d237.5-v21.75,21.75,237.5,2.2389503233910606
d237.5-v22.25,22.25,237.5,1.952093595268423
d237.5-v22.75,22.75,237.5,1.690746463153412
d237.5-v23.25,23.25,237.5,1.4546678146374639
d237.5-v23.75,23.75,237.5,1.243202516720058
d237.5-v24.25,24.25,237.5,1.0553519601605275
d237.5-v24.75,24.75,237.5,0.8898449823593066
d242.5-v03.25,3.25,242.5,2.897772408800752
d242.5-v03.75,3.75,242.5,3.432498144417182
d242.5-v04.25,4.25,242.5,3.9588204719440676
d242.5-v04.75,4.75,242.5,4.4682455066844
d242.5-v05.25,5.25,242.5,4.952837782457288
d242.5-v05.75,5.75,242.5,5.405283562179925
d242.5-v06.25,6.25,242.5,5.818979269038775
d242.5-v06.75,6.75,242.5,6.1881275428541915
d242.5-v07.25,7.25,242.5,6.507829260937591
d242.5-v07.75,7.75,242.5,6.774163244236975
d242.5-v08.25,8.25,242.5,6.984247640243094
d242.5-v08.75,8.75,242.5,7.136278729934643
d242.5-v09.25,9.25,242.5,7.229544416364515
d242.5-v09.75,9.75,242.5,7.264411032407023
d242.5-v10.25,10.25,242.5,7.2422833925615855
d242.5-v10.75,10.75,242.5,7.165539206748763
d242.5-v11.25,11.25,242.5,7.037440051374986
d242.5-v11.75,11.75,242.5,6.86202202536926
d242.5-v12.25,12.25,242.5,6.643969976830801
d242.5-v12.75,12.75,242.5,6.388479744374274
d242.5-v13.25,13.25,242.5,6.101113199122878
d242.5-v13.75,13.75,242.5,5.7876509914028205
d242.5-v14.25,14.25,242.5,5.453947804192208
d242.5-v14.75,14.75,242.5,5.105794607744961
d242.5-v15.25,15.25,242.5,4.748791920918373
d242.5-v15.75,15.75,242.5,4.3882374472938315
d242.5-v16.25,16.25,242.5,4.029030707086669
d242.5-v16.75,16.75,242.5,3.6755964717038974
d242.5-v17.25,17.25,242.5,3.3318279703003744
d242.5-v17.75,17.75,242.5,3.0010500189624834
d242.5-v18.25,18.25,242.5,2.6860014614842926
d242.5-v18.75,18.75,242.5,2.388835638504363
d242.5-v19.25,19.25,242.5,2.1111370441221786
d242.5-v19.75,19.75,242.5,1.8539519028464664
d242.5-v20.25,20.25,242.5,1.6178301131485848
d242.5-v20.75,20.75,242.5,1.4028758570266544
d242.5-v21.25,21.25,242.5,1.2088041603566066
d242.5-v21.75,21.75,242.5,1.0350007926347642
d242.5-v22.25,22.25,242.5,0.8805830983662458
d242.5-v22.75,22.75,242.5,0.7444596339915069
d242.5-v23.25,23.25,242.5,0.6253868204672532
d242.5-v23.75,23.75,242.5,0.5220211890473972
d242.5-v24.25,24.25,242.5,0.4329661744439557
d242.5-v24.75,24.75,242.5,0.35681277589813015
d247.5-v03.25,3.25,247.5,2.897772408800752
d247.5-v03.75,3.75,247.5,3.432498144417182
d247.5-v04.25,4.25,247.5,3.9588204719440676
d247.5-v04.75,4.75,247.5,4.4682455066844
d247.5-v05.25,5.25,247.5,4.952837782457288
d247.5-v05.75,5.75,247.5,5.405283562179925
d247.5-v06.25,6.25,247.5,5.818979269038775
d247.5-v06.75,6.75,247.5,6.1881275428541915
d247.5-v07.25,7.25,247.5,6.507829260937591
d247.5-v07.75,7.75,247.5,6.774163244236975
d247.5-v08.25,8.25,247.5,6.984247640243094
d247.5-v08.75,8.75,247.5,7.136278729934643
d247.5-v09.25,9.25,247.5,7.229544416364515
d247.5-v09.75,9.75,247.5,7.264411032407023
d247.5-v10.25,10.25,247.5,7.2422833925615855
d247.5-v10.75,10.75,247.5,7.165539206748763
d247.5-v11.25,11.25,247.5,7.037440051374986
d247.5-v11.75,11.75,247.5,6.86202202536926
d247.5-v12.25,12.25,247.5,6.643969976830801
d247.5-v12.75,12.75,247.5,6.388479744374274
d247.5-v13.25,13.25,247.5,6.101113199122878
d247.5-v13.75,13.75,247.5,5.7876509914028205
d247.5-v14.25,14.25,247.5,5.453947804192208
d247.5-v14.75,14.75,247.5,5.105794607744961
d247.5-v15.25,15.25,247.5,4.748791920918373
d247.5-v15.75,15.75,247.5,4.3882374472938315
d247.5-v16.25,16.25,247.5,4.029030707086669
d247.5-v16.75,16.75,247.5,3.6755964717038974
d247.5-v17.25,17.25,247.5,3.3318279703003744
d247.5-v17.75,17.75,247.5,3.0010500189624834
d247.5-v18.25,18.25,247.5,2.6860014614842926
d247.5-v18.75,18.75,247.5,2.388835638504363
d247.5-v19.25,19.25,247.5,2.1111370441221786
d247.5-v19.75,19.75,247.5,1.8539519028464664
d247.5-v20.25,20.25,247.5,1.6178301131485848
d247.5-v20.75,20.75,247.5,1.4028758570266544
d247.5-v21.25,21.25,247.5,1.2088041603566066
d247.5-v21.75,21.75,247.5,1.0350007926347642
d247.5-v22.25,22.25,247.5,0.8805830983662458
d247.5-v22.75,22.75,247.5,0.7444596339915069
d247.5-v23.25,23.25,247.5,0.6253868204672532
d247.5-v23.75,23.75,247.5,0.5220211890473972
d247.5-v24.25,24.25,247.5,0.4329661744439557
d247.5-v24.75,24.75,247.5,0.35681277589813015
d252.5-v03.25,3.25,252.5,2.897772408800752
d252.5-v03.75,3.75,252.5,3.432498144417182
d252.5-v04.25,4.25,252.5,3.9588204719440676
d252.5-v04.75,4.75,252.5,4.4682455066844
d252.5-v05.25,5.25,252.5,4.952837782457288
d252.5-v05.75,5.75,252.5,5.405283562179925
d252.5-v06.25,6.25,252.5,5.818979269038775
d252.5-v06.75,6.75,252.5,6.1881275428541915
d252.5-v07.25,7.25,252.5,6.507829260937591
d252.5-v07.75,7.75,252.5,6.774163244236975
d252.5-v08.25,8.25,252.5,6.984247640243094
d252.5-v08.75,8.75,252.5,7.136278729934643
d252.5-v09.25,9.25,252.5,7.229544416364515
d252.5-v09.75,9.75,252.5,7.264411032407023
d252.5-v10.25,10.25,252.5,7.2422833925615855
d252.5-v10.75,10.75,252.5,7.165539206748763
d252.5-v11.25,11.25,252.5,7.037440051374986
d252.5-v11.75,11.75,252.5,6.86202202536926
d252.5-v12.25,12.25,252.5,6.643969976830801
d252.5-v12.75,12.75,252.5,6.388479744374274
d252.5-v13.25,13.25,252.5,6.101113199122878
d252.5-v13.75,13.75,252.5,5.7876509914028205
d252.5-v14.25,14.25,252.5,5.453947804192208
d252.5-v14.75,14.75,252.5,5.105794607744961
d252.5-v15.25,15.25,252.5,4.748791920918373
d252.5-v15.75,15.75,252.5,4.3882374472938315
d252.5-v16.25,16.25,252.5,4.029030707086669
d252.5-v16.75,16.75,252.5,3.6755964717038974
d252.5-v17.25,17.25,252.5,3.3318279703003744
d252.5-v17.75,17.75,252.5,3.0010500189624834
d252.5-v18.25,18.25,252.5,2.6860014614842926
d252.5-v18.75,18.75,252.5,2.388835638504363
d252.5-v19.25,19.25,252.5,2.1111370441221786
d252.5-v19.75,19.75,252.5,1.8539519028464664
d252.5-v20.25,20.25,252.5,1.6178301131485848
d252.5-v20.75,20.75,252.5,1.4028758570266544
d252.5-v21.25,21.25,252.5,1.2088041603566066
d252.5-v21.75,21.75,252.5,1.0350007926347642
d252.5-v22.25,22.25,252.5,0.8805830983662458
d252.5-v22.75,22.75,252.5,0.7444596339915069
d252.5-v23.25,23.25,252.5,0.6253868204672532
d252.5-v23.75,23.75,252.5,0.5220211890473972
d252.5-v24.25,24.25,252.5,0.4329661744439557
d252.5-v24.75,24.75,252.5,0.35681277589813015
d257.5-v03.25,3.25,257.5,2.897772408800752
d257.5-v03.75,3.75,257.5,3.432498144417182
d257.5-v04.25,4.25,257.5,3.9588204719440676
d257.5-v04.75,4.75,257.5,4.4682455066844
d257.5-v05.25,5.25,257.5,4.952837782457288
d257.5-v05.75,5.75,257.5,5.405283562179925
d257.5-v06.25,6.25,257.5,5.818979269038775
d257.5-v06.75,6.75,257.5,6.1881275428541915
d257.5-v07.25,7.25,257.5,6.507829260937591
d257.5-v07.75,7.75,257.5,6.774163244236975
d257.5-v08.25,8.25,257.5,6.984247640243094
d257.5-v08.75,8.75,257.5,7.136278729934643
d257.5-v09.25,9.25,257.5,7.229544416364515
d257.5-v09.75,9.75,257.5,7.264411032407023
d257.5-v10.25,10.25,257.5,7.2422833925615855
d257.5-v10.75,10.75,257.5,7.165539206748763
d257.5-v11.25,11.25,257.5,7.037440051374986
d257.5-v11.75,11.75,257.5,6.86202202536926
d257.5-v12.25,12.25,257.5,6.643969976830801
d257.5-v12.75,12.75,257.5,6.388479744374274
d257.5-v13.25,13.25,257.5,6.101113199122878
d257.5-v13.75,13.75,257.5,5.7876509914028205
d257.5-v14.25,14.25,257.5,5.453947804192208
d257.5-v14.75,14.75,257.5,5.105794607744961
d257.5-v15.25,15.25,257.5,4.748791920918373
d257.5-v15.75,15.75,257.5,4.3882374472938315
d257.5-v16.25,16.25,257.5,4.029030707086669
d257.5-v16.75,16.75,257.5,3.6755964717038974
d257.5-v17.25,17.25,257.5,3.3318279703003744
d257.5-v17.75,17.75,257.5,3.0010500189624834
d257.5-v18.25,18.25,257.5,2.6860014614842926
d257.5-v18.75,18.75,257.5,2.388835638504363
d257.5-v19.25,19.25,257.5,2.1111370441221786
d257.5-v19.75,19.75,257.5,1.8539519028464664
d257.5-v20.25,20.25,257.5,1.6178301131485848
d257.5-v20.75,20.75,257.5,1.4028758570266544
d257.5-v21.25,21.25,257.5,1.2088041603566066
d257.5-v21.75,21.75,257.5,1.0350007926347642
d257.5-v22.25,22.25,257.5,0.8805830983662458
d257.5-v22.75,22.75,257.5,0.7444596339915069
d257.5-v23.25,23.25,257.5,0.6253868204672532
d257.5-v23.75,23.75,257.5,0.5220211890473972
d257.5-v24.25,24.25,257.5,0.4329661744439557
d257.5-v24.75,24.75,257.5,0.35681277589813015
d262.5-v03.25,3.25,262.5,2.897772408800752
d262.5-v03.75,3.75,262.5,3.432498144417182
d262.5-v04.25,4.25,262.5,3.9588204719440676
d262.5-v04.75,4.75,262.5,4.4682455066844
d262.5-v05.25,5.25,262.5,4.952837782457288
d262.5-v05.75,5.75,262.5,5.405283562179925
d262.5-v06.25,6.25,262.5,5.818979269038775
d262.5-v06.75,6.75,262.5,6.1881275428541915
d262.5-v07.25,7.25,262.5,6.507829260937591
d262.5-v07.75,7.75,262.5,6.774163244236975
d262.5-v08.25,8.25,262.5,6.984247640243094
d262.5-v08.75,8.75,262.5,7.136278729934643
d262.5-v09.25,9.25,262.5,7.229544416364515
d262.5-v09.75,9.75,262.5,7.264411032407023
d262.5-v10.25,10.25,262.5,7.2422833925615855
d262.5-v10.75,10.75,262.5,7.165539206748763
d262.5-v11.25,11.25,262.5,7.037440051374986
d262.5-v11.75,11.75,262.5,6.86202202536926
d262.5-v12.25,12.25,262.5,6.643969976830801
d262.5-v12.75,12.75,262.5,6.388479744374274
d262.5-v13.25,13.25,262.5,6.101113199122878
d262.5-v13.75,13.75,262.5,5.7876509914028205
d262.5-v14.25,14.25,262.5,5.453947804192208
d262.5-v14.75,14.75,262.5,5.105794607744961
d262.5-v15.25,15.25,262.5,4.748791920918373
d262.5-v15.75,15.75,262.5,4.3882374472938315
d262.5-v16.25,16.25,262.5,4.029030707086669
d262.5-v16.75,16.75,262.5,3.6755964717038974
d262.5-v17.25,17.25,262.5,3.3318279703003744
d262.5-v17.75,17.75,262.5,3.0010500189624834
d262.5-v18.25,18.25,262.5,2.6860014614842926
d262.5-v18.75,18.75,262.5,2.388835638504363
d262.5-v19.25,19.25,262.5,2.1111370441221786
d262.5-v19.75,19.75,262.5,1.8539519028464664
d262.5-v20.25,20.25,262.5,1.6178301131485848
d262.5-v20.75,20.75,262.5,1.4028758570266544
d262.5-v21.25,21.25,262.5,1.2088041603566066
d262.5-v21.75,21.75,262.5,1.0350007926347642
d262.5-v22.25,22.25,262.5,0.8805830983662458
d262.5-v22.75,22.75,262.5,0.7444596339915069
d262.5-v23.25,23.25,262.5,0.6253868204672532
d262.5-v23.75,23.75,262.5,0.5220211890473972
d262.5-v24.25,24.25,262.5,0.4329661744439557
d262.5-v24.75,24.75,262.5,0.35681277589813015
d267.5-v03.25,3.25,267.5,2.897772408800752
d267.5-v03.75,3.75,267.5,3.432498144417182
d267.5-v04.25,4.25,267.5,3.9588204719440676
d267.5-v04.75,4.75,267.5,4.4682455066844
d267.5-v05.25,5.25,267.5,4.952837782457288
d267.5-v05.75,5.75,267.5,5.405283562179925
d267.5-v06.25,6.25,267.5,5.818979269038775
d267.5-v06.75,6.75,267.5,6.1881275428541915
d267.5-v07.25,7.25,267.5,6.507829260937591
d267.5-v07.75,7.75,267.5,6.774163244236975
d267.5-v08.25,8.25,267.5,6.984247640243094
d267.5-v08.75,8.75,267.5,7.136278729934643
d267.5-v09.25,9.25,267.5,7.229544416364515
d267.5-v09.75,9.75,267.5,7.264411032407023
d267.5-v10.25,10.25,267.5,7.2422833925615855
d267.5-v10.75,10.75,267.5,7.165539206748763
d267.5-v11.25,11.25,267.5,7.037440051374986
d267.5-v11.75,11.75,267.5,6.86202202536926
d267.5-v12.25,12.25,267.5,6.643969976830801
d267.5-v12.75,12.75,267.5,6.388479744374274
d267.5-v13.25,13.25,267.5,6.101113199122878
d267.5-v13.75,13.75,267.5,5.7876509914028205
d267.5-v14.25,14.25,267.5,5.453947804192208
d267.5-v14.75,14.75,267.5,5.105794607744961
d267.5-v15.25,15.25,267.5,4.748791920918373
d267.5-v15.75,15.75,267.5,4.3882374472938315
d267.5-v16.25,16.25,267.5,4.029030707086669
d267.5-v16.75,16.75,267.5,3.6755964717038974
d267.5-v17.25,17.25,267.5,3.3318279703003744
d267.5-v17.75,17.75,267.5,3.0010500189624834
d267.5-v18.25,18.25,267.5,2.6860014614842926
d267.5-v18.75,18.75,267.5,2.388835638504363
d267.5-v19.25,19.25,267.5,2.1111370441221786
d267.5-v19.75,19.75,267.5,1.8539519028464664
d267.5-v20.25,20.25,267.5,1.6178301131485848
d267.5-v20.75,20.75,267.5,1.4028758570266544
d267.5-v21.25,21.25,267.5,1.2088041603566066
d267.5-v21.75,21.75,267.5,1.0350007926347642
d267.5-v22.25,22.25,267.5,0.8805830983662458
d267.5-v22.75,22.75,267.5,0.7444596339915069
d267.5-v23.25,23.25,267.5,0.6253868204672532
d267.5-v23.75,23.75,267.5,0.5220211890473972
d267.5-v24.25,24.25,267.5,0.4329661744439557
d267.5-v24.75,24.75,267.5,0.35681277589813015
d272.5-v03.25,3.25,272.5,3.0089077607427965
d272.5-v03.75,3.75,272.5,3.49538838300171
d272.5-v04.25,4.25,272.5,3.957283706238733
d272.5-v04.75,4.75,272.5,4.386977976633053
d272.5-v05.25,5.25,272.5,4.777759200143557
d272.5-v05.75,5.75,272.5,5.123891864021428
d272.5-v06.25,6.25,272.5,5.420692285847733
d272.5-v06.75,6.75,272.5,5.664591887614407
d272.5-v07.25,7.25,272.5,5.853179421597053
d272.5-v07.75,7.75,272.5,5.985216794231991
d272.5-v08.25,8.25,272.5,6.060625753947911
d272.5-v08.75,8.75,272.5,6.080444792854974
d272.5-v09.25,9.25,272.5,6.046757349690634
d272.5-v09.75,9.75,272.5,5.962593859346083
d272.5-v10.25,10.25,272.5,5.831811385401226
d272.5-v10.75,10.75,272.5,5.658955488206058
d272.5-v11.25,11.25,272.5,5.449109610382882
d272.5-v11.75,11.75,272.5,5.207737598035882
d272.5-v12.25,12.25,272.5,4.940525023719209
d272.5-v12.75,12.75,272.5,4.653224752900422
d272.5-v13.25,13.25,272.5,4.351511728135317
d272.5-v13.75,13.75,272.5,4.040851274075439
d272.5-v14.25,14.25,272.5,3.7263843997732438
d272.5-v14.75,14.75,272.5,3.4128326457662497
d272.5-v15.25,15.25,272.5,3.104424047209817
d272.5-v15.75,15.75,272.5,2.8048408144612953
d272.5-v16.25,16.25,272.5,2.5171884179480806
d272.5-v16.75,16.75,272.5,2.243984946600326
d272.5-v17.25,17.25,272.5,1.987168921183126
d272.5-v17.75,17.75,272.5,1.748123207775918
d272.5-v18.25,18.25,272.5,1.5277123039743867
d272.5-v18.75,18.75,272.5,1.3263300623399006
d272.5-v19.25,19.25,272.5,1.1439548640603883
d272.5-v19.75,19.75,272.5,0.9802093447733451
d272.5-v20.25,20.25,272.5,0.8344219821594779
d272.5-v20.75,20.75,272.5,0.7056881554706753
d272.5-v21.25,21.25,272.5,0.5929286530325646
d272.5-v21.75,21.75,272.5,0.4949440074560449
d272.5-v22.25,22.25,272.5,0.4104634540895612
d272.5-v22.75,22.75,272.5,0.3381877134850706
d272.5-v23.25,23.25,272.5,0.2768251746993352
d272.5-v23.75,23.75,272.5,0.22512138899416348
d272.5-v24.25,24.25,272.5,0.18188206349544533
d272.5-v24.75,24.75,272.5,0.14598996667713426
d277.5-v03.25,3.25,277.5,3.0089077607427965
d277.5-v03.75,3.75,277.5,3.49538838300171
d277.5-v04.25,4.25,277.5,3.957283706238733
d277.5-v04.75,4.75,277.5,4.386977976633053
d277.5-v05.25,5.25,277.5,4.777759200143557
d277.5-v05.75,5.75,277.5,5.123891864021428
d277.5-v06.25,6.25,277.5,5.420692285847733
d277.5-v06.75,6.75,277.5,5.664591887614407
d277.5-v07.25,7.25,277.5,5.853179421597053
d277.5-v07.75,7.75,277.5,5.985216794231991
d277.5-v08.25,8.25,277.5,6.060625753947911
d277.5-v08.75,8.75,277.5,6.080444792854974
d277.5-v09.25,9.25,277.5,6.046757349690634
d277.5-v09.75,9.75,277.5,5.962593859346083
d277.5-v10.25,10.25,277.5,5.831811385401226
d277.5-v10.75,10.75,277.5,5.658955488206058
d277.5-v11.25,11.25,277.5,5.449109610382882
d277.5-v11.75,11.75,277.5,5.207737598035882
d277.5-v12.25,12.25,277.5,4.940525023719209
d277.5-v12.75,12.75,277.5,4.653224752900422
d277.5-v13.25,13.25,277.5,4.351511728135317
d277.5-v13.75,13.75,277.5,4.040851274075439
d277.5-v14.25,14.25,277.5,3.7263843997732438
d277.5-v14.75,14.75,277.5,3.4128326457662497
d277.5-v15.25,15.25,277.5,3.104424047209817
d277.5-v15.75,15.75,277.5,2.8048408144612953
d277.5-v16.25,16.25,277.5,2.5171884179480806
d277.5-v16.75,16.75,277.5,2.243984946600326
d277.5-v17.25,17.25,277.5,1.987168921183126
d277.5-v17.75,17.75,277.5,1.748123207775918
d277.5-v18.25,18.25,277.5,1.5277123039743867
d277.5-v18.75,18.75,277.5,1.3263300623399006
d277.5-v19.25,19.25,277.5,1.1439548640603883
d277.5-v19.75,19.75,277.5,0.9802093447733451
d277.5-v20.25,20.25,277.5,0.8344219821594779
d277.5-v20.75,20.75,277.5,0.7056881554706753
d277.5-v21.25,21.25,277.5,0.5929286530325646
d277.5-v21.75,21.75,277.5,0.4949440074560449
d277.5-v22.25,22.25,277.5,0.4104634540895612
d277.5-v22.75,22.75,277.5,0.3381877134850706
d277.5-v23.25,23.25,277.5,0.2768251746993352
d277.5-v23.75,23.75,277.5,0.22512138899416348
d277.5-v24.25,24.25,277.5,0.18188206349544533
d277.5-v24.75,24.75,277.5,0.14598996667713426
d282.5-v03.25,3.25,282.5,3.0089077607427965
d282.5-v03.75,3.75,282.5,3.49538838300171
d282.5-v04.25,4.25,282.5,3.957283706238733
d282.5-v04.75,4.75,282.5,4.386977976633053
d282.5-v05.25,5.25,282.5,4.777759200143557
d282.5-v05.75,5.75,282.5,5.123891864021428
d282.5-v06.25,6.25,282.5,5.420692285847733
d282.5-v06.75,6.75,282.5,5.664591887614407
d282.5-v07.25,7.25,282.5,5.853179421597053
d282.5-v07.75,7.75,282.5,5.985216794231991
d282.5-v08.25,8.25,282.5,6.060625753947911
d282.5-v08.75,8.75,282.5,6.080444792854974
d282.5-v09.25,9.25,282.5,6.046757349690634
d282.5-v09.75,9.75,282.5,5.962593859346083
d282.5-v10.25,10.25,282.5,5.831811385401226
d282.5-v10.75,10.75,282.5,5.658955488206058
d282.5-v11.25,11.25,282.5,5.449109610382882
d282.5-v11.75,11.75,282.5,5.207737598035882
d282.5-v12.25,12.25,282.5,4.940525023719209
d282.5-v12.75,12.75,282.5,4.653224752900422
d282.5-v13.25,13.25,282.5,4.351511728135317
d282.5-v13.75,13.75,282.5,4.040851274075439
d282.5-v14.25,14.25,282.5,3.7263843997732438
d282.5-v14.75,14.75,282.5,3.4128326457662497
d282.5-v15.25,15.25,282.5,3.104424047209817
d282.5-v15.75,15.75,282.5,2.8048408144612953
d282.5-v16.25,16.25,282.5,2.5171884179480806
d282.5-v16.75,16.75,282.5,2.243984946600326
d282.5-v17.25,17.25,282.5,1.987168921183126
d282.5-v17.75,17.75,282.5,1.748123207775918
d282.5-v18.25,18.25,282.5,1.5277123039743867
d282.5-v18.75,18.75,282.5,1.3263300623399006
d282.5-v19.25,19.25,282.5,1.1439548640603883
d282.5-v19.75,19.75,282.5,0.9802093447733451
d282.5-v20.25,20.25,282.5,0.8344219821594779
d282.5-v20.75,20.75,282.5,0.7056881554706753
d282.5-v21.25,21.25,282.5,0.5929286530325646
d282.5-v21.75,21.75,282.5,0.4949440074560449
d282.5-v22.25,22.25,282.5,0.4104634540895612
d282.5-v22.75,22.75,282.5,0.3381877134850706
d282.5-v23.25,23.25,282.5,0.2768251746993352
d282.5-v23.75,23.75,282.5,0.22512138899416348
d282.5-v24.25,24.25,282.5,0.18188206349544533
d282.5-v24.75,24.75,282.5,0.14598996667713426
d287.5-v03.25,3.25,287.5,3.0089077607427965
d287.5-v03.75,3.75,287.5,3.49538838300171
d287.5-v04.25,4.25,287.5,3.957283706238733
d287.5-v04.75,4.75,287.5,4.386977976633053
d287.5-v05.25,5.25,287.5,4.777759200143557
d287.5-v05.75,5.75,287.5,5.123891864021428
d287.5-v06.25,6.25,287.5,5.420692285847733
d287.5-v06.75,6.75,287.5,5.664591887614407
d287.5-v07.25,7.25,287.5,5.853179421597053
d287.5-v07.75,7.75,287.5,5.985216794231991
d287.5-v08.25,8.25,287.5,6.060625753947911
d287.5-v08.75,8.75,287.5,6.080444792854974
d287.5-v09.25,9.25,287.5,6.046757349690634
d287.5-v09.75,9.75,287.5,5.962593859346083
d287.5-v10.25,10.25,287.5,5.831811385401226
d287.5-v10.75,10.75,287.5,5.658955488206058
d287.5-v11.25,11.25,287.5,5.449109610382882
d287.5-v11.75,11.75,287.5,5.207737598035882
d287.5-v12.25,12.25,287.5,4.940525023719209
d287.5-v12.75,12.75,287.5,4.653224752900422
d287.5-v13.25,13.25,287.5,4.351511728135317
d287.5-v13.75,13.75,287.5,4.040851274075439
d287.5-v14.25,14.25,287.5,3.7263843997732438
d287.5-v14.75,14.75,287.5,3.4128326457662497
d287.5-v15.25,15.25,287.5,3.104424047209817
d287.5-v15.75,15.75,287.5,2.8048408144612953
d287.5-v16.25,16.25,287.5,2.5171884179480806
d287.5-v16.75,16.75,287.5,2.243984946600326
d287.5-v17.25,17.25,287.5,1.987168921183126
d287.5-v17.75,17.75,287.5,1.748123207775918
d287.5-v18.25,18.25,287.5,1.5277123039743867
d287.5-v18.75,18.75,287.5,1.3263300623399006
d287.5-v19.25,19.25,287.5,1.1439548640603883
d287.5-v19.75,19.75,287.5,0.9802093447733451
d287.5-v20.25,20.25,287.5,0.8344219821594779
d287.5-v20.75,20.75,287.5,0.7056881554706753
d287.5-v21.25,21.25,287.5,0.5929286530325646
d287.5-v21.75,21.75,287.5,0.4949440074560449
d287.5-v22.25,22.25,287.5,0.4104634540895612
d287.5-v22.75,22.75,287.5,0.3381877134850706
d287.5-v23.25,23.25,287.5,0.2768251746993352
d287.5-v23.75,23.75,287.5,0.22512138899416348
d287.5-v24.25,24.25,287.5,0.18188206349544533
d287.5-v24.75,24.75,287.5,0.14598996667713426
d292.5-v03.25,3.25,292.5,3.0089077607427965
d292.5-v03.75,3.75,292.5,3.49538838300171
d292.5-v04.25,4.25,292.5,3.957283706238733
d292.5-v04.75,4.75,292.5,4.386977976633053
d292.5-v05.25,5.25,292.5,4.777759200143557
d292.5-v05.75,5.75,292.5,5.123891864021428
d292.5-v06.25,6.25,292.5,5.420692285847733
d292.5-v06.75,6.75,292.5,5.664591887614407
d292.5-v07.25,7.25,292.5,5.853179421597053
d292.5-v07.75,7.75,292.5,5.985216794231991
d292.5-v08.25,8.25,292.5,6.060625753947911
d292.5-v08.75,8.75,292.5,6.080444792854974
d292.5-v09.25,9.25,292.5,6.046757349690634
d292.5-v09.75,9.75,292.5,5.962593859346083
d292.5-v10.25,10.25,292.5,5.831811385401226
d292.5-v10.75,10.75,292.5,5.658955488206058
d292.5-v11.25,11.25,292.5,5.449109610382882
d292.5-v11.75,11.75,292.5,5.207737598035882
d292.5-v12.25,12.25,292.5,4.940525023719209
d292.5-v12.75,12.75,292.5,4.653224752900422
d292.5-v13.25,13.25,292.5,4.351511728135317
d292.5-v13.75,13.75,292.5,4.040851274075439
d292.5-v14.25,14.25,292.5,3.7263843997732438
d292.5-v14.75,14.75,292.5,3.4128326457662497
d292.5-v15.25,15.25,292.5,3.104424047209817
d292.5-v15.75,15.75,292.5,2.8048408144612953
d292.5-v16.25,16.25,292.5,2.5171884179480806
d292.5-v16.75,16.75,292.5,2.243984946600326
d292.5-v17.25,17.25,292.5,1.987168921183126
d292.5-v17.75,17.75,292.5,1.748123207775918
d292.5-v18.25,18.25,292.5,1.5277123039743867
d292.5-v18.75,18.75,292.5,1.3263300623399006
d292.5-v19.25,19.25,292.5,1.1439548640603883
d292.5-v19.75,19.75,292.5,0.9802093447733451
d292.5-v20.25,20.25,292.5,0.8344219821594779
d292.5-v20.75,20.75,292.5,0.7056881554706753
d292.5-v21.25,21.25,292.5,0.5929286530325646
d292.5-v21.75,21.75,292.5,0.4949440074560449
d292.5-v22.25,22.25,292.5,0.4104634540895612
d292.5-v22.75,22.75,292.5,0.3381877134850706
d292.5-v23.25,23.25,292.5,0.2768251746993352
d292.5-v23.75,23.75,292.5,0.22512138899416348
d292.5-v24.25,24.25,292.5,0.18188206349544533
d292.5-v24.75,24.75,292.5,0.14598996667713426
d297.5-v03.25,3.25,297.5,3.0089077607427965
d297.5-v03.75,3.75,297.5,3.49538838300171
d297.5-v04.25,4.25,297.5,3.957283706238733
d297.5-v04.75,4.75,297.5,4.386977976633053
d297.5-v05.25,5.25,297.5,4.777759200143557
d297.5-v05.75,5.75,297.5,5.123891864021428
d297.5-v06.25,6.25,297.5,5.420692285847733
d297.5-v06.75,6.75,297.5,5.664591887614407
d297.5-v07.25,7.25,297.5,5.853179421597053
d297.5-v07.75,7.75,297.5,5.985216794231991
d297.5-v08.25,8.25,297.5,6.060625753947911
d297.5-v08.75,8.75,297.5,6.080444792854974
d297.5-v09.25,9.25,297.5,6.046757349690634
d297.5-v09.75,9.75,297.5,5.962593859346083
d297.5-v10.25,10.25,297.5,5.831811385401226
d297.5-v10.75,10.75,297.5,5.658955488206058
d297.5-v11.25,11.25,297.5,5.449109610382882
d297.5-v11.75,11.75,297.5,5.207737598035882
d297.5-v12.25,12.25,297.5,4.940525023719209
d297.5-v12.75,12.75,297.5,4.653224752900422
d297.5-v13.25,13.25,297.5,4.351511728135317
d297.5-v13.75,13.75,297.5,4.040851274075439
d297.5-v14.25,14.25,297.5,3.7263843997732438
d297.5-v14.75,14.75,297.5,3.4128326457662497
d297.5-v15.25,15.25,297.5,3.104424047209817
d297.5-v15.75,15.75,297.5,2.8048408144612953
d297.5-v16.25,16.25,297.5,2.5171884179480806
d297.5-v16.75,16.75,297.5,2.243984946600326
d297.5-v17.25,17.25,297.5,1.987168921183126
d297.5-v17.75,17.75,297.5,1.748123207775918
d297.5-v18.25,18.25,297.5,1.5277123039743867
d297.5-v18.75,18.75,297.5,1.3263300623399006
d297.5-v19.25,19.25,297.5,1.1439548640603883
d297.5-v19.75,19.75,297.5,0.9802093447733451
d297.5-v20.25,20.25,297.5,0.8344219821594779
d297.5-v20.75,20.75,297.5,0.7056881554706753
d297.5-v21.25,21.25,297.5,0.5929286530325646
d297.5-v21.75,21.75,297.5,0.4949440074560449
d297.5-v22.25,22.25,297.5,0.4104634540895612
d297.5-v22.75,22.75,297.5,0.3381877134850706
d297.5-v23.25,23.25,297.5,0.2768251746993352
d297.5-v23.75,23.75,297.5,0.22512138899416348
d297.5-v24.25,24.25,297.5,0.18188206349544533
d297.5-v24.75,24.75,297.5,0.14598996667713426
d302.5-v03.25,3.25,302.5,3.037720609281782
d302.5-v03.75,3.75,302.5,3.4894839206280963
d302.5-v04.25,4.25,302.5,3.9041035416000307
d302.5-v04.75,4.75,302.5,4.273916698632347
d302.5-v05.25,5.25,302.5,4.592625975760238
d302.5-v05.75,5.75,302.5,4.855390868992738
d302.5-v06.25,6.25,302.5,5.058894616495111
d302.5-v06.75,6.75,302.5,5.201372776684725
d302.5-v07.25,7.25,302.5,5.282596824579134
d302.5-v07.75,7.75,302.5,5.303810813663003
d302.5-v08.25,8.25,302.5,5.2676228313694615
d302.5-v08.75,8.75,302.5,5.177855898814084
d302.5-v09.25,9.25,302.5,5.039365233840547
d302.5-v09.75,9.75,302.5,4.857830428156434
d302.5-v10.25,10.25,302.5,4.639532081439305
d302.5-v10.75,10.75,302.5,4.39112279580754
d302.5-v11.25,11.25,302.5,4.119402195883179
d302.5-v11.75,11.75,302.5,3.8311048647284993
d302.5-v12.25,12.25,302.5,3.5327088631755785
d302.5-v12.75,12.75,302.5,3.2302709396986065
d302.5-v13.25,13.25,302.5,2.929292763254919
d302.5-v13.75,13.75,302.5,2.634620649578521
d302.5-v14.25,14.25,302.5,2.3503794240322375
d302.5-v14.75,14.75,302.5,2.0799393795819334
d302.5-v15.25,15.25,302.5,1.8259138349183432
d302.5-v15.75,15.75,302.5,1.590183638879961
d302.5-v16.25,16.25,302.5,1.3739441401914354
d302.5-v16.75,16.75,302.5,1.177769656813807
d302.5-v17.25,17.25,302.5,1.0016903234872732
d302.5-v17.75,17.75,302.5,0.8452763357216369
d302.5-v18.25,18.25,302.5,0.7077249947698137
d302.5-v18.75,18.75,302.5,0.5879465326199739
d302.5-v19.25,19.25,302.5,0.48464539636304155
d302.5-v19.75,19.75,302.5,0.39639443611456743
d302.5-v20.25,20.25,302.5,0.3217002140380498
d302.5-v20.75,20.75,302.5,0.25905838651782037
d302.5-v21.25,21.25,302.5,0.2069987703204848
d302.5-v21.75,21.75,302.5,0.16412026122935267
d302.5-v22.25,22.25,302.5,0.12911621593762856
d302.5-v22.75,22.75,302.5,0.10079123093573744
d302.5-v23.25,23.25,302.5,0.0780704602867251
d302.5-v23.75,23.75,302.5,0.060002718682473095
d302.5-v24.25,24.25,302.5,0.045758632606025536
d302.5-v24.75,24.75,302.5,0.03462504881298601
d307.5-v03.25,3.25,307.5,3.037720609281782
d307.5-v03.75,3.75,307.5,3.4894839206280963
d307.5-v04.25,4.25,307.5,3.9041035416000307
d307.5-v04.75,4.75,307.5,4.273916698632347
d307.5-v05.25,5.25,307.5,4.592625975760238
d307.5-v05.75,5.75,307.5,4.855390868992738
d307.5-v06.25,6.25,307.5,5.058894616495111
d307.5-v06.75,6.75,307.5,5.201372776684725
d307.5-v07.25,7.25,307.5,5.282596824579134
d307.5-v07.75,7.75,307.5,5.303810813663003
d307.5-v08.25,8.25,307.5,5.2676228313694615
d307.5-v08.75,8.75,307.5,5.177855898814084
d307.5-v09.25,9.25,307.5,5.039365233840547
d307.5-v09.75,9.75,307.5,4.857830428156434
d307.5-v10.25,10.25,307.5,4.639532081439305
d307.5-v10.75,10.75,307.5,4.39112279580754
d307.5-v11.25,11.25,307.5,4.119402195883179
d307.5-v11.75,11.75,307.5,3.8311048647284993
d307.5-v12.25,12.25,307.5,3.5327088631755785
d307.5-v12.75,12.75,307.5,3.2302709396986065
d307.5-v13.25,13.25,307.5,2.929292763254919
d307.5-v13.75,13.75,307.5,2.634620649578521
d307.5-v14.25,14.25,307.5,2.3503794240322375
d307.5-v14.75,14.75,307.5,2.0799393795819334
d307.5-v15.25,15.25,307.5,1.8259138349183432
d307.5-v15.75,15.75,307.5,1.590183638879961
d307.5-v16.25,16.25,307.5,1.3739441401914354
d307.5-v16.75,16.75,307.5,1.177769656813807
d307.5-v17.25,17.25,307.5,1.0016903234872732
d307.5-v17.75,17.75,307.5,0.8452763357216369
d307.5-v18.25,18.25,307.5,0.7077249947698137
d307.5-v18.75,18.75,307.5,0.5879465326199739
d307.5-v19.25,19.25,307.5,0.48464539636304155
d307.5-v19.75,19.75,307.5,0.39639443611456743
d307.5-v20.25,20.25,307.5,0.3217002140380498
d307.5-v20.75,20.75,307.5,0.25905838651782037
d307.5-v21.25,21.25,307.5,0.2069987703204848
d307.5-v21.75,21.75,307.5,0.16412026122935267
d307.5-v22.25,22.25,307.5,0.12911621593762856
d307.5-v22.75,22.75,307.5,0.10079123093573744
d307.5-v23.25,23.25,307.5,0.0780704602867251
d307.5-v23.75,23.75,307.5,0.060002718682473095
d307.5-v24.25,24.25,307.5,0.045758632606025536
d307.5-v24.75,24.75,307.5,0.03462504881298601
d312.5-v03.25,3.25,312.5,3.037720609281782
d312.5-v03.75,3.75,312.5,3.4894839206280963
d312.5-v04.25,4.25,312.5,3.9041035416000307
d312.5-v04.75,4.75,312.5,4.273916698632347
d312.5-v05.25,5.25,312.5,4.592625975760238
d312.5-v05.75,5.75,312.5,4.855390868992738
d312.5-v06.25,6.25,312.5,5.058894616495111
d312.5-v06.75,6.75,312.5,5.201372776684725
d312.5-v07.25,7.25,312.5,5.282596824579134
d312.5-v07.75,7.75,312.5,5.303810813663003
d312.5-v08.25,8.25,312.5,5.2676228313694615
d312.5-v08.75,8.75,312.5,5.177855898814084
d312.5-v09.25,9.25,312.5,5.039365233840547
d312.5-v09.75,9.75,312.5,4.857830428156434
d312.5-v10.25,10.25,312.5,4.639532081439305
d312.5-v10.75,10.75,312.5,4.39112279580754
d312.5-v11.25,11.25,312.5,4.119402195883179
d312.5-v11.75,11.75,312.5,3.8311048647284993
d312.5-v12.25,12.25,312.5,3.5327088631755785
d312.5-v12.75,12.75,312.5,3.2302709396986065
d312.5-v13.25,13.25,312.5,2.929292763254919
d312.5-v13.75,13.75,312.5,2.634620649578521
d312.5-v14.25,14.25,312.5,2.3503794240322375
d312.5-v14.75,14.75,312.5,2.0799393795819334
d312.5-v15.25,15.25,312.5,1.8259138349183432
d312.5-v15.75,15.75,312.5,1.590183638879961
d312.5-v16.25,16.25,312.5,1.3739441401914354
d312.5-v16.75,16.75,312.5,1.177769656813807
d312.5-v17.25,17.25,312.5,1.0016903234872732
d312.5-v17.75,17.75,312.5,0.8452763357216369
d312.5-v18.25,18.25,312.5,0.7077249947698137
d312.5-v18.75,18.75,312.5,0.5879465326199739
d312.5-v19.25,19.25,312.5,0.48464539636304155
d312.5-v19.75,19.75,312.5,0.39639443611456743
d312.5-v20.25,20.25,312.5,0.3217002140380498
d312.5-v20.75,20.75,312.5,0.25905838651782037
d312.5-v21.25,21.25,312.5,0.2069987703204848
d312.5-v21.75,21.75,312.5,0.16412026122935267
d312.5-v22.25,22.25,312.5,0.12911621593762856
d312.5-v22.75,22.75,312.5,0.10079123093573744
d312.5-v23.25,23.25,312.5,0.0780704602867251
d312.5-v23.75,23.75,312.5,0.060002718682473095
d312.5-v24.25,24.25,312.5,0.045758632606025536
d312.5-v24.75,24.75,312.5,0.03462504881298601
d317.5-v03.25,3.25,317.5,3.037720609281782
d317.5-v03.75,3.75,317.5,3.4894839206280963
d317.5-v04.25,4.25,317.5,3.9041035416000307
d317.5-v04.75,4.75,317.5,4.273916698632347
d317.5-v05.25,5.25,317.5,4.592625975760238
d317.5-v05.75,5.75,317.5,4.855390868992738
d317.5-v06.25,6.25,317.5,5.058894616495111
d317.5-v06.75,6.75,317.5,5.201372776684725
d317.5-v07.25,7.25,317.5,5.282596824579134
d317.5-v07.75,7.75,317.5,5.303810813663003
d317.5-v08.25,8.25,317.5,5.2676228313694615
d317.5-v08.75,8.75,317.5,5.177855898814084
d317.5-v09.25,9.25,317.5,5.039365233840547
d317.5-v09.75,9.75,317.5,4.857830428156434
d317.5-v10.25,10.25,317.5,4.639532081439305
d317.5-v10.75,10.75,317.5,4.39112279580754
d317.5-v11.25,11.25,317.5,4.119402195883179
d317.5-v11.75,11.75,317.5,3.8311048647284993
d317.5-v12.25,12.25,317.5,3.5327088631755785
d317.5-v12.75,12.75,317.5,3.2302709396986065
d317.5-v13.25,13.25,317.5,2.929292763254919
d317.5-v13.75,13.75,317.5,2.634620649578521
d317.5-v14.25,14.25,317.5,2.3503794240322375
d317.5-v14.75,14.75,317.5,2.0799393795819334
d317.5-v15.25,15.25,317.5,1.8259138349183432
d317.5-v15.75,15.75,317.5,1.590183638879961
d317.5-v16.25,16.25,317.5,1.3739441401914354
d317.5-v16.75,16.75,317.5,1.177769656813807
d317.5-v17.25,17.25,317.5,1.0016903234872732
d317.5-v17.75,17.75,317.5,0.8452763357216369
d317.5-v18.25,18.25,317.5,0.7077249947698137
d317.5-v18.75,18.75,317.5,0.5879465326199739
d317.5-v19.25,19.25,317.5,0.48464539636304155
d317.5-v19.75,19.75,317.5,0.39639443611456743
d317.5-v20.25,20.25,317.5,0.3217002140380498
d317.5-v20.75,20.75,317.5,0.25905838651782037
d317.5-v21.25,21.25,317.5,0.2069987703204848
d317.5-v21.75,21.75,317.5,0.16412026122935267
d317.5-v22.25,22.25,317.5,0.12911621593762856
d317.5-v22.75,22.75,317.5,0.10079123093573744
d317.5-v23.25,23.25,317.5,0.0780704602867251
d317.5-v23.75,23.75,317.5,0.060002718682473095
d317.5-v24.25,24.25,317.5,0.045758632606025536
d317.5-v24.75,24.75,317.5,0.03462504881298601
d322.5-v03.25,3.25,322.5,3.037720609281782
d322.5-v03.75,3.75,322.5,3.4894839206280963
d322.5-v04.25,4.25,322.5,3.9041035416000307
d322.5-v04.75,4.75,322.5,4.273916698632347
d322.5-v05.25,5.25,322.5,4.592625975760238
d322.5-v05.75,5.75,322.5,4.855390868992738
d322.5-v06.25,6.25,322.5,5.058894616495111
d322.5-v06.75,6.75,322.5,5.201372776684725
d322.5-v07.25,7.25,322.5,5.282596824579134
d322.5-v07.75,7.75,322.5,5.303810813663003
d322.5-v08.25,8.25,322.5,5.2676228313694615
d322.5-v08.75,8.75,322.5,5.177855898814084
d322.5-v09.25,9.25,322.5,5.039365233840547
d322.5-v09.75,9.75,322.5,4.857830428156434
d322.5-v10.25,10.25,322.5,4.639532081439305
d322.5-v10.75,10.75,322.5,4.39112279580754
d322.5-v11.25,11.25,322.5,4.119402195883179
d322.5-v11.75,11.75,322.5,3.8311048647284993
d322.5-v12.25,12.25,322.5,3.5327088631755785
d322.5-v12.75,12.75,322.5,3.2302709396986065
d322.5-v13.25,13.25,322.5,2.929292763254919
d322.5-v13.75,13.75,322.5,2.634620649578521
d322.5-v14.25,14.25,322.5,2.3503794240322375
d322.5-v14.75,14.75,322.5,2.0799393795819334
d322.5-v15.25,15.25,322.5,1.8259138349183432
d322.5-v15.75,15.75,322.5,1.590183638879961
d322.5-v16.25,16.25,322.5,1.3739441401914354
d322.5-v16.75,16.75,322.5,1.177769656813807
d322.5-v17.25,17.25,322.5,1.0016903234872732
d322.5-v17.75,17.75,322.5,0.8452763357216369
d322.5-v18.25,18.25,322.5,0.7077249947698137
d322.5-v18.75,18.75,322.5,0.5879465326199739
d322.5-v19.25,19.25,322.5,0.48464539636304155
d322.5-v19.75,19.75,322.5,0.39639443611456743
d322.5-v20.25,20.25,322.5,0.3217002140380498
d322.5-v20.75,20.75,322.5,0.25905838651782037
d322.5-v21.25,21.25,322.5,0.2069987703204848
d322.5-v21.75,21.75,322.5,0.16412026122935267
d322.5-v22.25,22.25,322.5,0.12911621593762856
d322.5-v22.75,22.75,322.5,0.10079123093573744
d322.5-v23.25,23.25,322.5,0.0780704602867251
d322.5-v23.75,23.75,322.5,0.060002718682473095
d322.5-v24.25,24.25,322.5,0.045758632606025536
d322.5-v24.75,24.75,322.5,0.03462504881298601
d327.5-v03.25,3.25,327.5,3.037720609281782
d327.5-v03.75,3.75,327.5,3.4894839206280963
d327.5-v04.25,4.25,327.5,3.9041035416000307
d327.5-v04.75,4.75,327.5,4.273916698632347
d327.5-v05.25,5.25,327.5,4.592625975760238
d327.5-v05.75,5.75,327.5,4.855390868992738
d327.5-v06.25,6.25,327.5,5.058894616495111
d327.5-v06.75,6.75,327.5,5.201372776684725
d327.5-v07.25,7.25,327.5,5.282596824579134
d327.5-v07.75,7.75,327.5,5.303810813663003
d327.5-v08.25,8.25,327.5,5.2676228313694615
d327.5-v08.75,8.75,327.5,5.177855898814084
d327.5-v09.25,9.25,327.5,5.039365233840547
d327.5-v09.75,9.75,327.5,4.857830428156434
d327.5-v10.25,10.25,327.5,4.639532081439305
d327.5-v10.75,10.75,327.5,4.39112279580754
d327.5-v11.25,11.25,327.5,4.119402195883179
d327.5-v11.75,11.75,327.5,3.8311048647284993
d327.5-v12.25,12.25,327.5,3.5327088631755785
d327.5-v12.75,12.75,327.5,3.2302709396986065
d327.5-v13.25,13.25,327.5,2.929292763254919
d327.5-v13.75,13.75,327.5,2.634620649578521
d327.5-v14.25,14.25,327.5,2.3503794240322375
d327.5-v14.75,14.75,327.5,2.0799393795819334
d327.5-v15.25,15.25,327.5,1.8259138349183432
d327.5-v15.75,15.75,327.5,1.590183638879961
d327.5-v16.25,16.25,327.5,1.3739441401914354
d327.5-v16.75,16.75,327.5,1.177769656813807
d327.5-v17.25,17.25,327.5,1.0016903234872732
d327.5-v17.75,17.75,327.5,0.8452763357216369
d327.5-v18.25,18.25,327.5,0.7077249947698137
d327.5-v18.75,18.75,327.5,0.5879465326199739
d327.5-v19.25,19.25,327.5,0.48464539636304155
d327.5-v19.75,19.75,327.5,0.39639443611456743
d327.5-v20.25,20.25,327.5,0.3217002140380498
d327.5-v20.75,20.75,327.5,0.25905838651782037
d327.5-v21.25,21.25,327.5,0.2069987703204848
d327.5-v21.75,21.75,327.5,0.16412026122935267
d327.5-v22.25,22.25,327.5,0.12911621593762856
d327.5-v22.75,22.75,327.5,0.10079123093573744
d327.5-v23.25,23.25,327.5,0.0780704602867251
d327.5-v23.75,23.75,327.5,0.060002718682473095
d327.5-v24.25,24.25,327.5,0.045758632606025536
d327.5-v24.75,24.75,327.5,0.03462504881298601
d332.5-v03.25,3.25,332.5,2.6643650361092304
d332.5-v03.75,3.75,332.5,3.0514965700817385
d332.5-v04.25,4.25,332.5,3.4036679704648365
d332.5-v04.75,4.75,332.5,3.7143174114527526
d332.5-v05.25,5.25,332.5,3.978170274455678
d332.5-v05.75,5.75,332.5,4.191315821748266
d332.5-v06.25,6.25,332.5,4.351256217557275
d332.5-v06.75,6.75,332.5,4.456916929711979
d332.5-v07.25,7.25,332.5,4.50861367162514
d332.5-v07.75,7.75,332.5,4.507975402384395
d332.5-v08.25,8.25,332.5,4.457826252509215
d332.5-v08.75,8.75,332.5,4.362031853352201
d332.5-v09.25,9.25,332.5,4.2253174983719815
d332.5-v09.75,9.75,332.5,4.053066869261935
d332.5-v10.25,10.25,332.5,3.8511107254098893
d332.5-v10.75,10.75,332.5,3.625515004617361
d332.5-v11.25,11.25,332.5,3.3823772667125263
d332.5-v11.75,11.75,332.5,3.12763940824361
d332.5-v12.25,12.25,332.5,2.8669231886568043
d332.5-v12.75,12.75,332.5,2.605393455838146
d332.5-v13.25,13.25,332.5,2.347652168891789
d332.5-v13.75,13.75,332.5,2.097664513890378
d332.5-v14.25,14.25,332.5,1.858716708586174
d332.5-v14.75,14.75,332.5,1.6334035909718436
d332.5-v15.25,15.25,332.5,1.4236428567647632
d332.5-v15.75,15.75,332.5,1.230711898426911
d332.5-v16.25,16.25,332.5,1.0553026221995894
d332.5-v16.75,16.75,332.5,0.8975893734658353
d332.5-v17.25,17.25,332.5,0.7573051564094542
d332.5-v17.75,17.75,332.5,0.6338216464271086
d332.5-v18.25,18.25,332.5,0.5262290068372065
d332.5-v18.75,18.75,332.5,0.4334121734419888
d332.5-v19.25,19.25,332.5,0.35412099969978084
d332.5-v19.75,19.75,332.5,0.28703240445403405
d332.5-v20.25,20.25,332.5,0.23080338419840973
d332.5-v20.75,20.75,332.5,0.1841144039460395
d332.5-v21.25,21.25,332.5,0.1457032375602845
d332.5-v21.75,21.75,332.5,0.1143897739610538
d332.5-v22.25,22.25,332.5,0.08909263448794767
d332.5-v22.75,22.75,332.5,0.06883866230760863
d332.5-v23.25,23.25,332.5,0.05276645741127297
d332.5-v23.75,23.75,332.5,0.040125155504105656
d332.5-v24.25,24.25,332.5,0.030269603630277097
d332.5-v24.75,24.75,332.5,0.022652988182438872
d337.5-v03.25,3.25,337.5,2.6643650361092304
d337.5-v03.75,3.75,337.5,3.0514965700817385
d337.5-v04.25,4.25,337.5,3.4036679704648365
d337.5-v04.75,4.75,337.5,3.7143174114527526
d337.5-v05.25,5.25,337.5,3.978170274455678
d337.5-v05.75,5.75,337.5,4.191315821748266
d337.5-v06.25,6.25,337.5,4.351256217557275
d337.5-v06.75,6.75,337.5,4.456916929711979
d337.5-v07.25,7.25,337.5,4.50861367162514
d337.5-v07.75,7.75,337.5,4.507975402384395
d337.5-v08.25,8.25,337.5,4.457826252509215
d337.5-v08.75,8.75,337.5,4.362031853352201
d337.5-v09.25,9.25,337.5,4.2253174983719815
d337.5-v09.75,9.75,337.5,4.053066869261935
d337.5-v10.25,10.25,337.5,3.8511107254098893
d337.5-v10.75,10.75,337.5,3.625515004617361
d337.5-v11.25,11.25,337.5,3.3823772667125263
d337.5-v11.75,11.75,337.5,3.12763940824361
d337.5-v12.25,12.25,337.5,2.8669231886568043
d337.5-v12.75,12.75,337.5,2.605393455838146
d337.5-v13.25,13.25,337.5,2.347652168891789
d337.5-v13.75,13.75,337.5,2.097664513890378
d337.5-v14.25,14.25,337.5,1.858716708586174
d337.5-v14.75,14.75,337.5,1.6334035909718436
d337.5-v15.25,15.25,337.5,1.4236428567647632
d337.5-v15.75,15.75,337.5,1.230711898426911
d337.5-v16.25,16.25,337.5,1.0553026221995894
d337.5-v16.75,16.75,337.5,0.8975893734658353
d337.5-v17.25,17.25,337.5,0.7573051564094542
d337.5-v17.75,17.75,337.5,0.6338216464271086
d337.5-v18.25,18.25,337.5,0.5262290068372065
d337.5-v18.75,18.75,337.5,0.4334121734419888
d337.5-v19.25,19.25,337.5,0.35412099969978084
d337.5-v19.75,19.75,337.5,0.28703240445403405
d337.5-v20.25,20.25,337.5,0.23080338419840973
d337.5-v20.75,20.75,337.5,0.1841144039460395
d337.5-v21.25,21.25,337.5,0.1457032375602845
d337.5-v21.75,21.75,337.5,0.1143897739610538
d337.5-v22.25,22.25,337.5,0.08909263448794767
d337.5-v22.75,22.75,337.5,0.06883866230760863
d337.5-v23.25,23.25,337.5,0.05276645741127297
d337.5-v23.75,23.75,337.5,0.040125155504105656
d337.5-v24.25,24.25,337.5,0.030269603630277097
d337.5-v24.75,24.75,337.5,0.022652988182438872
d342.5-v03.25,3.25,342.5,2.6643650361092304
d342.5-v03.75,3.75,342.5,3.0514965700817385
d342.5-v04.25,4.25,342.5,3.4036679704648365
d342.5-v04.75,4.75,342.5,3.7143174114527526
d342.5-v05.25,5.25,342.5,3.978170274455678
d342.5-v05.75,5.75,342.5,4.191315821748266
d342.5-v06.25,6.25,342.5,4.351256217557275
d342.5-v06.75,6.75,342.5,4.456916929711979
d342.5-v07.25,7.25,342.5,4.50861367162514
d342.5-v07.75,7.75,342.5,4.507975402384395
d342.5-v08.25,8.25,342.5,4.457826252509215
d342.5-v08.75,8.75,342.5,4.362031853352201
d342.5-v09.25,9.25,342.5,4.2253174983719815
d342.5-v09.75,9.75,342.5,4.053066869261935
d342.5-v10.25,10.25,342.5,3.8511107254098893
d342.5-v10.75,10.75,342.5,3.625515004617361
d342.5-v11.25,11.25,342.5,3.3823772667125263
d342.5-v11.75,11.75,342.5,3.12763940824361
d342.5-v12.25,12.25,342.5,2.8669231886568043
d342.5-v12.75,12.75,342.5,2.605393455838146
d342.5-v13.25,13.25,342.5,2.347652168891789
d342.5-v13.75,13.75,342.5,2.097664513890378
d342.5-v14.25,14.25,342.5,1.858716708586174
d342.5-v14.75,14.75,342.5,1.6334035909718436
d342.5-v15.25,15.25,342.5,1.4236428567647632
d342.5-v15.75,15.75,342.5,1.230711898426911
d342.5-v16.25,16.25,342.5,1.0553026221995894
d342.5-v16.75,16.75,342.5,0.8975893734658353
d342.5-v17.25,17.25,342.5,0.7573051564094542
d342.5-v17.75,17.75,342.5,0.6338216464271086
d342.5-v18.25,18.25,342.5,0.5262290068372065
d342.5-v18.75,18.75,342.5,0.4334121734419888
d342.5-v19.25,19.25,342.5,0.35412099969978084
d342.5-v19.75,19.75,342.5,0.28703240445403405
d342.5-v20.25,20.25,342.5,0.23080338419840973
d342.5-v20.75,20.75,342.5,0.1841144039460395
d342.5-v21.25,21.25,342.5,0.1457032375602845
d342.5-v21.75,21.75,342.5,0.1143897739610538
d342.5-v22.25,22.25,342.5,0.08909263448794767
d342.5-v22.75,22.75,342.5,0.06883866230760863
d342.5-v23.25,23.25,342.5,0.05276645741127297
d342.5-v23.75,23.75,342.5,0.040125155504105656
d342.5-v24.25,24.25,342.5,0.030269603630277097
d342.5-v24.75,24.75,342.5,0.022652988182438872
d347.5-v03.25,3.25,347.5,2.6643650361092304
d347.5-v03.75,3.75,347.5,3.0514965700817385
d347.5-v04.25,4.25,347.5,3.4036679704648365
d347.5-v04.75,4.75,347.5,3.7143174114527526
d347.5-v05.25,5.25,347.5,3.978170274455678
d347.5-v05.75,5.75,347.5,4.191315821748266
d347.5-v06.25,6.25,347.5,4.351256217557275
d347.5-v06.75,6.75,347.5,4.456916929711979
d347.5-v07.25,7.25,347.5,4.50861367162514
d347.5-v07.75,7.75,347.5,4.507975402384395
d347.5-v08.25,8.25,347.5,4.457826252509215
d347.5-v08.75,8.75,347.5,4.362031853352201
d347.5-v09.25,9.25,347.5,4.2253174983719815
d347.5-v09.75,9.75,347.5,4.053066869261935
d347.5-v10.25,10.25,347.5,3.8511107254098893
d347.5-v10.75,10.75,347.5,3.625515004617361
d347.5-v11.25,11.25,347.5,3.3823772667125263
d347.5-v11.75,11.75,347.5,3.12763940824361
d347.5-v12.25,12.25,347.5,2.8669231886568043
d347.5-v12.75,12.75,347.5,2.605393455838146
d347.5-v13.25,13.25,347.5,2.347652168891789
d347.5-v13.75,13.75,347.5,2.097664513890378
d347.5-v14.25,14.25,347.5,1.858716708586174
d347.5-v14.75,14.75,347.5,1.6334035909718436
d347.5-v15.25,15.25,347.5,1.4236428567647632
d347.5-v15.75,15.75,347.5,1.230711898426911
d347.5-v16.25,16.25,347.5,1.0553026221995894
d347.5-v16.75,16.75,347.5,0.8975893734658353
d347.5-v17.25,17.25,347.5,0.7573051564094542
d347.5-v17.75,17.75,347.5,0.6338216464271086
d347.5-v18.25,18.25,347.5,0.5262290068372065
d347.5-v18.75,18.75,347.5,0.4334121734419888
d347.5-v19.25,19.25,347.5,0.35412099969978084
d347.5-v19.75,19.75,347.5,0.28703240445403405
d347.5-v20.25,20.25,347.5,0.23080338419840973
d347.5-v20.75,20.75,347.5,0.1841144039460395
d347.5-v21.25,21.25,347.5,0.1457032375602845
d347.5-v21.75,21.75,347.5,0.1143897739610538
d347.5-v22.25,22.25,347.5,0.08909263448794767
d347.5-v22.75,22.75,347.5,0.06883866230760863
d347.5-v23.25,23.25,347.5,0.05276645741127297
d347.5-v23.75,23.75,347.5,0.040125155504105656
d347.5-v24.25,24.25,347.5,0.030269603630277097
d347.5-v24.75,24.75,347.5,0.022652988182438872
d352.5-v03.25,3.25,352.5,2.6643650361092304
d352.5-v03.75,3.75,352.5,3.0514965700817385
d352.5-v04.25,4.25,352.5,3.4036679704648365
d352.5-v04.75,4.75,352.5,3.7143174114527526
d352.5-v05.25,5.25,352.5,3.978170274455678
d352.5-v05.75,5.75,352.5,4.191315821748266
d352.5-v06.25,6.25,352.5,4.351256217557275
d352.5-v06.75,6.75,352.5,4.456916929711979
d352.5-v07.25,7.25,352.5,4.50861367162514
d352.5-v07.75,7.75,352.5,4.507975402384395
d352.5-v08.25,8.25,352.5,4.457826252509215
d352.5-v08.75,8.75,352.5,4.362031853352201
d352.5-v09.25,9.25,352.5,4.2253174983719815
d352.5-v09.75,9.75,352.5,4.053066869261935
d352.5-v10.25,10.25,352.5,3.8511107254098893
d352.5-v10.75,10.75,352.5,3.625515004617361
d352.5-v11.25,11.25,352.5,3.3823772667125263
d352.5-v11.75,11.75,352.5,3.12763940824361
d352.5-v12.25,12.25,352.5,2.8669231886568043
d352.5-v12.75,12.75,352.5,2.605393455838146
d352.5-v13.25,13.25,352.5,2.347652168891789
d352.5-v13.75,13.75,352.5,2.097664513890378
d352.5-v14.25,14.25,352.5,1.858716708586174
d352.5-v14.75,14.75,352.5,1.6334035909718436
d352.5-v15.25,15.25,352.5,1.4236428567647632
d352.5-v15.75,15.75,352.5,1.230711898426911
d352.5-v16.25,16.25,352.5,1.0553026221995894
d352.5-v16.75,16.75,352.5,0.8975893734658353
d352.5-v17.25,17.25,352.5,0.7573051564094542
d352.5-v17.75,17.75,352.5,0.6338216464271086
d352.5-v18.25,18.25,352.5,0.5262290068372065
d352.5-v18.75,18.75,352.5,0.4334121734419888
d352.5-v19.25,19.25,352.5,0.35412099969978084
d352.5-v19.75,19.75,352.5,0.28703240445403405
d352.5-v20.25,20.25,352.5,0.23080338419840973
d352.5-v20.75,20.75,352.5,0.1841144039460395
d352.5-v21.25,21.25,352.5,0.1457032375602845
d352.5-v21.75,21.75,352.5,0.1143897739610538
d352.5-v22.25,22.25,352.5,0.08909263448794767
d352.5-v22.75,22.75,352.5,0.06883866230760863
d352.5-v23.25,23.25,352.5,0.05276645741127297
d352.5-v23.75,23.75,352.5,0.040125155504105656
d352.5-v24.25,24.25,352.5,0.030269603630277097
d352.5-v24.75,24.75,352.5,0.022652988182438872
d357.5-v03.25,3.25,357.5,2.6643650361092304
d357.5-v03.75,3.75,357.5,3.0514965700817385
d357.5-v04.25,4.25,357.5,3.4036679704648365
d357.5-v04.75,4.75,357.5,3.7143174114527526
d357.5-v05.25,5.25,357.5,3.978170274455678
d357.5-v05.75,5.75,357.5,4.191315821748266
d357.5-v06.25,6.25,357.5,4.351256217557275
d357.5-v06.75,6.75,357.5,4.456916929711979
d357.5-v07.25,7.25,357.5,4.50861367162514
d357.5-v07.75,7.75,357.5,4.507975402384395
d357.5-v08.25,8.25,357.5,4.457826252509215
d357.5-v08.75,8.75,357.5,4.362031853352201
d357.5-v09.25,9.25,357.5,4.2253174983719815
d357.5-v09.75,9.75,357.5,4.053066869261935
d357.5-v10.25,10.25,357.5,3.8511107254098893
d357.5-v10.75,10.75,357.5,3.625515004617361
d357.5-v11.25,11.25,357.5,3.3823772667125263
d357.5-v11.75,11.75,357.5,3.12763940824361
d357.5-v12.25,12.25,357.5,2.8669231886568043
d357.5-v12.75,12.75,357.5,2.605393455838146
d357.5-v13.25,13.25,357.5,2.347652168891789
d357.5-v13.75,13.75,357.5,2.097664513890378
d357.5-v14.25,14.25,357.5,1.858716708586174
d357.5-v14.75,14.75,357.5,1.6334035909718436
d357.5-v15.25,15.25,357.5,1.4236428567647632
d357.5-v15.75,15.75,357.5,1.230711898426911
d357.5-v16.25,16.25,357.5,1.0553026221995894
d357.5-v16.75,16.75,357.5,0.8975893734658353
d357.5-v17.25,17.25,357.5,0.7573051564094542
d357.5-v17.75,17.75,357.5,0.6338216464271086
d357.5-v18.25,18.25,357.5,0.5262290068372065
d357.5-v18.75,18.75,357.5,0.4334121734419888
d357.5-v19.25,19.25,357.5,0.35412099969978084
d357.5-v19.75,19.75,357.5,0.28703240445403405
d357.5-v20.25,20.25,357.5,0.23080338419840973
d357.5-v20.75,20.75,357.5,0.1841144039460395
d357.5-v21.25,21.25,357.5,0.1457032375602845
d357.5-v21.75,21.75,357.5,0.1143897739610538
d357.5-v22.25,22.25,357.5,0.08909263448794767
d357.5-v22.75,22.75,357.5,0.06883866230760863
d357.5-v23.25,23.25,357.5,0.05276645741127297
d357.5-v23.75,23.75,357.5,0.040125155504105656
d357.5-v24.25,24.25,357.5,0.030269603630277097
d357.5-v24.75,24.75,357.5,0.022652988182438872
below-cut-in-or-above-cut-out,0.0,0.0,521.0843077916907
