scenario_id,carrier,num_turbines,turbine_capacity_MW,farm_area_km2,farm_capacity_MW,stack_overplant_factor,compressor_outlet_pressure_bar,export_pipeline_diameter_inch,wake_loss_frac,farm_cf,infield_horizontal_cable_length_m,infield_horizontal_pipeline_length_m,num_export_pipelines,yield_el_MWh_year,yield_h2_MWh_year,yield_h2_kg_year,stack_sp_expected,stack_eff1,stack_eff2,total_LCOE,total_capex_EUR,total_annual_capex_EUR_per_year,total_annual_opex_EUR_per_year,total_annual_cost_EUR_per_year,turbine_sLCOE,hydrogen_sLCOE,infra_sLCOE,turbine_turbine_cLCOE,turbine_foundation_cLCOE,infra_development_cLCOE,infra_infield_cLCOE,infra_offshore-platform_cLCOE,infra_offshore-substation-converter_cLCOE,infra_export_cLCOE,infra_onshore-substation_cLCOE,hydrogen_stack_cLCOE,hydrogen_bop_cLCOE,hydrogen_electrical-bop_cLCOE,hydrogen_compressor_cLCOE
electricity_nt67_tc15_A50_926b1bfe,electricity,67,15.0,50.0,1005.0,,,,0.12196364197261267,0.5842717561373991,85000.00000000001,,,4602153.477206819,,,,,,89.62061024117777,4271698785.0,353446539.05083334,59001264.0,412447803.05083334,32.59590026691817,,57.02470997425961,22.763398921811064,9.832501345107108,1.378798340735304,1.01935216168892,16.490657865554944,21.98754382073993,12.850226212429515,3.2981315731109895,,,,
electricity_nt67_tc15_A75_c359a6d5,electricity,67,15.0,75.0,1005.0,,,,0.10356030071164046,0.5965178919825036,104103.31406828508,,,4698613.037454056,,,,,,87.96410640016848,4279340110.627314,354078793.3910079,59230503.76881942,413309297.15982735,31.926727006522718,,56.03737939364575,22.29608070849421,9.630646298028513,1.3504924809939765,1.1817762305911559,16.15211506723994,21.536153422986587,12.586419178386102,3.230423013447988,,,,
electricity_nt67_tc15_A100_f2a35312,electricity,67,15.0,100.0,1005.0,,,,0.09153300445663248,0.6045212160365162,120208.15280171309,,,4761653.095847237,,,,,,86.95206516631232,4285782046.120685,354611808.4558612,59423761.833620556,414035570.28948176,31.504045493552013,,55.44801967276032,22.000900399994126,9.503145093557889,1.3326131598532447,1.3186559809532268,15.938275407668726,21.251033876891636,12.419786165859737,3.1876550815337454,,,,
electricity_nt67_tc15_A125_1cc8c624,electricity,67,15.0,125.0,1005.0,,,,0.0829344886469785,0.6102429266312442,134396.80055715612,,,4806721.490874886,,,,,,86.2699098645193,4291457505.2228622,355081404.15493834,59594025.60668588,414675429.7616242,31.208659798756123,,55.06125006576318,21.794617329074946,9.414042469681178,1.320118419639707,1.4394097555559757,15.788836233067926,21.051781644090568,12.303336766795425,3.1577672466135853,,,,
electricity_nt67_tc15_A150_12e95070,electricity,67,15.0,150.0,1005.0,,,,0.07637904415256302,0.614605116228516,147224.31864335458,,,4841081.300008973,,,,,,85.77709838121412,4296588512.457342,355505951.1186054,59747955.823720254,415253906.94232565,30.98715482340817,,54.78994355780594,21.63992897637653,9.34722584703164,1.310748815181065,1.5486868578086683,15.676774202749083,20.902365603665448,12.21601323785186,3.1353548405498173,,,,
electricity_nt67_tc15_A175_a75eb836,electricity,67,15.0,175.0,1005.0,,,,0.07112564460992754,0.618100886020285,159020.43893789253,,,4868616.550401808,,,,,,85.40123612258694,4301306960.575157,355896362.3439447,59889509.26725471,415785871.61119944,30.811901944445324,,54.58933417814161,21.517540848932295,9.294361095513027,1.3033356627065404,1.649192038982491,15.58811166410882,20.784148885478427,12.146923594043564,3.1176223328217643,,,,
electricity_nt67_tc15_A200_ef44f15b,electricity,67,15.0,200.0,1005.0,,,,0.06663475603919733,0.6210892581165531,170000.00000000003,,,4892155.163880146,,,,,,85.09153906764121,4305698785.0,356259748.2522701,60021264.0,416281012.2522701,30.66365042213925,,54.42788864550196,21.41400916195987,9.249641260179377,1.2970646607923961,1.7424680966354928,15.513109436455105,20.684145915273476,12.088478649054467,3.1026218872910216,,,,
electricity_nt67_tc15_A225_94249dd2,electricity,67,15.0,225.0,1005.0,,,,0.06276482472800171,0.6236644266077568,180312.22920256964,,,4912439.0822823215,,,,,,84.83485525807356,4309823676.681028,356601047.75909364,60145010.75043084,416746058.50952446,30.537037354240088,,54.29781790383346,21.325588724122536,9.21144863011755,1.2917089600292562,1.829940362319876,15.449054363058272,20.59873915074436,12.038564195070045,3.0898108726116544,,,,
electricity_nt67_tc15_A250_a715f7e4,electricity,67,15.0,250.0,1005.0,,,,0.059365013522923005,0.6259267630647455,190065.77808748212,,,4930258.905819528,,,,,,84.61744467483307,4313725096.234993,356923856.8587371,60262053.33704978,417185910.1957869,30.426664932142877,,54.19077974269019,21.248509967174837,9.17815496496804,1.287040234477748,1.9125409883116715,15.3932156276439,20.5242875035252,11.995052263202885,3.0786431255287803,,,,
electricity_nt67_tc15_A275_b0f9ff91,electricity,67,15.0,275.0,1005.0,,,,0.05637957496838697,0.6279133635183052,199342.66979249578,,,4945906.830075891,,,,,,84.4343172286463,4317435852.916998,357230890.2364462,60373376.03750995,417604266.2739562,30.330400654510985,,54.10391657413532,21.1812836554083,9.149116999102684,1.2829682798704491,1.9910763904112405,15.344514372145413,20.459352496193887,11.957102161085244,3.068902874429083,,,,
electricity_nt67_tc15_A300_beb30832,electricity,67,15.0,300.0,1005.0,,,,0.05372158054745224,0.6296820728136833,208206.62813657016,,,4959838.483537466,,,,,,84.27774449867334,4320981436.254628,357524256.9326192,60479743.53763884,418004000.47025806,30.245205817487175,,54.032538681186175,21.12178770513937,9.123418112347807,1.2793645598024115,2.066077867021788,15.301413279745239,20.401884372993653,11.923515945674035,3.060282655949048,,,,
electricity_nt134_tc15_A50_af294743,electricity,134,15.0,50.0,2010.0,,,,0.19987053332050086,0.5324301714389027,170000.00000000003,,,8387622.160812247,,,,,,90.58580538043503,7818197570.0,646888980.6639621,112910528.0,759799508.6639621,35.769693216976584,,54.81611216345844,24.979822288731675,10.789870928244909,0.8027899726510788,1.1186042970158445,18.096317879450673,24.128423839267565,7.05071259918315,3.619263575890135,,,,
electricity_nt134_tc15_A75_22ae85c9,electricity,134,15.0,75.0,2010.0,,,,0.1669635217246026,0.5543274850052385,208206.62813657016,,,8732580.80963354,,,,,,87.20474662448694,7833480221.254628,648153489.3443111,113369007.53763884,761522496.8819499,34.35670142109554,,52.848045203391415,23.99305721522547,10.36364420587007,0.7710777732119968,1.2717223751959608,17.381468340646588,23.17529112086212,6.772191925345428,3.476293668129318,,,,
electricity_nt134_tc15_A100_9e236248,electricity,134,15.0,100.0,2010.0,,,,0.14721067263991205,0.5674716238759312,240416.30560342618,,,8939646.592886707,,,,,,85.34733842256803,7846364092.24137,649219519.4740179,113755523.66724111,762975043.141259,33.560909639414255,,51.78642878315377,23.437314755690004,10.123594883724252,0.753217579142771,1.4047495656169686,16.978867710000863,22.63849028000115,6.615330106391844,3.395773542000173,,,,
electricity_nt134_tc15_A125_715f2bce,electricity,134,15.0,125.0,2010.0,,,,0.13390535996319297,0.5763253784300694,268793.60111431225,,,9079123.940130174,,,,,,84.17714827170717,7857715010.4457245,650158710.8721721,114096051.21337175,764254762.0855439,33.04533273150434,,51.13181554020284,23.077260800023115,9.968071931481223,0.7416463316822507,1.5241210169241668,16.718031153191536,22.29070820425538,6.513702603511192,3.3436062306383074,,,,
electricity_nt134_tc15_A150_5839612d,electricity,134,15.0,150.0,2010.0,,,,0.12384664875398643,0.5830187468867987,294448.63728670916,,,9184567.712120822,,,,,,83.33671659220686,7867977024.914683,651007804.7995061,114403911.64744051,765411716.4469466,32.665954557254786,,50.67076203495206,22.812321447161132,9.853633110093648,0.7331318333251423,1.6325904978658998,16.52609917334198,22.034798897789305,6.438921797961343,3.305219834668396,,,,
electricity_nt134_tc15_A175_656bbe69,electricity,134,15.0,175.0,2010.0,,,,0.11583246262604852,0.5883516269665051,318040.87787578505,,,9268579.072740404,,,,,,82.69613279115862,7877413921.150314,651788627.2501849,114687018.53450942,766475645.7846943,32.36986696208459,,50.326265829074025,22.605548202996467,9.76431875908813,0.7264866504607786,1.732581357458727,16.376304898902443,21.83507319853659,6.380558743934996,3.275260979780489,,,,
electricity_nt134_tc15_A200_9d3dc56a,electricity,134,15.0,200.0,2010.0,,,,0.10927131205962848,0.5927176135554165,340000.00000000006,,,9337358.506798387,,,,,,82.19304490751378,7886197570.0,652515399.0668356,114950528.0,767465927.0668356,32.13142895752866,,50.06161594998512,22.439034642352894,9.69239431517577,0.7211353146806443,1.8258749068369249,16.25567624551108,21.674234994014775,6.333559239839481,3.2511352491022163,,,,
electricity_nt134_tc15_A225_b0c2dbb9,electricity,134,15.0,225.0,2010.0,,,,0.10374167039246607,0.5963972031511616,360624.4584051393,,,9395324.807153901,,,,,,81.78493403402753,7894447353.362056,653197998.0804826,115198021.50086167,768396019.5813442,31.933187800353792,,49.851746233673744,22.30059261416713,9.632595186186663,0.7166861288243004,1.9136050617986426,16.15538366052117,21.54051154736156,6.2944831030638335,3.2310767321042344,,,,
electricity_nt134_tc15_A250_38230803,electricity,134,15.0,250.0,2010.0,,,,0.09879467872880765,0.5996890799402007,380131.55617496424,,,9447183.285856918,,,,,,81.42910957444086,7902250192.469986,653843616.2797697,115432106.67409956,769275722.9538692,31.75789676498844,,49.67121280945242,22.17817784013837,9.579718924850072,0.7127520194475909,1.996218757496712,16.066701818098103,21.42226909079747,6.25993075999292,3.2133403636196207,,,,
electricity_nt134_tc15_A275_468857fe,electricity,134,15.0,275.0,2010.0,,,,0.09438692260006187,0.6026221332134768,398685.33958499157,,,9493389.049454588,,,,,,81.1209180513309,7909671705.833997,654457683.0351878,115654752.0750199,770112435.1102078,31.603326267283347,,49.517591784047546,22.07023328662116,9.533092980662186,0.7092829473235269,2.074639155150514,15.988502744813102,21.318003659750804,6.22946272804698,3.197700548962621,,,,
electricity_nt134_tc15_A300_2eceac3f,electricity,134,15.0,300.0,2010.0,,,,0.09043747982031347,0.6052502110232294,416413.2562731403,,,9534790.391564572,,,,,,80.8525276218801,7916762872.509256,655044416.4275339,115867487.07527769,770911903.5028116,31.46610037464466,,49.38642724723544,21.974401365706054,9.491699008938607,0.706203145382532,2.149478298737548,15.919078515776034,21.225438021034712,6.202413563149402,3.183815703155207,,,,
electricity_nt200_tc15_A50_457b3c04,electricity,200,15.0,50.0,3000.0,,,,0.262823585469372,0.4905393203403621,250000.00000000006,,,11533874.536962146,,,,,,100.65458048563112,11963471000.0,989874902.8918275,171062400.0,1160937302.8918276,38.82433701465046,,61.83024347098063,27.113037655114944,11.711299359535516,0.6169448460610039,1.1995410813240597,19.641698904551653,26.188931872735537,10.254786985398052,3.928339780910331,,,,
electricity_nt200_tc15_A75_49e77736,electricity,200,15.0,75.0,3000.0,,,,0.21729339526662605,0.5208364759693075,306186.2178478973,,,12246240.655968897,,,,,,95.00638945288631,11985945487.139158,991734474.480576,171736634.61417478,1163471109.094751,36.565918038647695,,58.4404714142386,25.535867162434467,11.030050876213227,0.5810570484930634,1.3366683700494328,18.49913759023396,24.66551678697861,9.658264100436751,3.6998275180467917,,,,
electricity_nt200_tc15_A100_8aa6b22c,electricity,200,15.0,100.0,3000.0,,,,0.19084460713814055,0.538436293728852,353553.3905932738,,,12660058.838313866,,,,,,92.06965160441173,12004892356.237309,993302165.8477918,172305040.68711928,1165607206.5349112,35.37069122874263,,56.698960375669095,24.701178614085777,10.669512614656853,0.5620640900307822,1.4617041052766493,17.894457976157245,23.859277301542992,9.342565307429979,3.578891595231449,,,,
electricity_nt200_tc15_A125_6557bfbf,electricity,200,15.0,125.0,3000.0,,,,0.17268877379871672,0.5505177303714018,395284.70752104744,,,12944125.311037686,,,,,,90.19451821617648,12021584883.008419,994683329.668607,172805816.49025255,1167489146.1588595,34.5944605253374,,55.60005769083909,24.15909666475228,10.435363860585118,0.5497292617080356,1.5750156237726787,17.501753530206226,23.335671373608303,9.137537195502592,3.5003507060412455,,,,
electricity_nt200_tc15_A150_b6bfc38f,electricity,200,15.0,150.0,3000.0,,,,0.1592964384045905,0.5594293924546059,433012.7018922193,,,13153662.01507226,,,,,,88.8870755757432,12036676080.756887,995931997.2088039,173258552.42270663,1169190549.6315105,34.043373746003454,,54.843701829739736,23.77424433376002,10.269129412243434,0.5409721218729333,1.679274033975956,17.2229521024865,22.963936136648666,8.991977014258385,3.4445904204973,,,,
electricity_nt200_tc15_A175_03a2dd7a,electricity,200,15.0,175.0,3000.0,,,,0.14894842293495658,0.566315272652737,467707.17334674275,,,13315567.238544842,,,,,,87.9237910503563,12050553869.338697,997080265.5186256,173674886.08016092,1170755151.5987866,33.629437190739615,,54.294353859616685,23.485171080417356,10.144266110322258,0.5343943914078926,1.7763572979762623,17.013536622165184,22.684715496220242,8.882642727414071,3.402707324433037,,,,
electricity_nt200_tc15_A200_b32d36cf,electricity,200,15.0,200.0,3000.0,,,,0.14055492220723298,0.5719005600562623,500000.0000000001,,,13446892.091607463,,,,,,87.17341074920515,12063471000.0,998149047.6019356,174062400.0,1172211447.6019356,33.301005842620974,,53.87240490658417,23.255810524812745,10.045195317808227,0.5291753962340613,1.867308882451973,16.847379254220225,22.4631723389603,8.795893183873563,3.3694758508440454,,,,
electricity_nt200_tc15_A225_a3254e99,electricity,200,15.0,225.0,3000.0,,,,0.13345905432566008,0.5766223636018465,530330.0858899107,,,13557914.159410639,,,,,,86.5604559014646,12075603034.355965,999152869.6808282,174426361.03067893,1173579230.711507,33.02831297223521,,53.53214292922938,23.065375024001476,9.962937948233739,0.5248421229864436,1.952902477644409,16.70942065233827,22.279227536451028,8.723866009341581,3.3418841304676543,,,,
electricity_nt200_tc15_A250_3ae5e7d4,electricity,200,15.0,250.0,3000.0,,,,0.12733702219305276,0.5806961476001357,559016.9943749474,,,13653699.57676383,,,,,,86.04795392899341,12087077797.749979,1000102308.2091914,174770603.93249938,1174872912.1416907,32.79660795157537,,53.25134597741805,22.903563453396707,9.893044498178666,0.5211601742580312,2.033951708667169,16.59219829645474,22.12293106193965,8.662665076807503,3.3184396592909478,,,,
electricity_nt200_tc15_A275_46be5e3d,electricity,200,15.0,275.0,3000.0,,,,0.12204322198007922,0.5842188012109991,586301.9699779288,,,13736526.463621104,,,,,,85.6186878327533,12097991787.99117,1001005347.5553948,175098023.63973516,1176103371.1951299,32.598854833761955,,53.01983299899133,22.76546224827714,9.83339258548482,0.5180177441173325,2.1112633324029586,16.49215261644579,21.989536821927715,8.61043196080839,3.2984305232891575,,,,
electricity_nt200_tc15_A300_a11adb59,electricity,200,15.0,300.0,3000.0,,,,0.11735847435264701,0.5873361729443175,612372.4356957946,,,13809824.103517164,,,,,,85.24938849206244,12108419974.278318,1001868190.779433,175410869.22834954,1177279060.0077825,32.42583169424054,,52.82355679782189,22.644631262926893,9.781200431313653,0.5152682899763191,2.1851917318912837,16.40461812979847,21.87282417306463,8.564730847131488,3.2809236259596943,,,,
electricity_nt267_tc15_A50_e9888056,electricity,267,15.0,50.0,4005.0,,,,0.3197382875485123,0.4526665686828744,335000.00000000006,,,14208920.516031567,,,,,,106.15085127706864,15509969785.0,1283317344.5049562,224971664.0,1508289008.5049562,42.07260975169142,,64.07824152537721,29.381474100024256,12.69113565166716,0.5281063983101845,1.3038690313198318,21.28503913819806,28.38005218426408,8.324166945645446,4.257007827639612,,,,
electricity_nt267_tc15_A75_07fcfbed,electricity,267,15.0,75.0,4005.0,,,,0.26120968809083256,0.49161325611416445,410289.5319161824,,,15431432.67919866,,,,,,97.96137145805012,15540085597.766472,1285809170.4338794,225875138.38299417,1511684308.8168736,38.739524727968515,,59.221846730081595,27.053808859487187,11.685715868481331,0.4862686435921246,1.4205986052614745,19.598791348969065,26.131721798625424,7.664708063839698,3.9197582697938134,,,,
electricity_nt267_tc15_A100_e189e46b,electricity,267,15.0,100.0,4005.0,,,,0.2284434818380432,0.5134168735774408,473761.5433949869,,,16115834.596484255,,,,,,93.9787927407181,15565474402.357994,1287909876.8659484,226636802.52073985,1514546679.3866882,37.09434744348966,,56.88444529722845,25.90489667982568,11.18945076366398,0.4656179481535577,1.5378814024610006,18.76647637977467,25.021968506366232,7.339205784518053,3.7532952759549345,,,,
electricity_nt267_tc15_A125_58caf90b,electricity,267,15.0,125.0,4005.0,,,,0.20638930042434966,0.5280923880785722,529681.5080782035,,,16576489.8193455,,,,,,91.51928393864742,15587842388.231281,1289760636.3858407,227307842.09693843,1517068478.482779,36.063507677369145,,55.455776261278274,25.18500808560014,10.878499591769009,0.4526785778759882,1.6472752497512622,18.244962147674915,24.326616196899888,7.135251659541237,3.6489924295349834,,,,
electricity_nt267_tc15_A150_7421c841,electricity,267,15.0,150.0,4005.0,,,,0.1899811006719092,0.5390108968587206,580237.020535574,,,16919214.982067663,,,,,,89.80016866896356,15608064593.21423,1291433850.8897047,227914508.24642688,1519348359.1361315,35.33298492261023,,54.46718374635332,24.674846355079858,10.65813856753038,0.44350886524878774,1.7486580844248047,17.8753819025188,23.833842536691733,6.990715976965437,3.57507638050376,,,,
electricity_nt267_tc15_A175_60587fed,electricity,267,15.0,175.0,4005.0,,,,0.17718602589573662,0.5475251237936724,626727.6122846353,,,17186471.241186146,,,,,,88.5257307577048,15626660829.913855,1292972530.4248657,228472395.34741563,1521444925.7722814,34.78354337399977,,53.74218738370504,24.29114297358647,10.492400400413299,0.43661213126838666,1.8434551370114305,17.597412816803697,23.4632170890716,6.882007646189174,3.51948256336074,,,,
electricity_nt267_tc15_A200_0350799c,electricity,267,15.0,200.0,4005.0,,,,0.16689778095010377,0.5543712308904917,670000.0000000001,,,17401366.261743966,,,,,,87.5446410070462,15643969785.0,1294404698.416501,228991664.0,1523396362.416501,34.353990305809795,,53.1906507012364,23.991163903543114,10.36282640226669,0.43122026884141246,1.9328324474628202,17.38009675482613,23.17346233976818,6.79701953937263,3.4760193509652266,,,,
electricity_nt267_tc15_A225_96a0511e,electricity,267,15.0,225.0,4005.0,,,,0.15840895787594067,0.5600199486454417,710642.3150924803,,,17578675.979647633,,,,,,86.76587437809411,15660226711.036991,1295749820.002217,229479371.78110975,1525229191.7833269,34.00747408712297,,52.758400290971124,23.74917374974297,10.258300337380009,0.4268707066610106,2.0176010268789435,17.204790033415225,22.93972004455364,6.728460472779264,3.4409580066830454,,,,
electricity_nt267_tc15_A250_89dc20cd,electricity,267,15.0,250.0,4005.0,,,,0.15119851360022407,0.5648179947639059,749082.7724624296,,,17729283.646849304,,,,,,86.1265889426464,15675602893.984972,1297022067.630224,229940657.26954916,1526962724.8997731,33.7185855769212,,52.4080033657252,23.547427998044103,10.171157578877102,0.423244502545405,2.098239757744888,17.05863786262023,22.744850483493643,6.671303186796983,3.4117275725240463,,,,
electricity_nt267_tc15_A275_b935e085,electricity,267,15.0,275.0,4005.0,,,,0.1449295024765268,0.5689895829959882,785644.6397704246,,,17860227.192752726,,,,,,85.58746333594553,15690227640.908169,1298232140.3541362,230379399.67724508,1528611540.0313814,33.471375330901395,,52.11608800504413,23.374788328587908,10.096587002313491,0.420141454899409,2.1751740633807843,16.93357122679825,22.578094969064335,6.6223920455417105,3.38671424535965,,,,
electricity_nt267_tc15_A300_6b294539,electricity,267,15.0,300.0,4005.0,,,,0.13937132902855787,0.5726881584953638,820579.0638323647,,,17976323.164774876,,,,,,85.1223550563878,15704201410.532946,1299388350.2743475,230798612.76598838,1530186963.040336,33.25520810814175,,51.867146948246045,23.223827603919972,10.031380504221787,0.41742806739818034,2.2487649779200316,16.824209629692913,22.432279506257217,6.57962284103912,3.364841925938583,,,,
electricity_nt334_tc15_A50_c74aa60c,electricity,334,15.0,50.0,5010.0,,,,0.37754831085821705,0.41419804339607563,420000.00000000006,,,16263945.566402752,,,,,,117.73154426438609,19709668570.0,1630806499.3645115,283972928.0,1914779427.3645115,45.980091397052306,,71.75145286733378,32.110270137091476,13.86982125996083,0.4852376806279924,1.427561745700604,23.261881084636936,31.015841446182584,10.90855469325829,4.6523762169273875,,,,
electricity_nt334_tc15_A75_ba8963ed,electricity,334,15.0,75.0,5010.0,,,,0.3058673815919626,0.46189668598764916,514392.8459844675,,,18136885.670947924,,,,,,105.80847542416716,19747425708.393787,1633930579.6336093,285105642.1518136,1919036221.7854228,41.23186952750954,,64.57660589665761,28.79434182400339,12.437527703506152,0.4351286856895494,1.514845571843367,20.85969855004856,27.81293140006475,9.782061979001682,4.171939710009712,,,,
electricity_nt334_tc15_A100_74496d6e,electricity,334,15.0,100.0,5010.0,,,,0.2654756507913347,0.4887745564454643,593969.6961967,,,19192275.065070953,,,,,,100.17701700117772,19779256448.47868,1636564301.1305318,286060564.3543604,1922624865.4848921,38.96451572752183,,61.212501273655896,27.210931682747475,11.753584044774351,0.4112008189620023,1.6185274825321645,19.712617000848006,26.283489334464008,9.244143236680117,3.9425234001696015,,,,
electricity_nt334_tc15_A125_5da4c15a,electricity,334,15.0,125.0,5010.0,,,,0.23912756493088294,0.5063073638922203,664078.3086353597,,,19880720.195333403,,,,,,96.86704028484667,19807299893.454144,1638884656.3495011,286901867.7036243,1925786524.0531254,37.6152219976124,,59.25181828723428,26.26865025517178,11.346571742440622,0.39696143534848655,1.7215112368716448,19.02999307949992,25.37332410599989,8.924029813614347,3.805998615899984,,,,
electricity_nt334_tc15_A150_f3e50495,electricity,334,15.0,150.0,5010.0,,,,0.21994488646374843,0.5190720941143169,727461.3391789284,,,20381941.48503291,,,,,,94.6251800057145,19832653105.67157,1640982417.8170319,287662464.07014716,1928644881.887179,36.6902095253795,,57.93497048033501,25.62266632036209,11.067543205017417,0.3871995820563239,1.819416519994058,18.562018147804437,24.749357530405916,8.704575070513389,3.7124036295608875,,,,
electricity_nt334_tc15_A175_c0e49b34,electricity,334,15.0,175.0,5010.0,,,,0.2049301424047162,0.5290633556368275,785748.0512225277,,,20774259.450152844,,,,,,92.96472963699286,19855967790.489014,1642911508.5775328,288361904.61467034,1931273413.192203,35.99732184987129,,56.967407787121566,25.13878710744133,10.85853474242996,0.3798873910975021,1.9115854621789032,18.21147794175091,24.281970589001215,8.540190814742846,3.6422955883501826,,,,
electricity_nt334_tc15_A200_2fa3fc2d,electricity,334,15.0,200.0,5010.0,,,,0.19273335305629202,0.5371794654843189,840000.0000000001,,,21092947.504997957,,,,,,91.67613914647538,19877668570.0,1644707062.4774933,289012928.0,1933719990.4774933,35.45344734028695,,56.22269180618842,24.758971476527844,10.69447586375911,0.3741477677612964,1.9986940956329546,17.936325288015055,23.915100384020075,8.411159213156031,3.587265057603011,,,,
electricity_nt334_tc15_A225_66604f64,electricity,334,15.0,225.0,5010.0,,,,0.18264716031412132,0.5438911209782303,890954.54429505,,,21356488.10195109,,,,,,90.65244514264039,19898050387.718018,1646393483.5700326,289624382.53154063,1936017866.1015732,35.01594925392077,,55.636495888719615,24.453443990373714,10.562505263547061,0.36953075743666886,2.0816262041582516,17.714989745814314,23.619986327752418,8.307364904395104,3.542997949162863,,,,
electricity_nt334_tc15_A250_6c7ad304,electricity,334,15.0,250.0,5010.0,,,,0.1741352794699691,0.5495551820656528,939148.5505499117,,,21578893.742632814,,,,,,89.8188421529252,19917327990.219963,1647988540.297683,290202710.606599,1938191250.904282,34.65505287430188,,55.16378927862333,24.201411428259146,10.453641446042733,0.3657221412101135,2.1608897388654906,17.53240792808637,23.376543904115163,8.221743980728911,3.5064815856172746,,,,
electricity_nt334_tc15_A275_46118771,electricity,334,15.0,275.0,5010.0,,,,0.16683130460399076,0.5544154662471826,984987.3095629204,,,21769738.191625204,,,,,,89.12640129317106,19935663493.82517,1649505646.3993049,290752775.71475506,1940258422.11406,34.351249290979844,,54.77515200219121,23.98924971146638,10.361999579513466,0.3625160374017355,2.2369024765320944,17.378710042466754,23.17161338995567,8.149668047341603,3.475742008493351,,,,
electricity_nt334_tc15_A300_a30a88db,electricity,334,15.0,300.0,5010.0,,,,0.16046236796688584,0.5586535479162028,1028785.691968935,,,21936151.16887097,,,,,,88.540307931297,19953182846.787575,1650955223.015689,291278356.30362725,1942233579.3193161,34.090652360250466,,54.44965557104653,23.807261429399727,10.28339093085074,0.3597659025846045,2.309973982649484,17.24687092189387,22.995827895858493,8.087842683681302,3.4493741843787737,,,,
electricity_nt400_tc15_A50_5800fd54,electricity,400,15.0,50.0,6000.0,,,,0.42542967825025124,0.38233634387003945,500000.0000000001,,,17979473.768007364,,,,,,125.51971973516027,23201742000.0,1919745708.3459501,337032800.0,2256778508.34595,49.81180627260842,,75.70791346255184,34.78615432966414,15.025651942944279,0.46019949287009637,1.5390168269042683,25.200391711241192,33.60052228165492,9.867704807633135,5.040078342248238,,,,
electricity_nt400_tc15_A75_adb70daa,electricity,400,15.0,75.0,6000.0,,,,0.34298599593877066,0.4371968454952581,612372.4356957946,,,20559304.23844159,,,,,,110.01569384447451,23246690974.278316,1923464851.5234475,338381269.22834957,2261846120.751797,43.56130216414921,,66.45439168032529,30.42110481981275,13.140197344336462,0.40245256425736786,1.5923848732429513,22.03818652912331,29.384248705497743,8.629481702379262,4.407637305824662,,,,
electricity_nt400_tc15_A100_73ea270e,electricity,400,15.0,100.0,6000.0,,,,0.2963199360277793,0.4682498429331587,707106.7811865476,,,22019580.14944029,,,,,,102.91378401643681,23284584712.474617,1926600234.2578788,339518081.37423855,2266118315.6321173,40.672440534166704,,62.241343482270125,28.40366369455732,12.268776839609384,0.3757630551515538,1.6808004377392898,20.576676695958174,27.43556892794423,8.057199026285241,4.115335339191635,,,,
electricity_nt400_tc15_A125_196f9603,electricity,400,15.0,125.0,6000.0,,,,0.2658452353533518,0.4885286237809262,790569.4150420949,,,22973195.504467953,,,,,,98.80567962078045,23317969766.016838,1929362561.8995094,340519632.9805051,2269882194.8800144,38.98413105139198,,59.82154856938848,27.224630075446573,11.759500975945407,0.3601651632877537,1.7748684197625642,19.722540629041,26.296720838721328,7.722745392767639,3.9445081258081993,,,,
electricity_nt400_tc15_A150_40888235,electricity,400,15.0,150.0,6000.0,,,,0.24405182027468109,0.5030306165330863,866025.4037844386,,,23655155.779633224,,,,,,96.10103704252857,23348152161.513775,1931859896.979903,341425104.84541327,2273285001.8253164,37.860247996613026,,58.24078904591555,26.4397645522396,11.420483444373424,0.34978187365107605,1.8675508442539779,19.15395467849235,25.5386062379898,7.500104475829876,3.83079093569847,,,,
electricity_nt400_tc15_A175_c275c679,electricity,400,15.0,175.0,6000.0,,,,0.22729429857581107,0.5141815746249653,935414.3466934855,,,24179532.71035272,,,,,,94.14632751712352,23375907738.677395,1934156433.5995467,342257772.16032183,2276414205.7598686,37.039179993415324,,57.1071475237082,25.866370403108117,11.172809590307201,0.34219622063107646,1.956465025542482,18.73856650346994,24.984755337959918,7.337451135410799,3.747713300693988,,,,
electricity_nt400_tc15_A200_3654c4e2,electricity,400,15.0,200.0,6000.0,,,,0.21372529357021974,0.5232107979722366,1000000.0000000002,,,24604134.46982586,,,,,,92.6399910779832,23401742000.0,1936293997.7661667,343032800.0,2279326797.7661667,36.39998250350021,,56.240008574482985,25.419985816899125,10.979996686601087,0.3362908262534281,2.0410798091536786,18.415188807858033,24.553585077144042,7.210826292502205,3.6830377615716063,,,,
electricity_nt400_tc15_A225_9249f10b,electricity,400,15.0,225.0,6000.0,,,,0.2023517328735166,0.5307791067569974,1060660.1717798214,,,24960036.312393147,,,,,,91.42864759584587,23426006068.71193,1938301641.9239516,343760722.06135786,2282062363.9853096,35.88095998765634,,55.54768760818954,25.05752561543793,10.823434372218406,0.3314957000282854,2.1215741693818577,18.152609076566257,24.203478768755005,7.1080080781448824,3.630521815313251,,,,
electricity_nt400_tc15_A250_452b0f4d,electricity,400,15.0,250.0,6000.0,,,,0.19272857397932652,0.5371826456256262,1118033.9887498948,,,25261164.523082063,,,,,,90.44118788578048,23448955595.499958,1940200518.9806783,344449207.86499876,2284649726.845677,35.45323745455574,,54.98795043122473,24.758824902492815,10.694412552062929,0.3275440727424817,2.198708262907803,17.93621910430005,23.914958805733402,7.023276364680987,3.58724382086001,,,,
electricity_nt400_tc15_A275_f33d9bed,electricity,400,15.0,275.0,6000.0,,,,0.18448766503890957,0.5426663938722286,1172603.9399558576,,,25519039.32188397,,,,,,89.6236968838883,23470783575.98234,1942006597.673085,345104047.2794703,2287110644.952555,35.094975673610506,,54.52872121027779,24.50863221656256,10.586343457047944,0.3242341769116935,2.272924483670184,17.754970161718507,23.67329354895801,6.952304806675699,3.5509940323437017,,,,
electricity_nt400_tc15_A300_fdc580cf,electricity,400,15.0,300.0,6000.0,,,,0.17732518576251488,0.5474325226399696,1224744.8713915893,,,25743167.86348992,,,,,,88.93474317995164,23491639948.556637,1943732284.1211615,345729738.4566991,2289462022.5778604,34.78942719732611,,54.14531598262553,24.295251950987502,10.494175246338612,0.321411286830901,2.3444755214199695,17.600389513769315,23.467186018359087,6.891775739492395,3.520077902753863,,,,
hydrogen_central_nt67_tc15_A50_4acdf7f5,hydrogen_central,67,15.0,50.0,1005.0,1.6,150.0,8.0,0.12196364197261267,0.5842717561373991,85000.00000000001,,1.0,,3890443.2972964514,98642071.43246582,0.3553894921050406,,,73.21326837849736,2931730589.637956,242575631.4971526,42256437.73913868,284832069.2362913,38.55893128177195,10.44468415662342,24.209652940101986,26.927691138400363,11.631240143371585,1.6310330451523476,1.2058304766130306,19.507426953152343,,1.865362465184267,,5.137468328831165,1.950984566065088,2.8541490715728686,0.5020821901543
hydrogen_central_nt67_tc15_A75_b421a8ac,hydrogen_central,67,15.0,75.0,1005.0,1.6,150.0,8.0,0.10356030071164046,0.5965178919825036,104103.31406828508,,1.0,,3967848.3455336117,100604674.07539584,0.3629292158215377,,,72.0021378001694,2939371915.26527,243207885.83732715,42485677.5079581,285693563.34528524,37.806721097328136,10.240928566550178,23.954488136291076,26.402383956781524,11.404337140546614,1.5992147445163032,1.3994257645102022,19.126874776557354,,1.8289728507072152,,5.0372462565189275,1.9129246299749867,2.798470142510515,0.4922875375457497
hydrogen_central_nt67_tc15_A100_8dc04a01,hydrogen_central,67,15.0,100.0,1005.0,1.6,150.0,8.0,0.09153300445663248,0.6045212160365162,120208.15280171309,,1.0,,4017443.0686636604,101862146.77139099,0.36777301004214336,,,71.2940623126771,2945813850.7586412,243740900.9021805,42678935.57275924,286419836.4749397,37.34000288048464,10.114505862314669,23.839553569877797,26.076450545920427,11.263552334564217,1.5794726819346523,1.562930009647159,18.89075641901657,,1.8063944592794126,,4.975062218273669,1.8893098666116273,2.7639234545964824,0.48621032283289106
hydrogen_central_nt67_tc15_A125_9c1facd5,hydrogen_central,67,15.0,125.0,1005.0,1.6,150.0,8.0,0.0829344886469785,0.6102429266312442,134396.80055715612,,1.0,,4053367.298570791,102773004.52765697,0.371276369631775,,,70.82005522872277,2951489309.860819,244210496.60125768,42849199.345824555,287059695.9470822,37.00906547723367,10.024862904440377,23.78612684704872,25.845339882718534,11.163725594515133,1.5654741134412766,1.7069368000885201,18.723331207648325,,1.7903847258705994,,4.930969180123744,1.8725652695853727,2.739427322290968,0.48190113244029387
hydrogen_central_nt67_tc15_A150_28e02d14,hydrogen_central,67,15.0,150.0,1005.0,1.6,150.0,8.0,0.07637904415256302,0.614605116228516,147224.31864335458,,1.0,,4080904.1162540335,103471199.70218138,0.37396163349192224,,,70.48393320052175,2956620317.095298,244635043.5649246,43003129.56285893,287638173.12778354,36.75933849035968,9.957217888964623,23.76737682119745,25.670942643274167,11.088395847085513,1.5549107250298775,1.8371710712451585,18.59699132236789,,1.778303702554517,,4.897696357374996,1.8599297145809888,2.720942420763886,0.4786493962447526
hydrogen_central_nt67_tc15_A175_40cc3e40,hydrogen_central,67,15.0,175.0,1005.0,1.6,150.0,8.0,0.07112564460992754,0.618100886020285,159020.43893789253,,1.0,,4102986.6628873693,104031102.00018685,0.3761136476811052,,,70.23423702622158,2961338765.2131133,245025454.790264,43144683.00639339,288170137.7966574,36.56149729000523,9.90362748118674,23.769112255029615,25.532779925571628,11.0287173644336,1.5465420922710318,1.9569363284575392,18.496901080342358,,1.7687327539586815,,4.871336630401976,1.8499194493689497,2.706298128001097,0.4760732734147177
hydrogen_central_nt67_tc15_A200_ab14acd5,hydrogen_central,67,15.0,200.0,1005.0,1.6,150.0,8.0,0.06663475603919733,0.6210892581165531,170000.00000000003,,1.0,,4121864.3998345803,104509746.44611005,0.37795336464497875,,,70.03269647815509,2965730589.637956,245388840.69858938,43276437.73913868,288665278.43772805,36.39404919824739,9.858269833220321,23.780377446687385,25.41584228371584,10.978206914531544,1.5394590803221542,2.068099158524924,18.412187077390854,,1.7606321304494539,,4.849026383734538,1.841446998712854,2.6939035465191874,0.4738929042537426
hydrogen_central_nt67_tc15_A225_f4912eeb,hydrogen_central,67,15.0,225.0,1005.0,1.6,150.0,8.0,0.06276482472800171,0.6236644266077568,180312.22920256964,,1.0,,4138127.722283201,104922102.49196757,0.3795387303390736,,,69.86984068617762,2969855481.318984,245730140.20541283,43400184.489569515,289130324.69498235,36.2510163589914,9.819525688079555,23.799298639106677,25.315955072372038,10.935061286619366,1.533408827381696,2.1723521257449527,18.33982504423961,,1.7537126417404145,,4.829969147000184,1.8342098981876949,2.6833161927778795,0.4720304501137965
hydrogen_central_nt67_tc15_A250_216db0b0,hydrogen_central,67,15.0,250.0,1005.0,1.6,150.0,8.0,0.059365013522923005,0.6259267630647455,190065.77808748212,,1.0,,4152407.9794005128,105284177.97668643,0.3809315265942723,,,69.73548307819463,2973756900.872949,246052949.3050564,43517227.07618846,289570176.38124484,36.12634801307299,9.785756041096054,23.823379024025588,25.228892734230595,10.897455278842395,1.5281353878666972,2.2708082363645348,18.276753829075425,,1.7476815707189326,,4.813358736455264,1.8279019946572184,2.6740881869195903,0.47040712306398225
hydrogen_central_nt67_tc15_A275_4b8950c6,hydrogen_central,67,15.0,275.0,1005.0,1.6,150.0,8.0,0.05637957496838697,0.6279133635183052,199342.66979249578,,1.0,,4164758.6144654043,105597327.9529768,0.3821379263357564,,,69.62913323528537,2977467657.5549545,246359982.6827655,43628549.776648626,289988532.4594141,36.01921495163048,9.756736279595867,23.853182004059022,25.154076189960893,10.86513876166959,1.5236036864519418,2.3645255896305697,18.222553925165087,,1.7424988028114203,,4.79908467097068,1.82248133224668,2.6661581505392657,0.46901212583924284
hydrogen_central_nt67_tc15_A300_7d0a4dab,hydrogen_central,67,15.0,300.0,1005.0,1.6,150.0,8.0,0.05372158054745224,0.6296820728136833,208206.62813657016,,1.0,,4175721.4137442666,105875289.3951386,0.38320901278769137,,,69.54205941514954,2981013240.8925843,246653349.3789385,43734917.27677752,290388266.655716,35.924651309909265,9.731121270630483,23.886286834609784,25.088037519994046,10.836613789915221,1.5196036683137273,2.454046019715445,18.174713041821605,,1.7379241047590064,,4.7864853146541995,1.817696650737724,2.6591585081412217,0.4677807970973386
hydrogen_central_nt134_tc15_A50_8224fb89,hydrogen_central,134,15.0,50.0,2010.0,1.6,150.0,8.0,0.19987053332050086,0.5324301714389027,170000.00000000003,,2.0,,7125567.012242774,180668534.7931738,0.32364223122075053,,,78.53482114103699,5755080384.529968,476183679.19906044,83421451.63589904,559605130.8349595,42.10509437307728,10.82963353794836,25.600093230011336,29.40415978716206,12.700934585915217,0.9449772844065466,1.31672752143226,21.30147349873971,,2.0369149254328174,,5.609947725039523,1.6145499753693244,3.1166376250219563,0.4884982125175588
hydrogen_central_nt134_tc15_A75_a224fbf8,hydrogen_central,134,15.0,75.0,2010.0,1.6,150.0,8.0,0.1669635217246026,0.5543274850052385,208206.62813657016,,2.0,,7403199.304839049,187707893.12472233,0.33709588883059016,,,75.82237029415637,5770363035.7845955,477448187.8794095,83879931.17353788,561328119.0529474,40.52608327268194,10.42350426014372,24.872782761330722,28.301454867649635,12.224628405032298,0.9095390638321383,1.5000836734948975,20.50263279762982,,1.9605272263738662,,5.3995653505936625,1.5540016647382642,2.9997585281075896,0.47017871670420375
hydrogen_central_nt134_tc15_A100_8f2bac25,hydrogen_central,134,15.0,100.0,2010.0,1.6,150.0,8.0,0.14721067263991205,0.5674716238759312,240416.30560342618,,2.0,,7567457.96397657,191872666.42942622,0.3450813096478078,,,74.3685221630917,5783246906.771338,478514218.00911623,84266447.30314015,562780665.3122563,39.64642723360586,10.197252480294289,24.524842449191553,27.687145670250622,11.959281563355242,0.8897966790353609,1.6594693657905457,20.057604230816615,,1.9179721735490265,,5.282362801384142,1.5202706244123725,2.9346460007689674,0.45997305372880615
hydrogen_central_nt134_tc15_A125_31a101b5,hydrogen_central,134,15.0,125.0,2010.0,1.6,150.0,8.0,0.13390535996319297,0.5763253784300694,268793.60111431225,,2.0,,7679744.847005324,194719696.93218368,0.35053240029032967,,,73.44780269314464,5794597824.975693,479453409.40727055,84606974.84927078,564060384.2565414,39.06674993625088,10.0481566809832,24.332896075910558,27.282327105414083,11.7844228308368,0.8767868072741685,1.8018415830322383,19.76433851626869,,1.8899291693354576,,5.205128457560108,1.4980424836113133,2.8917380319778374,0.4532477078339402
hydrogen_central_nt134_tc15_A150_730e63d6,hydrogen_central,134,15.0,150.0,2010.0,1.6,150.0,8.0,0.12384664875398643,0.5830187468867987,294448.63728670916,,2.0,,7763721.036946169,196848910.67307732,0.3546162390742861,,,72.80237606789001,5804859839.444652,480302503.33460444,84914835.28333953,565217338.617944,38.64418493199507,9.939470921927446,24.21872021396749,26.987228160960807,11.656956771034263,0.8673030539148071,1.9313725857044042,19.5505577998572,,1.8694867744910797,,5.148827251741603,1.4818389261232816,2.86045958430089,0.4483451597616711
hydrogen_central_nt134_tc15_A175_f0cb265b,hydrogen_central,134,15.0,175.0,2010.0,1.6,150.0,8.0,0.11583246262604852,0.5883516269665051,318040.87787578505,,2.0,,7831391.243980697,198564686.71350655,0.3578996740757307,,,72.30915303726428,5814296735.680282,481083325.7852832,85197942.17040846,566281267.9556917,38.310264698213025,9.853585025776175,24.14530331327508,26.75403443330176,11.556230264911264,0.8598087817744382,2.0505382519236197,19.381623538658882,,1.8533327409181357,,5.1043367908189445,1.4690345157958498,2.8357426615660795,0.4444710575953006
hydrogen_central_nt134_tc15_A200_5ac5274e,hydrogen_central,134,15.0,200.0,2010.0,1.6,150.0,8.0,0.10927131205962848,0.5927176135554165,340000.00000000006,,2.0,,7886701.092126779,199967066.23039502,0.36058796114773023,,,71.92760859215711,5823080384.529968,481810097.601934,85461451.63589904,567271549.237833,38.041592803824926,9.784481317507801,24.101534470824383,26.566406987489444,11.475185816335486,0.8537788977203707,2.1617211549608717,19.245699196880807,,1.8403352212623347,,5.06853980935752,1.4587320997360937,2.8158554496430663,0.44135395877112094
hydrogen_central_nt134_tc15_A225_83cfe05b,hydrogen_central,134,15.0,225.0,2010.0,1.6,150.0,8.0,0.10374167039246607,0.5963972031511616,360624.4584051393,,2.0,,7933289.364645178,201148310.46260595,0.3628536671062659,,,71.62245263415457,5831330167.892023,482492696.61558086,85708945.13676071,568201641.7523415,37.818193402754694,9.72702191307681,24.077237318323082,26.41039565956743,11.407797743187265,0.8487650778369416,2.266265641126804,19.132678753811224,,1.8295278455481108,,5.038774789697323,1.450165689830928,2.799319327609623,0.4387621059389354
hydrogen_central_nt134_tc15_A250_4bc7a576,hydrogen_central,134,15.0,250.0,2010.0,1.6,150.0,8.0,0.09879467872880765,0.5996890799402007,380131.55617496424,,2.0,,7974971.731899983,202205165.61612535,0.36488069844732923,,,71.35841533438096,5839133006.999953,483138314.8148679,85943030.3099986,569081345.1248665,37.62053103110999,9.676182196861312,24.061702106409673,26.272357827179462,11.348173203930525,0.8443288818381598,2.364728693056327,19.032678983380116,,1.819965548135069,,5.012438889288008,1.4425861847372532,2.7846882718266706,0.43646885100938076
hydrogen_central_nt134_tc15_A275_91d4cfe5,hydrogen_central,134,15.0,275.0,2010.0,1.6,150.0,8.0,0.09438692260006187,0.6026221332134768,398685.33958499157,,2.0,,8010934.638037924,203117004.00704676,0.3666366375263429,,,71.1425174504722,5846554520.363964,483752381.5702862,86165675.71091893,569918057.2812052,37.45164391775031,9.632743615991233,24.058129916730653,26.15441524229368,11.29722867545663,0.8405384976072213,2.4585591478373976,18.947236962098003,,1.8117953091880319,,4.989936911997905,1.4361100875149317,2.772187173332169,0.43450944314622664
hydrogen_central_nt134_tc15_A300_d93ff0fa,hydrogen_central,134,15.0,300.0,2010.0,1.6,150.0,8.0,0.09043747982031347,0.6052502110232294,416413.2562731403,,2.0,,8042974.640757866,203929377.30116293,0.3682022266058698,,,70.9585136302297,5853645687.039224,484339114.9626322,86378410.71117672,570717525.6738089,37.302451507406225,9.594370607814275,24.061691515009205,26.050226484659774,11.252225022746451,0.8371901275137636,2.5481648202421994,18.871758727872983,,1.8045778393802576,,4.970058993768178,1.4303891977738472,2.761143885426765,0.4327785308454844
hydrogen_central_nt200_tc15_A50_d65e874b,hydrogen_central,200,15.0,50.0,3000.0,1.6,150.0,8.0,0.262823585469372,0.4905393203403621,250000.00000000006,,3.0,,9842845.646435559,249565051.88731134,0.2980365448784739,,,84.26025243672836,8528476481.256607,705658485.6267147,123702173.23769823,829360658.8644129,45.49446859098885,11.409134964516127,27.356648881223386,31.771134676207428,13.723333914781422,0.7229377261716903,1.4056256524690989,23.01619866810829,,2.2118868344743055,,6.0615370746465524,1.4862961910547878,3.367520597025862,0.4937811017889256
hydrogen_central_nt200_tc15_A75_36aa3b2f,hydrogen_central,200,15.0,75.0,3000.0,1.6,150.0,8.0,0.21729339526662605,0.5208364759693075,306186.2178478973,,3.0,,10416380.232573789,264107003.86850378,0.3165815160835823,,,79.86406472239379,8550950968.395765,707518057.2154633,124376407.85187298,831894465.0673363,42.989505193693184,10.780938474567899,26.09362105413271,30.02178949383037,12.967715699862813,0.6831321718115513,1.5714828156577745,21.748907566703572,,2.090098499959815,,5.72778378609077,1.4044594827374681,3.1821021033837606,0.46659310235590046
hydrogen_central_nt200_tc15_A100_0b836b6d,hydrogen_central,200,15.0,100.0,3000.0,1.6,150.0,8.0,0.19084460713814055,0.538436293728852,353553.3905932738,,3.0,,10747043.128156733,272490951.52527213,0.3273087898887916,,,77.60558439766348,8569897837.4939165,709085748.582679,124944813.9248175,834030562.5074966,41.66681260769416,10.449232693676182,25.489539096293132,29.09808501751697,12.568727590177197,0.6621136963757115,1.7218931529663655,21.079741483901646,,2.02579076304941,,5.5515524683788575,1.3612473513862706,3.084195815766032,0.4522370581450224
hydrogen_central_nt200_tc15_A125_f0400f35,hydrogen_central,200,15.0,125.0,3000.0,1.6,150.0,8.0,0.17268877379871672,0.5505177303714018,395284.70752104744,,3.0,,10976302.559699565,278303817.4366016,0.3347485851069109,,,76.15610972683729,8586590364.265026,710466912.4034942,125445589.72795078,835912502.131445,40.79652776262124,10.230982045574828,25.128599918641225,28.49032020839134,12.3062075542299,0.6482842844382937,1.8573831661500557,20.639453916810254,,1.9834785512426194,,5.435598507000849,1.332815300404565,3.0197769483338046,0.44279128983561017
hydrogen_central_nt200_tc15_A150_5451bfc6,hydrogen_central,200,15.0,150.0,3000.0,1.6,150.0,8.0,0.1592964384045905,0.5594293924546059,433012.7018922193,,3.0,,11143894.142848736,282553096.9282134,0.3401978520382148,,,75.16348368596178,8601681562.013494,711715579.9436911,125898325.66040486,837613905.6040959,40.18299405644239,10.077119629420332,24.903370000099066,28.061857966472505,12.12113608996988,0.638534820905435,1.9821260674646128,20.329059837961946,,1.953649273767071,,5.3538532438572535,1.3127712634299695,2.9743629132540295,0.4361322088790817
hydrogen_central_nt200_tc15_A175_a1ece898,hydrogen_central,200,15.0,175.0,3000.0,1.6,150.0,8.0,0.14894842293495658,0.566315272652737,467707.17334674275,,3.0,,11272487.763307331,285813584.2623563,0.3443855944370807,,,74.44483641871423,8615559350.595304,712863848.253513,126314659.31785914,839178507.5713722,39.72459686896404,9.962162458993445,24.75807709075674,27.741735559735485,11.982861309228557,0.6312505810700734,2.098312771549458,20.097151189225833,,1.9313625489113764,,5.292777872875471,1.29779550890771,2.9404321515974834,0.43115692561278074
hydrogen_central_nt200_tc15_A200_bbebe272,hydrogen_central,200,15.0,200.0,3000.0,1.6,150.0,8.0,0.14055492220723298,0.5719005600562623,500000.0000000001,,3.0,,11377676.787859585,288480648.77940124,0.34780723949008474,,,73.88457408734887,8628476481.256607,713932630.3368229,126702173.23769823,840634803.5745211,39.35733458218186,9.870060163328764,24.65717934183825,27.485257356203732,11.87207722597813,0.6254145361455369,2.206909328873237,19.911348782522776,,1.913506694296705,,5.243845023753444,1.2857971153695877,2.9132472354185794,0.42717078878715475
hydrogen_central_nt200_tc15_A225_e79c03fa,hydrogen_central,200,15.0,225.0,3000.0,1.6,150.0,8.0,0.13345905432566008,0.5766223636018465,530330.0858899107,,3.0,,11467180.473469486,290750012.00480443,0.35071457538636686,,,73.42716796270479,8640608515.612572,714936452.4157155,127066134.26837716,842002586.6840926,39.050142547571674,9.79302232792945,24.584003087203662,27.27072930905139,11.779413238520284,0.6205330479585722,2.308962016849844,19.75593663865505,,1.8985713837401985,,5.2029157423595604,1.2757612062776873,2.890508745755311,0.4238366335368911
hydrogen_central_nt200_tc15_A250_f67d482d,hydrogen_central,200,15.0,250.0,3000.0,1.6,150.0,8.0,0.12733702219305276,0.5806961476001357,559016.9943749474,,3.0,,11543714.480594527,292690529.42683893,0.35320536882686265,,,73.05241909195632,8652083279.006586,715885890.9440787,127410377.17019759,843296268.1142763,38.79124287598037,9.728095285435339,24.533080930540617,27.089926310609894,11.701316565370476,0.6164189579233743,2.4057218004197143,19.62495618188731,,1.8859839903102211,,5.16842078051984,1.267303000089788,2.871344878066578,0.42102662675913377
hydrogen_central_nt200_tc15_A275_618135db,hydrogen_central,200,15.0,275.0,3000.0,1.6,150.0,8.0,0.12204322198007922,0.5842188012109991,586301.9699779288,,3.0,,11609818.247358143,294366588.4218596,0.3553545332328316,,,72.74245894072376,8662997269.247778,716788930.290282,127737796.87743336,844526727.1677153,38.57037402024888,9.672705637802485,24.49937928267242,26.935682193059854,11.634691827189023,0.6129092031490039,2.4980084975770835,19.51321597213089,,1.8752456098154402,,5.138992922604023,1.2600872538867127,2.8549960681133464,0.4186293931984025
hydrogen_central_nt200_tc15_A300_4aba83fe,hydrogen_central,200,15.0,300.0,3000.0,1.6,150.0,8.0,0.11735847435264701,0.5873361729443175,612372.4356957946,,3.0,,11668984.28875691,295866741.60134155,0.3572739680943071,,,72.47438123600902,8673425455.534925,717651773.5143203,128050642.46604776,845702415.980368,38.37480804041919,9.623661463258886,24.475911732330953,26.79910837923836,11.575699661180828,0.6098015281029299,2.586095987716289,19.41427679152521,,1.865737424986526,,5.112936338716108,1.2536981481355505,2.8405201881756152,0.4165067882316118
hydrogen_central_nt267_tc15_A50_2735f3a2,hydrogen_central,267,15.0,50.0,4005.0,1.6,150.0,8.0,0.3197382875485123,0.4526665686828744,335000.00000000006,,4.0,,12176561.6134507,308736349.22542346,0.27484588926269427,,,90.56616298776787,11339858567.879826,938276307.827979,164508155.88639477,1102784463.7143738,49.09484194646853,12.111951663483604,29.35936937781573,34.28546114938731,14.809380797081223,0.6162512929190213,1.5214944922442963,24.83767083814475,,2.383952754507663,,6.5412392725777595,1.4288614793333674,3.634021818098757,0.5078290934737191
hydrogen_central_nt267_tc15_A75_bd8dd600,hydrogen_central,267,15.0,75.0,4005.0,1.6,150.0,8.0,0.26120968809083256,0.49161325611416445,410289.5319161824,,4.0,,13165615.035716357,333813768.65406585,0.29869638238276025,,,84.02036372971486,11369974380.646297,940768133.7569021,165411630.26938897,1106179764.0262911,45.406641941302254,11.202053629051758,27.41166815936084,31.70980079536932,13.69684114593294,0.5699560421021247,1.6650852756810202,22.971766110038114,,2.2048607315395805,,6.049835333540321,1.3215197157891365,3.361019629744624,0.46967894997767545
hydrogen_central_nt267_tc15_A100_742bc356,hydrogen_central,267,15.0,100.0,4005.0,1.6,150.0,8.0,0.2284434818380432,0.5134168735774408,473761.5433949869,,4.0,,13715379.117625922,347753020.223781,0.3120103753919668,,,80.86120879960602,11395363185.23782,942868840.1889713,166173294.40713462,1109042134.5961058,43.5865726158123,10.753033104277277,26.521603079516442,30.438752480022497,13.147820135789809,0.5471100560358407,1.8070402646923531,22.050971154461823,,2.1164816043264256,,5.807335134360733,1.2685482253880778,3.226297296867075,0.45085244766138943
hydrogen_central_nt267_tc15_A125_51ac198a,hydrogen_central,267,15.0,125.0,4005.0,1.6,150.0,8.0,0.20638930042434966,0.5280923880785722,529681.5080782035,,4.0,,14088751.318141008,357219861.0076321,0.32104962707157203,,,78.89726410749553,11417731171.111107,944719599.7088636,166844333.98333323,1111563933.6921968,42.4314656682206,10.468062240522594,25.997736198752325,29.632081701486843,12.799383966733762,0.5326108516043591,1.9381448923725206,21.466588661115175,,2.060391793660272,,5.653432389590664,1.2349298704553178,3.1407957719948145,0.4389042084817971
hydrogen_central_nt267_tc15_A150_e95e6a33,hydrogen_central,267,15.0,150.0,4005.0,1.6,150.0,8.0,0.1899811006719092,0.5390108968587206,580237.020535574,,4.0,,14360630.604693819,364113352.04598933,0.3276616831040643,,,77.56231916316304,11437953376.094055,946392814.2127274,167451000.13282168,1113843814.345549,41.62814184973207,10.269878095836534,25.66429921759444,29.07107923203807,12.557062617694003,0.5225273209899619,2.060210507109879,21.06017748248636,,2.021383907008238,,5.546400100621817,1.2115498489670966,3.0813333892343433,0.4305947570132764
hydrogen_central_nt267_tc15_A175_1b561a85,hydrogen_central,267,15.0,175.0,4005.0,1.6,150.0,8.0,0.17718602589573662,0.5475251237936724,626727.6122846353,,4.0,,14576416.179774573,369584588.7366778,0.3329047684326133,,,76.55793901728163,11456549612.79368,947931493.7478887,168008887.2338104,1115940380.981699,41.011889376023774,10.117845420342933,25.428204220914917,28.640718334480294,12.371171041543489,0.5147919588087094,2.1735444642850332,20.748407946455497,,1.9914598513656734,,5.464292597612861,1.1936143717088994,3.0357181097849235,0.4242203412362493
hydrogen_central_nt267_tc15_A200_dc2e37e8,hydrogen_central,267,15.0,200.0,4005.0,1.6,150.0,8.0,0.16689778095010377,0.5543712308904917,670000.0000000001,,4.0,,14748963.226575777,373959513.8584122,0.3371028743836758,,,75.79460335297455,11473858567.879826,949363661.7395239,168528155.88639477,1117891817.6259186,40.53209426860771,9.999477483529208,25.26303160083763,28.30565265623824,12.22644161236947,0.5087694451686051,2.2804264153482623,20.505673832742563,,1.9681619075781975,,5.40036623641095,1.179650364090605,3.0002034646727513,0.4192574183549026
hydrogen_central_nt267_tc15_A225_ad688866,hydrogen_central,267,15.0,225.0,4005.0,1.6,150.0,8.0,0.15840895787594067,0.5600199486454417,710642.3150924803,,4.0,,14890944.28853741,377559439.3645388,0.3405605993300854,,,75.19500612561382,11490115493.916817,950708783.3252399,169015863.66750455,1119724646.9927444,40.14563188742643,9.90413521344458,25.145239024742793,28.035766036170543,12.109865851255893,0.5039184683118672,2.3817666643888056,20.31015786742848,,1.9493960246136437,,5.348875228294186,1.1684027220209254,2.971597349052326,0.41525991407714213
hydrogen_central_nt267_tc15_A250_ea7f89f6,hydrogen_central,267,15.0,250.0,4005.0,1.6,150.0,8.0,0.15119851360022407,0.5648179947639059,749082.7724624296,,4.0,,15012275.245806139,380635782.09447616,0.3435151601637321,,,74.70274570288629,11505491676.864798,951981030.9532467,169477149.15594393,1121458180.1091907,39.821170214075465,9.824088838948358,25.057486649862458,27.80917770926913,12.011992504806344,0.4998457405511134,2.4779913247692313,20.146008805678328,,1.9336407788637826,,5.305644995625674,1.158959555118041,2.9475805531253756,0.41190373507926603
hydrogen_central_nt267_tc15_A275_66c8a6a0,hydrogen_central,267,15.0,275.0,4005.0,1.6,150.0,8.0,0.1449295024765268,0.5689895829959882,785644.6397704246,,4.0,,15114558.904270668,383229181.14276546,0.34601436257733775,,,74.30630310511155,11520116423.787994,953191103.6771592,169915891.56363988,1123106995.240799,39.551691296454955,9.757606994926812,24.99700481372979,27.620986677495747,11.930704618959213,0.49646317071660545,2.5703100700336674,20.009676181143636,,1.9205553918358818,,5.269740488977235,1.1511166121608105,2.927633604987354,0.4091162888014122
hydrogen_central_nt267_tc15_A300_e8416f21,hydrogen_central,267,15.0,300.0,4005.0,1.6,150.0,8.0,0.13937132902855787,0.5726881584953638,820579.0638323647,,4.0,,15208212.814832993,385603773.1955627,0.34829161634887973,,,73.9523066873985,11534090193.412771,954347313.5973704,170335104.65238315,1124682418.2497535,39.30812746654497,9.697518537201267,24.946660683652265,27.45089348854363,11.85723397800134,0.4934058938390467,2.6580720862408738,19.88645431107471,,1.9087283924976322,,5.237288825494463,1.1440279046608095,2.9096049030524807,0.4065969039935124
hydrogen_central_nt334_tc15_A50_1b6ed373,hydrogen_central,334,15.0,50.0,5010.0,1.6,150.0,8.0,0.37754831085821705,0.41419804339607563,420000.00000000006,,5.0,,14006364.526843933,355130946.42099226,0.2513622201850233,,,98.23289748748964,14148380146.369118,1170657447.4467978,205228323.29107356,1375885770.7378714,53.39127809979886,13.01858157326072,31.823037814430055,37.285884187238146,16.10539391256071,0.5634495096408487,1.6576597360618026,27.011289546804218,,2.5906390219231867,,7.113682645120461,1.420791980548783,3.9520459139558115,0.5320610336356633
hydrogen_central_nt334_tc15_A75_2483350c,hydrogen_central,334,15.0,75.0,5010.0,1.6,150.0,8.0,0.3058673815919626,0.46189668598764916,514392.8459844675,,5.0,,15524728.808548972,393629026.5859273,0.2805072173306389,,,88.89962473281868,14186137284.762905,1173781527.7158957,206361037.4428872,1380142565.158783,48.16945357577408,11.745325885314825,28.984845271729768,33.639214705287664,14.530238870486418,0.5083424851940336,1.7697301694916245,24.369505734897906,,2.337266882146203,,6.417943494186753,1.2818343329401312,3.565524163437085,0.48002389475085455
hydrogen_central_nt334_tc15_A100_b90fbdfb,hydrogen_central,334,15.0,100.0,5010.0,1.6,150.0,8.0,0.2654756507913347,0.4887745564454643,593969.6961967,,5.0,,16377222.266735898,415243972.280322,0.2969466589684376,,,84.49120286220794,14217968024.847797,1176415249.212818,207315959.64543396,1383731208.8582518,45.66205986828361,11.133939331574165,27.695203662350174,31.88817231191122,13.7738875563724,0.48188142628622344,1.896733410538566,23.100985110344535,,2.2156037151808494,,6.083866398895672,1.215110234951281,3.3799257771642623,0.45503692056294953
hydrogen_central_nt334_tc15_A125_e1ce4c65,hydrogen_central,334,15.0,125.0,5010.0,1.6,150.0,8.0,0.23912756493088294,0.5063073638922203,664078.3086353597,,5.0,,16930670.60058353,429276637.9458299,0.30765344561468744,,,81.91600321954671,14246011469.823261,1178735604.4317875,208157262.99469787,1386892867.4264853,44.16940836319312,10.769980908568288,26.976613947785307,30.84577675347036,13.323631609722762,0.46612915759102835,2.0214723929593137,22.345834766853798,,2.1431776303811603,,5.884990299935696,1.1753893785930094,3.269439055519831,0.4401621745197513
hydrogen_central_nt334_tc15_A150_a8c4d5f9,hydrogen_central,334,15.0,150.0,5010.0,1.6,150.0,8.0,0.21994488646374843,0.5190720941143169,727461.3391789284,,5.0,,17335863.02475583,439550279.53234875,0.31549270903130233,,,80.16625554066485,14271364682.04069,1180833365.8993182,208917859.36122072,1389751225.260539,43.13703347517161,10.51825333859381,26.510968726899417,30.124816104417686,13.012217370753929,0.45523428589805354,2.1391055636783562,21.823543898126616,,2.0930849791963935,,5.747439981128017,1.1479169146621182,3.1930222117377873,0.42987423106588796
hydrogen_central_nt334_tc15_A175_f0ea0421,hydrogen_central,334,15.0,175.0,5010.0,1.6,150.0,8.0,0.2049301424047162,0.5290633556368275,785748.0512225277,,5.0,,17652932.971669868,447589578.3891955,0.3216287533413906,,,78.87526445606004,14294679366.85813,1182762456.659819,209617299.9057439,1392379756.5655627,42.362235489139955,10.329331643085846,26.18369732383425,29.583734695546326,12.778500793593631,0.44705767801681423,2.24958495090736,21.43156428112133,,2.05549041378874,,5.644208382581054,1.127298813648663,3.1356713236561413,0.42215312319998755
hydrogen_central_nt334_tc15_A200_a119b930,hydrogen_central,334,15.0,200.0,5010.0,1.6,150.0,8.0,0.19273335305629202,0.5371794654843189,840000.0000000001,,5.0,,17905252.415797926,453987130.21800023,0.32653337548374095,,,77.90040047802891,14316380146.369118,1184558010.5597796,210268323.29107356,1394826333.8508532,41.7652701148227,10.183771493590369,25.95135886961584,29.166842974599337,12.598427140223366,0.4407577754971012,2.3545241730598936,21.12955232057303,,2.026524600485816,,5.564670630832899,1.11141300520426,3.091483683796055,0.41620417375715457
hydrogen_central_nt334_tc15_A225_55230fa0,hydrogen_central,334,15.0,225.0,5010.0,1.6,150.0,8.0,0.18264716031412132,0.5438911209782303,890954.54429505,,5.0,,18118139.953233056,459384887.25235945,0.3306663662655323,,,77.1119007293917,14336761964.087137,1186244431.652319,210879777.82261416,1397124209.4749331,41.27452959024302,10.064112519729443,25.77325861941924,28.824133546829874,12.450396043413152,0.4355788864017987,2.4536859399787563,20.881280788713557,,2.002713004325132,,5.4992859373547915,1.0983539396289832,3.0551588540859953,0.4113137886596726
hydrogen_central_nt334_tc15_A250_491f263e,hydrogen_central,334,15.0,250.0,5010.0,1.6,150.0,8.0,0.1741352794699691,0.5495551820656528,939148.5505499117,,5.0,,18297686.792167593,463937291.89065903,0.33415442077667445,,,76.47401609675697,14356039566.589083,1187839488.3799694,211458105.8976725,1399297594.2776418,40.86952149273802,9.965357982605527,25.63913662141342,28.541295496198494,12.328225996539533,0.431304749837523,2.5483882522507715,20.676382322524766,,1.9830612968003547,,5.445323957479179,1.0875762943379896,3.0251799763773217,0.407277754411035
hydrogen_central_nt334_tc15_A275_0449fd3e,hydrogen_central,334,15.0,275.0,5010.0,1.6,150.0,8.0,0.16683130460399076,0.5544154662471826,984987.3095629204,,5.0,,18450626.299402054,467815068.443257,0.33712960282203563,,,75.95215158267202,14374375070.194286,1189356594.481591,212008171.00582862,1401364765.4874196,40.53074901008197,9.88275390648676,25.538648666103285,28.30471319280193,12.226035817280039,0.4277296117995166,2.63930234584394,20.504993250279522,,1.9666234581803068,,5.400186998479805,1.078561240873852,3.0001038880443365,0.40390177908876634
hydrogen_central_nt334_tc15_A300_86dd818f,hydrogen_central,334,15.0,300.0,5010.0,1.6,150.0,8.0,0.16046236796688584,0.5586535479162028,1028785.691968935,,5.0,,18583588.898638763,471186331.1013886,0.3397186783045448,,,75.51501113950437,14391894423.156693,1190806171.097975,212533751.59470078,1403339922.6926758,40.24075799883086,9.812044386695378,25.462208753978132,28.10219750773745,12.13856049109341,0.42466927500098045,2.7267035854021553,20.358283310947616,,1.952552582627378,,5.361549526267172,1.0708443081110388,2.9786386257039847,0.401011926613182
hydrogen_central_nt400_tc15_A50_3ed6da71,hydrogen_central,400,15.0,50.0,6000.0,1.6,150.0,8.0,0.42542967825025124,0.38233634387003945,500000.0000000001,,5.0,,15545929.98665409,394166581.81171626,0.23184826376209383,,,105.3241809290395,16827267197.693531,1392312438.69373,245049903.93080592,1637362342.624536,57.60929484336262,13.923400208458384,33.79148587721849,40.23154290524779,17.37775193811483,0.5322386449193711,1.7799329272421816,29.145234933178067,,2.3340793718788775,,7.675677667030793,1.4263540165002069,4.264265370572662,0.5571031543547232
hydrogen_central_nt400_tc15_A75_eb7c6f74,hydrogen_central,400,15.0,75.0,6000.0,1.6,150.0,8.0,0.34298599593877066,0.4371968454952581,612372.4356957946,,5.0,,17649254.713608947,447496316.26797533,0.2654088402377356,,,93.05945104661794,16872216171.971848,1396031581.8712273,246398373.15915546,1642429955.0303826,50.74378939779583,12.264098871549377,30.05156277727274,35.43700623107852,15.30678316671731,0.4688098644600659,1.8549409368799177,25.671893180078804,,2.0559187958539518,,6.760939742105701,1.2563703134499606,3.756077634503167,0.49071118149054826
hydrogen_central_nt400_tc15_A100_d755de48,hydrogen_central,400,15.0,100.0,6000.0,1.6,150.0,8.0,0.2963199360277793,0.4682498429331587,707106.7811865476,,5.0,,18833923.931541674,477533568.2439573,0.28442047432067225,,,87.43277056317123,16910109910.16815,1399166964.6056588,247535185.30504447,1646702149.9107032,47.5519635457144,11.492677022782317,28.38812999467453,33.207989558278754,14.343973987435652,0.43932134058645417,1.9650987276226655,24.05711010422898,,1.9265998222364276,,6.3356711031389175,1.1773435932572542,3.5198172795216207,0.4598450468645247
hydrogen_central_nt400_tc15_A125_6d5935c4,hydrogen_central,400,15.0,125.0,6000.0,1.6,150.0,8.0,0.2658452353533518,0.4885286237809262,790569.4150420949,,5.0,,19601906.036863398,497005731.1577942,0.29679412627051494,,,84.19926236023831,16943494963.71037,1401929292.2472892,248536736.91131106,1650466029.1586003,45.68892752221027,11.042405999181835,27.467928838846195,31.906935380868276,13.781992141341995,0.4221091915524853,2.0801242045151644,23.114577779512324,,1.85111766326622,,6.087446158928685,1.131216506955731,3.381914532738158,0.4418288005592601
hydrogen_central_nt400_tc15_A150_fa75d954,hydrogen_central,400,15.0,150.0,6000.0,1.6,150.0,8.0,0.24405182027468109,0.5030306165330863,866025.4037844386,,5.0,,20150668.452502374,510919585.5096951,0.3056530800410278,,,82.07513512528263,16973677359.207306,1404426627.327683,249442208.7762192,1653868836.103902,44.4446826330573,10.741688561203997,26.888763931021337,31.038014978723126,13.40666765433417,0.41061390740517495,2.1923444500783957,22.485099329769632,,1.800706243768134,,5.921666960728882,1.100410129270001,3.289814978182712,0.4297964930224021
hydrogen_central_nt400_tc15_A175_f1895263,hydrogen_central,400,15.0,175.0,6000.0,1.6,150.0,8.0,0.22729429857581107,0.5141815746249653,935414.3466934855,,5.0,,20573137.854217805,521631284.33615124,0.3124797439932161,,,80.54182360415888,17001432936.370926,1406723163.9473264,250274876.09112775,1656998040.038454,43.532011040883496,10.521107978308862,26.48870458496652,30.400649317178818,13.131361723704682,0.40218195049968347,2.299426097126306,22.023367797678027,,1.7637287396625072,,5.800065525119765,1.0778132064161063,3.2222586250665355,0.4209706217064551
hydrogen_central_nt400_tc15_A200_66e04dc5,hydrogen_central,400,15.0,200.0,6000.0,1.6,150.0,8.0,0.21372529357021974,0.5232107979722366,1000000.0000000002,,5.0,,20917711.72125759,530367944.2509532,0.3180412734641185,,,79.35431246802541,17027267197.693531,1408860728.1139464,251049903.93080592,1659910632.0447524,42.81491571113325,10.347795576362676,26.191601180529478,29.89986465032182,12.915051060811432,0.39555687641012877,2.4007885163188587,21.660580648279968,,1.7346751395205229,,5.704522043418387,1.060058574866044,3.169178913010215,0.4140360450680304
hydrogen_central_nt400_tc15_A225_7d365e13,hydrogen_central,400,15.0,225.0,6000.0,1.6,150.0,8.0,0.2023517328735166,0.5307791067569974,1060660.1717798214,,5.0,,21203510.822850067,537614371.7761173,0.32266340534478627,,,78.4137217725348,17051531266.40546,1410868372.2717316,251777825.99216378,1662646198.2638955,42.23781956195154,10.20831911400249,25.967583096580757,29.49684863442743,12.740970927524112,0.3902252216265769,2.497443406878627,21.368620767627633,,1.7112937004479187,,5.627631603498103,1.045770196358197,3.12646200194339,0.40845531220280007
hydrogen_central_nt400_tc15_A250_5e6afde5,hydrogen_central,400,15.0,250.0,6000.0,1.6,150.0,8.0,0.19272857397932652,0.5371826456256262,1118033.9887498948,,5.0,,21442140.106306165,543664809.9976208,0.32653476782184576,,,77.66172373038991,17074480793.19349,1412767249.328458,252466311.79580468,1665233561.1242628,41.76775544676314,10.09471087045085,25.799257413175916,29.16857861012252,12.599176836640623,0.3858824104817201,2.5903165865071003,21.13080967988437,,1.692248736302725,,5.565001768489111,1.034131834171425,3.091667649160617,0.403909618629698
hydrogen_central_nt400_tc15_A275_566856ec,hydrogen_central,400,15.0,275.0,6000.0,1.6,150.0,8.0,0.18448766503890957,0.5426663938722286,1172603.9399558576,,5.0,,21650512.356025063,548948082.049317,0.3299116288536603,,,77.0279451962735,17096308773.675873,1414573328.0208647,253121151.21027622,1667694479.2311409,41.36576767737307,9.99755577408417,25.664621744816273,28.88784981044576,12.477917866927307,0.38216854058909144,2.6790520390761463,20.927439234004183,,1.6759619311468539,,5.511442207444034,1.0241789807124044,3.0619123374689075,0.400022248458823
hydrogen_central_nt400_tc15_A300_c0ec5c10,hydrogen_central,400,15.0,300.0,6000.0,1.6,150.0,8.0,0.17732518576251488,0.5474325226399696,1224744.8713915893,,5.0,,21831509.291140676,553537253.8321673,0.3328466930296398,,,76.49704079480013,17117165146.250168,1416299014.4689412,253746842.387505,1670045856.8564463,41.02281946117496,9.914669752342606,25.55955158128255,28.648351376872384,12.374468084302581,0.37900012315987125,2.7645466969271495,20.753937607952604,,1.662067153242922,,5.4657488871009,1.0156878931725246,3.0365271595004995,0.3967058125686812
hydrogen_decentral_nt67_tc15_A50_1a0d9479,hydrogen_decentral,67,15.0,50.0,1005.0,1.6,150.0,8.0,0.12196364197261267,0.5842717561373991,,77781.74593052024,1.0,,4282972.126480721,108594627.95336513,0.36820654163962435,0.8540895494988412,0.8530167748007831,53.919500091014356,2426222558.821278,200749165.50616235,30186550.457426846,230935715.9635892,35.02505534149882,12.743341410195237,6.151103339320297,24.45980324115245,10.565252100346372,1.48155098627643,2.975147933543804,,,1.6944044195000632,,4.7618632992001375,9.64277318088028,-2.645479610666743,0.9841845407815648
hydrogen_decentral_nt67_tc15_A75_f5bfb5f5,hydrogen_decentral,67,15.0,75.0,1005.0,1.6,150.0,8.0,0.10356030071164046,0.5965178919825036,,95262.79441628825,1.0,,4369833.584244999,110796997.57213487,0.3762022669685383,0.8528785736432979,0.8517851397994082,53.501425984485714,2460572819.0958123,203591355.74957612,30200972.322427604,233792328.07200372,34.32884407702277,12.49003537683317,6.682546530629762,23.97360299457693,10.355241082445847,1.4521014257979594,3.5697212443467663,,,1.660723860485036,,4.6672092626404815,9.451098756846976,-2.5928940348002674,0.9646213921459804
hydrogen_decentral_nt67_tc15_A100_d53f8c3e,hydrogen_decentral,67,15.0,100.0,1005.0,1.6,150.0,8.0,0.09153300445663248,0.6045212160365162,,110000.0,1.0,,4426069.877113764,112222867.06677902,0.3813637911152737,0.8521538941458051,0.8510486581555923,53.36575563353138,2489531428.067806,205987432.96195322,30213130.51703417,236200563.4789874,33.892672262532464,12.33134079972657,7.141742571272345,23.669001712501895,10.223670550030567,1.4336514683134256,4.068467892934757,,,1.6396232100241617,,4.607909126343307,9.331015980845198,-2.5599495146351705,0.9523652071732363
hydrogen_decentral_nt67_tc15_A125_fa533be9,hydrogen_decentral,67,15.0,125.0,1005.0,1.6,150.0,8.0,0.0829344886469785,0.6102429266312442,,122983.73876248844,1.0,,4467056.530236372,113262082.40964432,0.3851342764792997,0.8516217141147612,0.8507916715791942,53.351073542861016,2515044474.736096,208098419.363245,30223842.10151322,238322261.46475822,33.581696300616635,12.21819685707127,7.551180385173103,23.451831153682622,10.129865146934012,1.4204972637420832,4.506103971697153,,,1.6245791497338655,,4.565630106209229,9.245400965073689,-2.536461170116238,0.9436269559045907
hydrogen_decentral_nt67_tc15_A150_3107bace,hydrogen_decentral,67,15.0,150.0,1005.0,1.6,150.0,8.0,0.07637904415256302,0.614605116228516,,134721.9358530748,1.0,,4498570.038576772,114061106.45478633,0.38803774180456196,0.8512107474610763,0.8503476563863723,53.40373074221427,2538110032.019098,210006896.95103347,30233526.114112955,240240423.06514642,33.346448864791654,12.132605603571125,7.924676273851493,23.2875457317993,10.058903132992347,1.4105463566794882,4.90093131462219,,,1.613198602549815,,4.533646826812132,9.180634824294568,-2.5186926815622956,0.9370166340267225
hydrogen_decentral_nt67_tc15_A175_3b833856,hydrogen_decentral,67,15.0,175.0,1005.0,1.6,150.0,8.0,0.07112564460992754,0.618100886020285,,145516.32210855247,1.0,,4522967.330758839,114679699.0557515,0.3902791519874354,0.850907685761136,0.8500196700597811,53.5056605553727,2559321001.0111113,211761923.21984884,30242431.482773725,242004354.70262256,33.166575123352935,12.067161238800434,8.27192419321933,23.161930617677616,10.004644505675323,1.4029377428904328,5.264489585991175,,,1.6044968643377229,,4.509191928468774,9.131113655149269,-2.505106626927097,0.9319622821094888
hydrogen_decentral_nt67_tc15_A200_3cfd236b,hydrogen_decentral,67,15.0,200.0,1005.0,1.6,150.0,8.0,0.06663475603919733,0.6210892581165531,,155563.49186104047,1.0,,4544488.5658965595,115225369.31786409,0.3922635694948558,0.8506298854809133,0.8497204417902582,53.61355380394099,2579063689.57475,213395461.8412703,30250720.397819526,243646182.23908982,33.00950889871788,12.010015047166487,8.594029858056624,23.052243169279716,9.957265729438165,1.3962938812962136,5.60083749314132,,,1.5968984836190918,,4.487837846845171,9.087871639861472,-2.493243248247317,0.9275488087071615
hydrogen_decentral_nt67_tc15_A225_43bece7c,hydrogen_decentral,67,15.0,225.0,1005.0,1.6,150.0,8.0,0.06276482472800171,0.6236644266077568,,165000.0,1.0,,4562356.918075911,115678420.8437097,0.393902530369984,0.8504177626086669,0.8494872480296934,53.741569275961076,2597606428.067806,214929714.85740265,30258505.51703417,245188220.37443683,32.880228015862606,11.962978135676321,8.898363124422145,22.96195965861426,9.918268357248348,1.3908253326348792,5.916893519535751,,,1.590644272251514,,4.4702613466696715,9.052279227006085,-2.4834785259275955,0.9239160879281596
hydrogen_decentral_nt67_tc15_A250_43a4657f,hydrogen_decentral,67,15.0,250.0,1005.0,1.6,150.0,8.0,0.059365013522923005,0.6259267630647455,,173925.27130926086,1.0,,4579050.924290215,116101696.86334215,0.395444395004281,0.8502018734836778,0.8492524636758969,53.86415665251823,2615144586.190503,216380847.43996224,30265868.865864307,246646716.30582654,32.760355417828634,11.919364287601566,9.184436947088038,22.87824643865418,9.882108979174452,1.3857547520429814,6.213836990286953,,,1.5848452047581054,,4.453963958425964,9.019277015812579,-2.474424421347758,0.9205477347107822
hydrogen_decentral_nt67_tc15_A275_06861b9b,hydrogen_decentral,67,15.0,275.0,1005.0,1.6,150.0,8.0,0.05637957496838697,0.6279133635183052,,182414.363469547,1.0,,4593526.662990175,116468728.77764136,0.3967789790559167,0.8500205589229385,0.8490540849235093,53.99640702058885,2631825652.2854657,217761062.98784822,30272872.366896544,248033935.35474476,32.65711658206282,11.881802384611621,9.457488053914407,22.806149433094692,9.850967148968127,1.3813877753898525,6.496249451016679,,,1.5798508275078753,,4.439928028481183,8.990854257674396,-2.466626682489546,0.9176467809455896
hydrogen_decentral_nt67_tc15_A300_1498ba31,hydrogen_decentral,67,15.0,300.0,1005.0,1.6,150.0,8.0,0.05372158054745224,0.6296820728136833,,190525.5888325765,1.0,,4605659.994486834,116776369.02857085,0.39789013921750643,0.8498829308673345,0.8489008356147774,54.14194854904887,2647764210.1238184,219079842.32809782,30279564.127821043,249359406.45591885,32.571083392098835,11.85050049795849,9.720364658991542,22.746068017713334,9.825015374385504,1.3777485932043894,6.7669272593204255,,,1.575688806466728,,4.428231307782009,8.96716839825857,-2.4601285043233383,0.9152292962412514
hydrogen_decentral_nt134_tc15_A50_8e431d83,hydrogen_decentral,134,15.0,50.0,2010.0,1.6,150.0,8.0,0.19987053332050086,0.5324301714389027,,98994.94936611666,2.0,,7831613.873508577,198570331.4784122,0.33468027138676815,0.8591499903932993,0.8576672845045278,57.03423068056599,4669287931.640031,386343640.3955138,60326431.867295384,446670072.26280916,38.30917565114297,13.938219360562542,4.786835668860468,26.75327389554403,11.555901755598942,0.8597843399638172,2.0737712727252076,,,1.8532800561714438,,5.208358867020789,10.5469267057171,-2.8935327039004384,1.0764664917250926
hydrogen_decentral_nt134_tc15_A75_0e03c3ad,hydrogen_decentral,134,15.0,75.0,2010.0,1.6,150.0,8.0,0.1669635217246026,0.5543274850052385,,121243.5565298214,2.0,,8142342.345530277,206448842.43230927,0.34888534777655433,0.8568451837246029,0.8556072030672962,55.30420378946431,4713006444.716711,389960973.43258584,60344786.96820544,450305760.4007913,36.84721899182551,13.406308342722772,5.050676454916022,25.732314131588165,11.114904860237344,0.8269732073820731,2.4411481566912565,,,1.7825550908426935,,5.009597217877106,10.144434366201141,-2.7831095654872815,1.035386324131806
hydrogen_decentral_nt134_tc15_A100_fe73c4c1,hydrogen_decentral,134,15.0,100.0,2010.0,1.6,150.0,8.0,0.14721067263991205,0.5674716238759312,,140000.0,2.0,,8329471.809899046,211193504.30778515,0.35745686404349014,0.8555064545550692,0.8542920069794249,54.429716268876085,4749862856.135612,393010526.2483385,60360261.03406834,453370787.28240687,36.01941135758578,13.105122942664773,5.30518196862553,25.15421335037292,10.865198007212859,0.8083944719140188,2.7542791923842342,,,1.742508304327276,,4.897051877010411,9.916530050946083,-2.720584376116895,1.012125390825174
hydrogen_decentral_nt134_tc15_A125_fb6246f0,hydrogen_decentral,134,15.0,125.0,2010.0,1.6,150.0,8.0,0.13390535996319297,0.5763253784300694,,156524.75842498528,2.0,,8454994.974001218,214376140.3144325,0.3632024892219514,0.8546525634379221,0.8536190293654775,53.94102912843697,4782334006.440708,395697236.21361893,60373893.95976895,456071130.1733879,35.48466586139038,12.910563808949194,5.545799458097386,24.78077298051476,10.703892880875623,0.7963930180669881,3.032767477613559,,,1.7166389624168383,,4.824350066037727,9.7693088837264,-2.680194481132071,0.9970993403171391
hydrogen_decentral_nt134_tc15_A150_0d7b8d22,hydrogen_decentral,134,15.0,150.0,2010.0,1.6,150.0,8.0,0.12384664875398643,0.5830187468867987,,171464.28199482246,2.0,,8550300.665456261,216792613.22150764,0.36756770036565833,0.8540164598482026,0.8529109146448468,53.62529865272673,4811690170.255438,398126207.68898606,60386219.06671406,458512426.7557001,35.08913700827835,12.766656564159844,5.769505080288538,24.50455477531877,10.584582232959578,0.7875160451713463,3.284484541731693,,,1.6975044933855,,4.7705755805716805,9.660415550657653,-2.650319766984267,0.9859851999147768
hydrogen_decentral_nt134_tc15_A175_f92c10cc,hydrogen_decentral,134,15.0,175.0,2010.0,1.6,150.0,8.0,0.11583246262604852,0.5883516269665051,,185202.59177452134,2.0,,8625605.326257093,218701960.6048959,0.37101291726084606,0.8535322824606256,0.852512957512856,53.41740240019524,4838685948.972546,400359877.4856602,60397553.172282316,460757430.65794253,34.782796124333814,12.655199025151164,5.979407250710267,24.290621130590846,10.492174993742966,0.7806407446661963,3.5160818421368742,,,1.6826846639071957,,4.728926726684741,9.576076621536602,-2.6271815148248567,0.9773771917546769
hydrogen_decentral_nt134_tc15_A200_d9b142f5,hydrogen_decentral,134,15.0,200.0,2010.0,1.6,150.0,8.0,0.10927131205962848,0.5927176135554165,,197989.89873223333,2.0,,8688409.036670376,220294346.77156126,0.3738986191663404,0.8531089684102524,0.8520519855023443,53.271781679157,4863813007.14445,402438926.6401966,60408102.70052243,462847029.34071904,34.53137050130697,12.563721580725662,6.176689597124368,24.11503764588085,10.416332855426116,0.7749979238623067,3.7311702074620077,,,1.6705214658000542,,4.694743927111788,9.506856452401372,-2.6081910706176603,0.970312271830162
hydrogen_decentral_nt134_tc15_A225_bfd6260a,hydrogen_decentral,134,15.0,225.0,2010.0,1.6,150.0,8.0,0.10374167039246607,0.5963972031511616,,210000.0,2.0,,8738735.532523174,221570373.54267687,0.37621131074631664,0.8527686316310668,0.8516893731355737,53.189574349889284,4887412856.135612,404391612.2970923,60418011.03406834,464809623.33116066,34.33250387262165,12.491366938606685,6.365703538660943,23.976158818668527,10.356345053953126,0.7705347003609174,3.934267928163626,,,1.6609009101363996,,4.6677068334844085,9.452106337805928,-2.5931704630468935,0.9647242303632427
hydrogen_decentral_nt134_tc15_A250_476e9ae7,hydrogen_decentral,134,15.0,250.0,2010.0,1.6,150.0,8.0,0.09879467872880765,0.5996890799402007,,221359.43621178655,2.0,,8783998.916557875,222718025.2676946,0.378279418237612,0.852493879683632,0.8513823254123796,53.12681562386523,4909734148.291772,406238508.31125903,60427382.56894306,466665890.8802021,34.15559067825296,12.42699972451303,6.544225221099232,23.85261120731344,10.302979470939524,0.7665641843822831,4.125318642633798,,,1.6523423940831499,,4.643654439014374,9.403400239004108,-2.5798080216746526,0.9597530681691991
hydrogen_decentral_nt134_tc15_A275_57fd0a1b,hydrogen_decentral,134,15.0,275.0,2010.0,1.6,150.0,8.0,0.09438692260006187,0.6026221332134768,,232163.735324878,2.0,,8828429.721974025,223844566.98717102,0.3803303856296517,0.852187897987707,0.8510465637819911,53.05942926985961,4930964596.048997,407995146.2812958,60436296.11571136,468431442.3970071,33.983695964120294,12.36445840923336,6.7112748965059605,23.732568259632565,10.251127704487727,0.7627062996634972,4.304541940178576,,,1.6440266566638857,,4.620284336595577,9.356075781606044,-2.566824631441987,0.9549229224737261
hydrogen_decentral_nt134_tc15_A300_3497a7f3,hydrogen_decentral,134,15.0,300.0,2010.0,1.6,150.0,8.0,0.09043747982031347,0.6052502110232294,,242487.1130596428,2.0,,8864564.737641463,224760769.20997623,0.3819813995360356,0.8519732277311592,0.850804744720562,53.03344490456783,4951250033.29781,409673592.71434075,60444812.90234254,470118405.6166833,33.84516672749726,12.314056622844475,6.874221554226092,23.635826146367954,10.2093405811293,0.7595972463818437,4.477299269449782,,,1.6373250383944655,,4.6014504680603325,9.317937197822173,-2.556361371144629,0.9510303281065982
hydrogen_decentral_nt200_tc15_A50_28c286a3,hydrogen_decentral,200,15.0,50.0,3000.0,1.6,150.0,8.0,0.262823585469372,0.4905393203403621,,120208.15280171309,3.0,,10805202.459568406,273965579.6036614,0.30779363022226364,0.8636228529229363,0.8621544872835574,61.02102840387169,6880772166.965233,569325046.2675505,90019519.92735744,659344566.1949079,41.44253971948252,15.078246912153,4.500241772236181,28.941463688457077,12.501076031025445,0.6585498492341318,1.826805040449071,,,2.0148868825529775,,5.63435823274856,11.409575421315832,-3.130199018193644,1.1645122762822526
hydrogen_decentral_nt200_tc15_A75_b3167422,hydrogen_decentral,200,15.0,75.0,3000.0,1.6,150.0,8.0,0.21729339526662605,0.5208364759693075,,147224.31864335458,3.0,,11444850.00163992,290183823.5709919,0.32727979665599,0.860243045764054,0.8589051122684187,57.996332871758774,6933858932.844059,573717522.0982809,90041808.26417679,663759330.3624578,39.12633473077846,14.23553044363449,4.63446769734583,27.323938241673506,11.80239648910495,0.6217437930312266,2.11044814744632,,,1.902275756868283,,5.319456473947737,10.771899359744166,-2.955253596637631,1.0994282065802194
hydrogen_decentral_nt200_tc15_A100_464f2946,hydrogen_decentral,200,15.0,100.0,3000.0,1.6,150.0,8.0,0.19084460713814055,0.538436293728852,,170000.0,3.0,,11818830.294964455,299666082.52952474,0.33870724919454887,0.8583631521320353,0.8572128013828677,56.476075217282116,6978613146.7098675,577420550.5174092,90060598.20129602,667481148.7187052,37.888269899137306,13.7850791114744,4.80272620667042,26.45933369254513,11.428936206592178,0.6020701095712319,2.3585735765988782,,,1.8420825205003102,,5.1511342421527955,10.43104684035941,-2.861741245640442,1.0646392746026345
hydrogen_decentral_nt200_tc15_A125_436a17c7,hydrogen_decentral,200,15.0,125.0,3000.0,1.6,150.0,8.0,0.17268877379871672,0.5505177303714018,,190065.77808748212,3.0,,12074258.288918821,306142451.5445949,0.3465228117298991,0.8571223552711152,0.8559307052474739,55.552906063843956,7018042400.651771,580682984.0466783,90077152.46821819,670760136.5148965,37.08675277542131,13.493459119613066,4.972694168809575,25.899592931271325,11.187159844149988,0.5893334630106061,2.5802469924627074,,,1.8031137133362614,,5.04216325158932,10.210380584468375,-2.8012018064385114,1.0421170899938825
hydrogen_decentral_nt200_tc15_A150_ad3bf8fd,hydrogen_decentral,200,15.0,150.0,3000.0,1.6,150.0,8.0,0.1592964384045905,0.5594293924546059,,208206.62813657013,3.0,,12261132.622863669,310880644.5959348,0.3522510804094789,0.8562219760642358,0.8550227766818066,54.94798798789764,7053689170.998228,583632449.4096241,90092118.6695087,673724568.0791328,36.52150628178495,13.287802655145203,5.138679050967495,25.50485214121994,11.016654140565011,0.5803513157849776,2.7826956326052974,,,1.775632102577219,,4.965314649729742,10.054762165702728,-2.7585081387387453,1.0262339784514787
hydrogen_decentral_nt200_tc15_A175_a2d03eff,hydrogen_decentral,200,15.0,175.0,3000.0,1.6,150.0,8.0,0.14894842293495658,0.566315272652737,,224888.8614404902,3.0,,12407554.273647798,314593161.09654665,0.3567429344770408,0.855530992882164,0.8543468886426145,54.51925732719493,7086469759.440431,586344762.734157,90105881.51198442,676450644.2461414,36.09051568356049,13.130993185917864,5.29774845771657,25.20386916978502,10.886646513775473,0.5735025850989909,2.9695680191945906,,,1.7546778534229888,,4.9067189304089585,9.936105834078141,-2.7259549613383105,1.014123382769075
hydrogen_decentral_nt200_tc15_A200_7706bd91,hydrogen_decentral,200,15.0,200.0,3000.0,1.6,150.0,8.0,0.14055492220723298,0.5719005600562623,,240416.30560342618,3.0,,12527400.216165256,317631851.3226485,0.3604242638801146,0.8549683224229431,0.8539307800023288,54.200233277377585,7116981187.2206,588869322.4218084,90118691.65341885,678988014.0752273,35.74524836604827,13.005372847507509,5.449612063821804,24.962751188111387,10.782497177936884,0.568016055039969,3.143704640785138,,,1.7378913679966965,,4.859777797792768,9.841050040530355,-2.6998765543293155,1.0044215635137024
hydrogen_decentral_nt200_tc15_A225_13192e61,hydrogen_decentral,200,15.0,225.0,3000.0,1.6,150.0,8.0,0.13345905432566008,0.5766223636018465,,255000.0,3.0,,12625001.361524438,320106525.3936217,0.36340526396917405,0.8545540367362728,0.853530218635454,53.96998736152924,7145638146.7098675,591240440.7194674,90130723.20129602,681371163.9207634,35.468909609182305,12.904831132747118,5.596246619599821,24.769769576663723,10.699140032518587,0.5636248462023004,3.308165666369845,,,1.7244561070276765,,4.822207910418243,9.764971018596942,-2.6790043946768014,0.9966565984087352
hydrogen_decentral_nt200_tc15_A250_17d08d38,hydrogen_decentral,200,15.0,250.0,3000.0,1.6,150.0,8.0,0.12733702219305276,0.5806961476001357,,268793.60111431225,3.0,,12713058.46072087,322339210.46452516,0.3661101925973326,0.8541549950884404,0.8530870717819811,53.77346491401983,7172742572.899491,593483100.1652414,90142102.92221533,683625203.0874567,35.223233928425,12.81544571863292,5.73478526696191,24.59820157330528,10.625032355119721,0.5597208942819223,3.4625527244106507,,,1.7125116482693377,,4.788806849483497,9.697333870204082,-2.660448249713054,0.9897532486583968
hydrogen_decentral_nt200_tc15_A275_2caa9c09,hydrogen_decentral,200,15.0,275.0,3000.0,1.6,150.0,8.0,0.12204322198007922,0.5842188012109991,,281913.107180209,3.0,,12786982.815878728,324213560.2403329,0.36837034803099356,0.8538465037477819,0.8528038078884629,53.63025014943856,7198522402.318978,595616160.5574287,90152926.5147197,685769087.0721484,35.01960067950097,12.74135681318495,5.869292656752646,24.455993969249416,10.563606710251548,0.5564850249002266,3.610196389419353,,,1.7026112424330662,,4.761121705660202,9.64127145396191,-2.645067614255668,0.9840312678185063
hydrogen_decentral_nt200_tc15_A300_16e5271e,hydrogen_decentral,200,15.0,300.0,3000.0,1.6,150.0,8.0,0.11735847435264701,0.5873361729443175,,294448.63728670916,3.0,,12852616.433868377,325877698.62749434,0.37037660413724405,0.8535770412530724,0.8525704897624333,53.51576046398107,7223154718.9782505,597654274.083269,90163268.32705756,687817542.4103266,34.84076836897689,12.676291357442981,5.998700737561203,24.331106140067405,10.509662228909484,0.5536432591220917,3.751140849779491,,,1.69391662865962,,4.736808396005363,9.59203700191086,-2.6315602200029793,0.9790061795297375
hydrogen_decentral_nt267_tc15_A50_0fd26531,hydrogen_decentral,267,15.0,50.0,4005.0,1.6,150.0,8.0,0.3197382875485123,0.4526665686828744,,134350.28842544404,4.0,,13357415.43387608,338676861.9136937,0.28359649427885264,0.8680020861744184,0.8662515805662198,65.42608709643126,9109942891.533672,753769857.8537104,120153567.70628119,873923425.5599916,44.75464365266996,16.28330628451178,4.388137159249505,31.25447675096678,13.500166901703187,0.5617719891055035,1.6531642434738207,,,2.17320092667018,,6.084658339595066,12.32143313768001,-3.3803657442194814,1.2575805514561875
hydrogen_decentral_nt267_tc15_A75_54a6ec6d,hydrogen_decentral,267,15.0,75.0,4005.0,1.6,150.0,8.0,0.26120968809083256,0.49161325611416445,,164544.82671904334,4.0,,14456802.928104324,366551798.3799271,0.3085745642638614,0.8633399480221212,0.8618841603851988,60.79197303289898,9169275159.280594,758679095.5468796,120178478.20037341,878857573.7472531,41.351215122511626,15.04501982637108,4.395738084016257,28.877687010555903,12.473528111955728,0.5190512643019801,1.86874995129461,,,2.007936868419667,,5.621942113990435,11.384432780830634,-3.1233011744391312,1.1619461059891436
hydrogen_decentral_nt267_tc15_A100_2cd04e16,hydrogen_decentral,267,15.0,100.0,4005.0,1.6,150.0,8.0,0.2284434818380432,0.5134168735774408,,190000.0,4.0,,15073161.342080941,382179547.21300566,0.32262863124399943,0.8609088796205226,0.859668616986826,58.582087264029944,9219294574.777674,762817774.3682582,120199478.71833019,883017253.0865884,39.66031771947232,14.42981215042454,4.49195739413308,27.69684611320224,11.96347160627008,0.4978266779808229,2.068300630476909,,,1.925830085675347,,5.3920546175185695,10.918910600475105,-2.995585898621428,1.1144328310522948
hydrogen_decentral_nt267_tc15_A125_9763971a,hydrogen_decentral,267,15.0,125.0,4005.0,1.6,150.0,8.0,0.20638930042434966,0.5280923880785722,,212426.45786248002,4.0,,15486438.305778898,392658172.05321753,0.332067485739149,0.8593523069208772,0.8579402244615165,57.255386076864866,9263362564.477448,766464023.6068531,120217980.54606675,886682004.1529199,38.601927445171256,14.044732712886344,4.608725918807256,26.957717577662702,11.644209867508557,0.4845414865209518,2.2497477783795174,,,1.8744366539067856,,5.248160203811444,10.627524412718177,-2.915644557673025,1.0846926540297481
hydrogen_decentral_nt267_tc15_A150_6ade096f,hydrogen_decentral,267,15.0,150.0,4005.0,1.6,150.0,8.0,0.1899811006719092,0.5390108968587206,,232701.5255644019,4.0,,15793531.706618974,400444515.88790506,0.33909303653329304,0.8582215227511596,0.8570751833008485,56.3518792949129,9303203072.511723,769760484.8948513,120234707.47692083,889995192.3717722,37.85134186378724,13.771643399311055,4.728894031814602,26.433544940180912,11.41779692360633,0.47511994004813446,2.415784455372951,,,1.8379896363935155,,5.146113657473328,10.420880156383491,-2.858952031929627,1.0636016173838634
hydrogen_decentral_nt267_tc15_A175_4a1c35f9,hydrogen_decentral,267,15.0,175.0,4005.0,1.6,150.0,8.0,0.17718602589573662,0.5475251237936724,,251346.3745511361,4.0,,16035708.107511606,406584891.1640874,0.3446430450619316,0.8573413108565856,0.8561863198515925,55.690835564887266,9339840200.770657,772791893.9046235,120250089.47733489,893041983.3819584,37.279698773250146,13.563659628936758,4.847477162700342,26.03433707648527,11.245361696764887,0.4679445265084429,2.569300908088771,,,1.8102317281031275,,5.068395400456195,10.263500685923796,-2.8157752224756645,1.0475387650324324
hydrogen_decentral_nt267_tc15_A200_12ec7457,hydrogen_decentral,267,15.0,200.0,4005.0,1.6,150.0,8.0,0.16689778095010377,0.5543712308904917,,268700.5768508881,4.0,,16230044.483433139,411512284.06270635,0.349103542290409,0.8566378776302301,0.855419364582321,55.19873147748014,9373941208.289669,775613460.6143514,120264406.69423218,895877867.3085836,36.833316659976525,13.401250187655721,4.964164629847881,25.722605415975764,11.110711244000765,0.46234142150729557,2.7132669521671136,,,1.788556256173471,,5.0077071136885625,10.140606905219341,-2.782059507604757,1.0349956763525756
hydrogen_decentral_nt267_tc15_A225_c9ebd0be,hydrogen_decentral,267,15.0,225.0,4005.0,1.6,150.0,8.0,0.15840895787594067,0.5600199486454417,,285000.0,4.0,,16385386.659019088,415450980.1982528,0.35266444172307665,0.8560943731822046,0.8548993931180058,54.83797278775807,9405969574.777674,778263534.0058527,120277853.71833019,898541387.7241828,36.48411723837743,13.274199212110009,5.079656337270623,25.478741443143775,11.005375795233657,0.457958179062363,2.850098366094728,,,1.7715997921135327,,4.9602313882799445,10.04446856126689,-2.7556841045999696,1.0251833671631454
hydrogen_decentral_nt267_tc15_A250_41c3196e,hydrogen_decentral,267,15.0,250.0,4005.0,1.6,150.0,8.0,0.15119851360022407,0.5648179947639059,,300416.377715996,4.0,,16521898.573808953,418912235.64424324,0.3558032115313779,0.855607567317824,0.8544503771059389,54.53735258959287,9436262756.989605,780770035.7393646,120290572.22994588,901060607.9693105,36.182667820722486,13.16452135979467,5.190163409075719,25.268223761698067,10.91444405902442,0.4541743071521101,2.979027123907673,,,1.7569619780159371,,4.919247558147474,9.961476305248638,-2.732915310081931,1.0167128064804878
hydrogen_decentral_nt267_tc15_A275_08fc57b3,hydrogen_decentral,267,15.0,275.0,4005.0,1.6,150.0,8.0,0.1449295024765268,0.5689895829959882,,315079.355083763,4.0,,16641097.221022705,421934513.71761423,0.3585443038151144,0.8551889750669311,0.8539906796039386,54.29069379258977,9465075507.517267,783154044.4129859,120302669.1862743,903456713.5992602,35.92349470253613,13.070225105379324,5.296973984674309,25.087229801390944,10.836264901145194,0.4509210984067527,3.101675865133002,,,1.7443770211345526,,4.884011440813818,9.890123167647985,-2.713339689341011,1.0094301862585309
hydrogen_decentral_nt267_tc15_A300_7f42c2a0,hydrogen_decentral,267,15.0,300.0,4005.0,1.6,150.0,8.0,0.13937132902855787,0.5726881584953638,,329089.6534380867,4.0,,16744828.674012465,424564621.5520402,0.36091986515337504,0.8548514742638713,0.8537520211542098,54.09109769446616,9492605743.783514,785431936.0006899,120314227.68241662,905746163.6831064,35.700954575401404,12.989257215681627,5.40088590338312,24.9318185487918,10.769136026609603,0.4481277165434874,3.2191872937632944,,,1.7335708930763383,,4.8537557951433135,9.828855485165212,-2.6965309973018416,1.0031769326749438
hydrogen_decentral_nt334_tc15_A50_41148796,hydrogen_decentral,334,15.0,50.0,5010.0,1.6,150.0,8.0,0.37754831085821705,0.41419804339607563,,148492.424049175,5.0,,15350085.821475746,389200958.9623668,0.2590907441847956,0.8728843448498929,0.8709039597037903,70.91180450614749,11339113616.102104,938214669.4398698,150287615.48520494,1088502284.9250746,48.71749332981823,17.725129742056712,4.469181434272574,34.02193914131067,14.695554188507572,0.5141260652406223,1.591196631007377,,,2.3638587380245757,,6.62343117675033,13.412448132919417,-3.679683987083517,1.3689344194704796
hydrogen_decentral_nt334_tc15_A75_4e2a4835,hydrogen_decentral,334,15.0,75.0,5010.0,1.6,150.0,8.0,0.3058673815919626,0.46189668598764916,,181865.3347947321,5.0,,17033282.8748551,431878369.03790826,0.2895043879308537,0.8667599613313414,0.8651890384378722,64.22460221963256,11404691385.717127,943640668.9954782,150315148.13657,1093955817.1320481,43.903322049786816,15.973565679403851,4.347714490441893,30.65995495225909,13.24336709752773,0.4633210921513758,1.7541267453431906,,,2.130266652947326,,5.968916135705316,12.087055174803266,-3.3160645198362872,1.2336588887315532
hydrogen_decentral_nt334_tc15_A100_4f54195c,hydrogen_decentral,334,15.0,100.0,5010.0,1.6,150.0,8.0,0.2654756507913347,0.4887745564454643,,210000.0,5.0,,17983679.7407913,455975652.65698016,0.30677028726726846,0.8635777723387581,0.8621732321807495,61.08612771626983,11459976002.845478,948214998.2191072,150338359.23536438,1098553357.4544716,41.58313061612481,15.129398802638537,4.373598297506484,29.039645565283212,12.5434850508416,0.43883561864152404,1.9170758082397827,,,2.0176868706251767,,5.653472396149447,11.44828160220263,-3.1408179978608044,1.1684628021472616
hydrogen_decentral_nt334_tc15_A125_c941ce33,hydrogen_decentral,334,15.0,125.0,5010.0,1.6,150.0,8.0,0.23912756493088294,0.5063073638922203,,234787.13763747792,5.0,,18603678.019169305,471695690.14120954,0.3180594849049624,0.8616191192167304,0.8600722586237262,59.26805821165125,11508682728.303123,952245063.1670278,150358808.62391528,1102603871.7909431,40.19730414863812,14.625186614013,4.445567449000125,28.07185144217319,12.12545270646493,0.42421069728090155,2.070912626577198,,,1.9504441251420246,,5.465061096574249,11.066748720562854,-3.0361450536523606,1.1295218505282552
hydrogen_decentral_nt334_tc15_A150_759eb78d,hydrogen_decentral,334,15.0,150.0,5010.0,1.6,150.0,8.0,0.21994488646374843,0.5190720941143169,,257196.42299223368,5.0,,19054583.69887257,483128389.9308461,0.32628933350970324,0.8602271460169724,0.8589367707294964,58.0577269043074,11552716974.025217,955888520.3800784,150377296.28433296,1106265816.6644113,39.246079339121394,14.279097724578548,4.532549840607473,27.407562079828786,11.838517259292612,0.41417221962021356,2.214088602032227,,,1.9042890189550319,,5.335736461236428,10.804866334003767,-2.964298034020238,1.1027929633585887
hydrogen_decentral_nt334_tc15_A175_675df16f,hydrogen_decentral,334,15.0,175.0,5010.0,1.6,150.0,8.0,0.2049301424047162,0.5290633556368275,,277803.887661782,5.0,,19406728.26254782,492057004.62849444,0.332711894979892,0.8591999339671311,0.857781418097583,57.17776368617511,11593210642.10088,959239025.0750897,150394297.44268534,1109633322.517775,38.53394005949278,14.019996521641529,4.623827105040811,26.910238478476078,11.6237015810167,0.4066568623899051,2.3474354781080216,,,1.8697347645428843,,5.238916916869729,10.6088067566612,-2.9105093982609604,1.0827822463715584
hydrogen_decentral_nt334_tc15_A200_3f49848a,hydrogen_decentral,334,15.0,200.0,5010.0,1.6,150.0,8.0,0.19273335305629202,0.5371794654843189,,296984.84809835,5.0,,19695358.472281,499375214.814427,0.3379929868257271,0.8583461595140399,0.8569974719785252,56.498982849590426,11630901229.358734,962357598.8068942,150410121.7350455,1112767720.5419397,37.969235476081906,13.814537223086745,4.715210150421779,26.515876132294675,11.453359343787229,0.40069741485579574,2.472178433827315,,,1.8423343017386684,,5.162141990908419,10.453337531589549,-2.8678566616157886,1.0669143622045638
hydrogen_decentral_nt334_tc15_A225_7c2e88bb,hydrogen_decentral,334,15.0,225.0,5010.0,1.6,150.0,8.0,0.18264716031412132,0.5438911209782303,,315000.0,5.0,,19931763.069767416,505369246.1908574,0.342319827396243,0.8576612795783077,0.8565430057615924,55.976564021068384,11666301002.845478,965286627.2922379,150424984.23536438,1115711611.5276022,37.51889388822684,13.650687186326149,4.806982946515399,26.2013793663983,11.317514521828542,0.3959448643292187,2.5905551489146883,,,1.8204829332714922,,5.100915390167843,10.329353665089881,-2.8338418834265795,1.0542600144950018
hydrogen_decentral_nt334_tc15_A250_c11469a4,hydrogen_decentral,334,15.0,250.0,5010.0,1.6,150.0,8.0,0.1741352794699691,0.5495551820656528,,332039.1543176798,5.0,,20130044.088570323,510396655.3897141,0.34594650574968433,0.8571051267631206,0.8559337159902437,55.5635153072634,11699782941.07972,968056971.313488,150439041.53767645,1118496012.8511643,37.149332625877705,13.516227860218594,4.897954821167115,25.94329566961391,11.206036956263794,0.3920448057529162,2.7033588466800405,,,1.802551168734159,,5.050671352154822,10.227609488113515,-2.8059285289749014,1.043875548925156
hydrogen_decentral_nt334_tc15_A275_1fd4d5e0,hydrogen_decentral,334,15.0,275.0,5010.0,1.6,150.0,8.0,0.16683130460399076,0.5544154662471826,,348245.602987317,5.0,,20304140.091768287,514810854.25375986,0.34914174058431935,0.8566026919882656,0.8553845459398349,55.217523867504575,11731628612.715555,970691928.268543,150452411.85782892,1121144340.1263719,36.83079905083312,13.400334193304277,4.986390623367184,25.720847239616425,11.109951811216694,0.3886832532100545,2.8106120125343046,,,1.787095357622825,,5.007364829844473,10.139913780435059,-2.7818693499135962,1.0349249329383392
hydrogen_decentral_nt334_tc15_A300_8816263e,hydrogen_decentral,334,15.0,300.0,5010.0,1.6,150.0,8.0,0.16046236796688584,0.5586535479162028,,363730.6695894642,5.0,,20451459.52214362,518546133.9285908,0.35184962929822,0.8561707443361926,0.8549931793016128,54.94350091440848,11762056768.588776,973209597.9181105,150465187.03777567,1123674784.9558861,36.56549317715881,13.303806627725926,5.074201109523754,25.535570459736313,11.029922717422497,0.3858834239168278,2.9140954371050585,,,1.7742222485018677,,4.9712949281528385,10.066872229509498,-2.7618305156404657,1.0274699857040537
hydrogen_decentral_nt400_tc15_A50_6f7d8672,hydrogen_decentral,400,15.0,50.0,6000.0,1.6,150.0,8.0,0.42542967825025124,0.38233634387003945,,155563.49186104047,6.0,,17032900.9279493,431868684.7857327,0.2388942233663467,0.8772008220737707,0.8747933917648479,76.25628719871149,13522808554.92668,1118896748.7055237,179969036.2833774,1298865784.9889011,52.580007833301806,19.130447750545418,4.545831614864262,36.71933230315293,15.860675530148878,0.48577425214345843,1.5036800560942998,,,2.556377306626503,,7.148562853986378,14.475839779322415,-3.97142380777021,1.4774689250068365
hydrogen_decentral_nt400_tc15_A75_300e7227,hydrogen_decentral,400,15.0,75.0,6000.0,1.6,150.0,8.0,0.34298599593877066,0.4371968454952581,,190525.5888325765,6.0,,19356113.23544421,490773662.1562934,0.27378376459125214,0.8697083576972082,0.8679738735457697,67.3988105637258,13591509075.475748,1124581129.192351,179997880.01337892,1304579009.20573,46.26910647409604,16.83432088244201,4.29538320718776,32.31210427694622,13.95700219714982,0.4274693276208406,1.618365074567492,,,2.249548804999426,,6.290558511829977,12.738380986455704,-3.494754728794432,1.30013611295076
hydrogen_decentral_nt400_tc15_A100_e342649a,hydrogen_decentral,400,15.0,100.0,6000.0,1.6,150.0,8.0,0.2963199360277793,0.4682498429331587,,220000.0,6.0,,20669709.97467095,524079867.51194096,0.29363573753462135,0.8658915247716856,0.8642507197218331,63.34851730499631,13649426293.419735,1129373283.6171055,180022196.40259203,1309395480.0196974,43.32862267118893,15.764469924428049,4.255424709379329,30.258612724923285,13.070009946265646,0.4003028934729845,1.7485358284113621,,,2.1065859874949826,,5.890782358261261,11.928834275479055,-3.272656865700701,1.2175101563884336
hydrogen_decentral_nt400_tc15_A125_44295fa4,hydrogen_decentral,400,15.0,125.0,6000.0,1.6,150.0,8.0,0.2658452353533518,0.4885286237809262,,245967.4775249769,6.0,,21526417.856362082,545801669.7860569,0.3066347505766043,0.8635212700733547,0.8621376880885725,61.02449951295525,13700452386.756315,1133595256.419689,180043619.57155016,1313638875.991239,41.604231144790226,15.137075913726505,4.283192454438521,29.054381153119067,12.549849991671158,0.38437164814501573,1.8760726793747389,,,2.0227481269187666,,5.65634113774217,11.454090803927894,-3.1424117431900944,1.1690557152465368
hydrogen_decentral_nt400_tc15_A150_fb340e55,hydrogen_decentral,400,15.0,150.0,6000.0,1.6,150.0,8.0,0.24405182027468109,0.5030306165330863,,269443.8717061496,6.0,,22142073.515666116,561411600.295794,0.31599228672721325,0.8618973816161738,0.8603255814128241,59.5009856804904,13746583501.322319,1137412211.5952659,180062987.5967496,1317475199.1920154,40.44743431918305,14.716192727469949,4.3373586338374155,28.24653024557699,12.20090407360606,0.3736842759669282,1.9971683137360208,,,1.9665060441344657,,5.499067771725147,11.135612237743423,-3.055037650958415,1.1365503689597936
hydrogen_decentral_nt400_tc15_A175_6bc56f15,hydrogen_decentral,400,15.0,175.0,6000.0,1.6,150.0,8.0,0.22729429857581107,0.5141815746249653,,291032.64421710494,6.0,,22612496.483347483,573339160.3282831,0.3231509719275708,0.8606946526093654,0.8594711240655805,58.41916054867245,13789005439.306347,1140922264.1328967,180080798.33407116,1321003062.4669678,39.60597914851936,14.410041875841268,4.403139524311827,27.65889868554065,11.947080462978713,0.36591027073023613,2.111633756848485,,,1.9255954967331055,,5.384666967613979,10.903950609418308,-2.991481648674433,1.112905947483414
hydrogen_decentral_nt400_tc15_A200_8914356a,hydrogen_decentral,400,15.0,200.0,6000.0,1.6,150.0,8.0,0.21372529357021974,0.5232107979722366,,311126.98372208094,6.0,,22991721.48126763,582954398.6122625,0.32892414426925803,0.8597557938482038,0.8584220762975365,57.59841509122564,13828490816.433624,1144189341.3757396,180097376.16416276,1324286717.5399022,38.95271891428854,14.172362931059014,4.473333245878094,27.20269335941735,11.75002555487119,0.3598749539850463,2.219623529076218,,,1.89383476281683,,5.295852377490408,10.724101064418075,-2.942140209716893,1.0945496988674253
hydrogen_decentral_nt400_tc15_A225_4eb32c70,hydrogen_decentral,400,15.0,225.0,6000.0,1.6,150.0,8.0,0.2023517328735166,0.5307791067569974,,330000.0,6.0,,23313545.374007493,591114233.6208797,0.3338273406674149,0.8589777652701687,0.8575432452876216,56.93560428138465,13865576293.419735,1147257847.4080043,180112946.40259203,1327370793.8105962,38.41500937965146,13.976725376383154,4.543869525350038,26.82718304858762,11.587826331063837,0.35490718281455025,2.321270376354613,,,1.8676919661808749,,5.222747587971788,10.576063865642869,-2.9015264377621044,1.079440360530602
hydrogen_decentral_nt400_tc15_A250_f7989e41,hydrogen_decentral,400,15.0,250.0,6000.0,1.6,150.0,8.0,0.19272857397932652,0.5371826456256262,,347850.5426185217,6.0,,23587196.11256019,598052639.770796,0.33800571188213346,0.8583116953227652,0.8569624149436549,56.39872494064681,13900652609.66513,1150160112.5731235,180127673.10025233,1330287785.6733758,37.96933132457087,13.814572096122818,4.614821519953126,26.51594306823976,11.453388256331104,0.35078966870938105,2.4180082208623155,,,1.8460236303814292,,5.162155022077033,10.453363919705993,-2.8678639011539073,1.0669170554937013
hydrogen_decentral_nt400_tc15_A275_a765793c,hydrogen_decentral,400,15.0,275.0,6000.0,1.6,150.0,8.0,0.18448766503890957,0.5426663938722286,,364828.726939094,6.0,,23821279.505611885,603987817.0794089,0.3415906124346563,0.8577275478339049,0.8566224766812952,55.96098326528454,13934014741.855055,1152920543.6688955,180141680.1023168,1333062223.7712123,37.59621996813572,13.678821121492936,4.685942175655884,26.255380157590192,11.340839810545528,0.3473425811639943,2.5107161935196953,,,1.8278834009721947,,5.111428327789182,10.350642363773092,-2.839682404327323,1.056432834257984
hydrogen_decentral_nt400_tc15_A300_55a3503c,hydrogen_decentral,400,15.0,300.0,6000.0,1.6,150.0,8.0,0.17732518576251488,0.5474325226399696,,381051.177665153,6.0,,24017830.95841147,608971373.184875,0.3445853310374761,0.857280400108994,0.8561312819521069,55.61339690859012,13965891857.531761,1155558102.3493948,180155063.6241658,1335713165.9735606,37.28854890211375,13.566879615672923,4.757968390803442,26.040517578087673,11.24803132402608,0.34450008097881285,2.6005435093451865,,,1.8129248004794427,,5.069598627786398,10.265937221267457,-2.8164436821035546,1.0477874487226235
