scenario_id,carrier,num_turbines,turbine_capacity_MW,farm_area_km2,farm_capacity_MW,stack_overplant_factor,compressor_outlet_pressure_bar,export_pipeline_diameter_inch,wake_loss_frac,farm_cf,infield_horizontal_cable_length_m,infield_horizontal_pipeline_length_m,num_export_pipelines,yield_el_MWh_year,yield_h2_MWh_year,yield_h2_kg_year,stack_sp_expected,stack_eff1,stack_eff2,total_LCOE,total_capex_EUR,total_annual_capex_EUR_per_year,total_annual_opex_EUR_per_year,total_annual_cost_EUR_per_year,turbine_sLCOE,hydrogen_sLCOE,infra_sLCOE,turbine_turbine_cLCOE,turbine_foundation_cLCOE,infra_development_cLCOE,infra_infield_cLCOE,infra_offshore-platform_cLCOE,infra_offshore-substation-converter_cLCOE,infra_export_cLCOE,infra_onshore-substation_cLCOE,hydrogen_stack_cLCOE,hydrogen_bop_cLCOE,hydrogen_electrical-bop_cLCOE,hydrogen_compressor_cLCOE
electricity_nt66_tc15_A50_7c0a53c3,electricity,66,15.0,50.0,990.0,,,,0.121245570478824,0.5847495824698424,85000.00000000001,,,4537172.155684914,,,,,,89.70536270963004,4150432630.0,343412801.90174925,63595872.0,407008673.90174925,30.450187127715427,,59.25517558191461,24.199448436254904,6.25073869146052,1.3972689286082172,3.6783024167201614,16.4771825749285,21.96957676657133,12.437408380100699,3.2954365149857,,,,
electricity_nt66_tc15_A75_465b9b82,electricity,66,15.0,75.0,990.0,,,,0.1029698016132915,0.5969108278125926,104103.31406828508,,,4631533.341056816,,,,,,88.67804294977013,4192459920.9502273,346890200.77270925,63825111.76881942,410715312.5415287,29.829806026990838,,58.848236922779286,23.706417625152035,6.1233884018388025,1.3688014767563614,4.403666872979219,16.1414824158523,21.52197655446973,12.184013119551212,3.2282964831704595,,,,
electricity_nt66_tc15_A100_cb0d89e6,electricity,66,15.0,100.0,990.0,,,,0.09102643490588402,0.6048583026256029,120208.15280171309,,,4693199.159230285,,,,,,88.1786899345852,4227890566.163769,349821783.6294027,64018369.833620556,413840153.46302325,29.43786029185354,,58.74082964273166,23.394929535851197,6.0429307560023435,1.3508162474666083,5.011628543473697,15.929393031631612,21.23919070884215,12.023922504991264,3.1858786063263222,,,,
electricity_nt66_tc15_A125_98da27c1,electricity,66,15.0,125.0,990.0,,,,0.08248425636905343,0.6105425247074379,134396.80055715612,,,4737304.011853693,,,,,,87.93887674057068,4259105591.2257433,352404559.974327,64188633.60668587,416593193.5810129,29.163790380682137,,58.77508635988854,23.17712001450068,5.986670366181456,1.3382399907250642,5.546110386593937,15.781088525464709,21.041451367286278,11.911978384725609,3.1562177050929416,,,,
electricity_nt66_tc15_A150_a2384293,electricity,66,15.0,150.0,990.0,,,,0.07597080125588018,0.6148767733096776,147224.31864335458,,,4770934.18904995,,,,,,87.84068601492667,4287326131.01538,354739568.2744952,64342563.82372025,419082132.09821546,28.958215665258923,,58.88247034966774,23.01374516544585,5.944470499813072,1.3288067757118502,6.0287038894420455,15.669848088596122,20.893130784794828,11.828011193403677,3.133969617719224,,,,
electricity_nt66_tc15_A175_4b28fbd5,electricity,66,15.0,175.0,990.0,,,,0.0707506472391698,0.6183504205302816,159020.43893789253,,,4797886.812737902,,,,,,87.82427842241287,4313277595.663363,356886830.0138619,64484117.26725471,421370947.2811166,28.795539904040854,,59.02873851837203,22.884463079956067,5.911076824084786,1.3213420666893954,6.471883538865575,15.581821101869794,20.775761469159725,11.761566121413583,3.116364220373959,,,,
electricity_nt66_tc15_A200_4effeb7a,electricity,66,15.0,200.0,990.0,,,,0.0662868865746602,0.6213207409032208,170000.00000000003,,,4820934.037214131,,,,,,87.84632215262167,4337432630.0,358885452.50965154,64615872.0,423501324.50965154,28.657878349877347,,59.18844380274433,22.775060347300858,5.882818002576486,1.3150251855651571,6.882845037309051,15.5073297842307,20.676439712307598,11.70533812648568,3.10146595684614,,,,
electricity_nt66_tc15_A225_a24dbc52,electricity,66,15.0,225.0,990.0,,,,0.06243926651421838,0.6238810628182657,180312.22920256964,,,4840800.0134384595,,,,,,87.89915248851062,4360119534.245653,360762599.7971806,64739618.75043083,425502218.5476114,28.540270365999085,,59.35888212251153,22.68159463789103,5.858675728108051,1.3096285034055333,7.26793832703758,15.443689839605613,20.59158645280748,11.657301031734205,3.0887379679211224,,,,
electricity_nt66_tc15_A250_9550f676,electricity,66,15.0,250.0,990.0,,,,0.059058874836072084,0.6261304769389521,190065.77808748212,,,4858253.602839712,,,,,,87.97291086913452,4381577341.79246,362538049.8452199,64856661.33704978,427394711.1822697,28.437737604004585,,59.53517326512995,22.600109546305035,5.83762805769955,1.3049235785425628,7.6313695448464935,15.3882073878161,20.517609850421465,11.615421425940106,3.07764147756322,,,,
electricity_nt66_tc15_A275_1296256a,electricity,66,15.0,275.0,990.0,,,,0.05609115376159768,0.6281052876493021,199342.66979249578,,,4873576.497351073,,,,,,88.06565726287658,4401986503.54349,364226733.4226202,64967984.03750995,429194717.4601301,28.348327197974278,,59.71733006490232,22.529053086082968,5.8192741118913105,1.3008207997413552,7.976715844070965,15.339825695510541,20.453100927347386,11.578901659129958,3.067965139102108,,,,
electricity_nt66_tc15_A300_ee315913,electricity,66,15.0,300.0,990.0,,,,0.05344888001693149,0.6298635359346694,208206.62813657016,,,4887219.046918111,,,,,,88.17173890761985,4421487211.9004545,365840250.2515716,65074351.53763884,430914601.78921044,28.26919355259678,,59.90254535502307,22.466163798642672,5.803029753954107,1.2971895910584752,8.306363762923967,15.297004956273838,20.396006608365116,11.546579445146905,3.0594009912547677,,,,
electricity_nt66_tc15_A325_e1c91f83,electricity,66,15.0,325.0,990.0,,,,0.05107965129087044,0.6314400918663358,216708.32932769335,,,4899451.814395813,,,,,,88.2882847552753,4440190954.5209255,367387824.9821955,65176371.95193231,432564196.9341278,28.198612090708533,,60.08967266456678,22.41007112373213,5.788540966976402,1.2939508167541154,8.62231448293554,15.25881196819596,20.345082624261277,11.517750378780688,3.051762393639192,,,,
electricity_nt133_tc15_A50_3d1b8e9b,electricity,133,15.0,50.0,1995.0,,,,0.19991492829297763,0.5324006296912341,170000.00000000003,,,8324566.053600817,,,,,,90.88773297625102,7654371815.0,633333800.6228348,123267136.0,756600936.6228348,33.444239574597425,,57.44349340165358,26.578889242312112,6.86535033228532,0.8081751073233275,4.009957848845086,18.097322004590108,24.129762672786814,6.778811367190227,3.619464400918022,,,,
electricity_nt133_tc15_A75_10e524f0,electricity,133,15.0,75.0,1995.0,,,,0.16702668286026778,0.5542854556891205,208206.62813657016,,,8666755.129704319,,,,,,88.15458640152664,7738426396.9004545,640288598.3647548,123725615.53763884,764014213.9023936,32.123762271414854,,56.03082413011178,25.52947623622498,6.594286035189882,0.7762659684165435,4.707002292542741,17.382786309970854,23.177048413294475,6.511163883892994,3.476557261994171,,,,
electricity_nt133_tc15_A100_501c609d,electricity,133,15.0,100.0,1995.0,,,,0.14727933892898015,0.5674259312654437,240416.30560342618,,,8872218.366992882,,,,,,86.81750875417794,7809287687.327538,646151764.0781417,124112131.66724111,770263895.7453828,31.37983872071328,,55.43767003346465,24.938263462056746,6.441575258656539,0.7582891657421226,5.302407601060764,16.980234952395055,22.640313269860076,6.360378053927624,3.3960469904790114,,,,
electricity_nt133_tc15_A125_5f30a216,electricity,133,15.0,125.0,1995.0,,,,0.1339689160332087,0.5762830863127762,268793.60111431225,,,9010708.008301657,,,,,,86.0942309157768,7871717737.451487,651317316.7679904,124452659.21337175,775769975.9813621,30.897547805864527,,55.19668310991227,24.554976026869404,6.342571778995127,0.7466346770520879,5.83197217077484,16.719258051830817,22.29234406910776,6.262622530780596,3.3438516103661637,,,,
electricity_nt133_tc15_A150_33bd84af,electricity,133,15.0,150.0,1995.0,,,,0.12390330405546612,0.5829810467480888,294448.63728670916,,,9115436.686215691,,,,,,85.65117392526125,7928158817.03076,655987333.3683267,124760519.64744051,780747853.0157672,30.542561046164124,,55.108612879097116,24.272860066435648,6.269700979728483,0.7380564744597006,6.311060825510642,16.527167880866255,22.03622384115501,6.190670280932258,3.3054335761732516,,,,
electricity_nt133_tc15_A175_c3932e2a,electricity,133,15.0,175.0,1995.0,,,,0.11588358610864546,0.5883176078661756,318040.87787578505,,,9198878.652751977,,,,,,85.3718711841718,7980061746.326727,660281856.8470601,125043626.53450942,785325483.3815695,30.265513000097766,,55.106358184074026,24.052683754315524,6.212829245782246,0.7313616493654125,6.7514430930144895,16.377251848563528,21.83633579808471,6.134515425333181,3.2754503697127064,,,,
electricity_nt133_tc15_A200_d5fea3f9,electricity,133,15.0,200.0,1995.0,,,,0.10931753704434866,0.5926868540626541,340000.00000000006,,,9267195.774367934,,,,,,85.20228309221112,8028371815.0,664279101.8386394,125307136.0,789586237.8386394,30.042397746817382,,55.15988534539374,23.875369045395843,6.167028701421541,0.725970102239243,7.161439319565589,16.25651988891635,21.675359851888473,6.08929220500081,3.251303977783271,,,,
electricity_nt133_tc15_A225_fec756a5,electricity,133,15.0,225.0,1995.0,,,,0.1037841879182213,0.596368910712913,360624.4584051393,,,9324768.065024232,,,,,,85.10539033042393,8073745623.491306,668033396.4136975,125554629.50086167,793588025.9145591,29.856912205189875,,55.24847812523405,23.727959514496767,6.1289526906931115,0.7214878715346885,7.54638054114512,16.156150090806833,21.541533454409112,6.051696149176924,3.2312300181613667,,,,
electricity_nt133_tc15_A250_782a212b,electricity,133,15.0,250.0,1995.0,,,,0.09883434743332886,0.5996626831931385,380131.55617496424,,,9376269.181003513,,,,,,85.04160831894283,8116661238.584921,671584296.5097761,125788714.67409956,797373011.1838757,29.69291688161512,,55.348691437327716,23.59762874312945,6.095288138485671,0.7175249487738068,7.908607583082479,16.06740906348105,21.423212084641406,6.018455944652765,3.213481812696211,,,,
electricity_nt133_tc15_A275_9429f044,electricity,133,15.0,275.0,1995.0,,,,0.09442380476302625,0.602597590714834,398685.33958499157,,,9422159.118323332,,,,,,85.00949874450107,8157479562.086982,674961663.6645768,126011360.0750199,800973023.7395966,29.548299700199657,,55.46119904430142,23.482698217087638,6.065601483112022,0.7140302959547303,8.25216865107071,15.989153922004919,21.31887189600656,5.989143494863512,3.197830784400984,,,,
electricity_nt133_tc15_A300_7297991b,electricity,133,15.0,300.0,1995.0,,,,0.09047155110015204,0.6052275389706167,416413.2562731403,,,9463280.741311481,,,,,,85.00358537247375,8196480978.800909,678188697.3224795,126224095.07527769,804412792.3977572,29.419900884458293,,55.58368448801544,23.380656790945427,6.039244093512871,0.7109275575456088,8.57979563105892,15.919674850480611,21.22623313397415,5.963118344860029,3.183934970096123,,,,
electricity_nt133_tc15_A325_059ff534,electricity,133,15.0,325.0,1995.0,,,,0.08691217180771105,0.6075960568240525,433416.6586553867,,,9500314.663174974,,,,,,85.01949791394144,8233888464.041851,681283846.7837273,126428135.90386464,807711982.6875919,29.305216860905897,,55.714281053035535,23.289514818556942,6.015702042348961,0.7081562350631228,8.893621742565115,15.857617117088875,21.143489489451838,5.939873045448809,3.1715234234177756,,,,
electricity_nt200_tc15_A50_457b3c04,electricity,200,15.0,50.0,3000.0,,,,0.262823585469372,0.4905393203403621,250000.00000000006,,,11533874.536962146,,,,,,100.71669348354521,11771311000.0,973975306.4168835,187678400.0,1161653706.4168835,36.2982812401371,,64.41841224340813,28.847060332048596,7.4512209080885,0.6169448460610039,4.257291909057111,19.641698904551653,26.188931872735537,9.785204930092489,3.928339780910331,,,,
electricity_nt200_tc15_A75_49e77736,electricity,200,15.0,75.0,3000.0,,,,0.21729339526662605,0.5208364759693075,306186.2178478973,,,12246240.655968897,,,,,,95.74820695669284,11894920679.265373,984202950.155001,188352634.61417478,1172555584.7691758,34.18680340297335,,61.561403553719494,27.1690214145724,7.017781988400945,0.5810570484930634,4.8998668884833965,18.49913759023396,24.66551678697861,9.215997721483683,3.6998275180467917,,,,
electricity_nt200_tc15_A100_8aa6b22c,electricity,200,15.0,100.0,3000.0,,,,0.19084460713814055,0.538436293728852,353553.3905932738,,,12660058.838313866,,,,,,93.3444550656763,11999128459.3052,992825252.6746876,188921040.68711928,1181746293.3618069,33.06934249500434,,60.27511257067198,26.280950102941173,6.788392392063167,0.5620640900307822,5.46566635865874,17.894457976157245,23.859277301542992,8.914755249050776,3.578891595231449,,,,
electricity_nt200_tc15_A125_6557bfbf,electricity,200,15.0,125.0,3000.0,,,,0.17268877379871672,0.5505177303714018,395284.70752104744,,,12944125.311037686,,,,,,91.92150428000129,12090937356.546305,1000421653.6891711,189421816.49025255,1189843470.1794236,32.34361624837712,,59.57788803162418,25.704199135519126,6.639417112857993,0.5497292617080356,5.971267478608226,17.501753530206226,23.335671373608303,8.719115681452138,3.5003507060412455,,,,
electricity_nt200_tc15_A150_b6bfc38f,electricity,200,15.0,150.0,3000.0,,,,0.1592964384045905,0.5594293924546059,433012.7018922193,,,13153662.01507226,,,,,,91.01373261766784,12173938944.162882,1007289325.160254,189874552.42270663,1197163877.5829606,31.828385224691218,,59.185347392976624,25.294733455122785,6.533651769568429,0.5409721218729333,6.432675692549415,17.2229521024865,22.963936136648666,8.58022091892181,3.4445904204973,,,,
electricity_nt200_tc15_A175_03a2dd7a,electricity,200,15.0,175.0,3000.0,,,,0.14894842293495658,0.566315272652737,467707.17334674275,,,13315567.238544842,,,,,,90.41264749574421,12250266781.362835,1013604800.8642739,190290886.08016092,1203895686.944435,31.44138092136285,,58.97126657438134,24.987172432797266,6.454208488565584,0.5343943914078926,6.860019527325999,17.013536622165184,22.684715496220242,8.475893212828984,3.402707324433037,,,,
electricity_nt200_tc15_A200_b32d36cf,electricity,200,15.0,200.0,3000.0,,,,0.14055492220723298,0.5719005600562623,500000.0000000001,,,13446892.091607463,,,,,,89.99562828928852,12321311000.0,1019483102.3224785,190678400.0,1210161502.3224785,31.13431853836352,,58.861309750924995,24.743143052191506,6.391175486172012,0.5291753962340613,7.25899084984888,16.847379254220225,22.4631723389603,8.393116060817485,3.3694758508440454,,,,
electricity_nt200_tc15_A225_a3254e99,electricity,200,15.0,225.0,3000.0,,,,0.13345905432566008,0.5766223636018465,530330.0858899107,,,13557914.159410639,,,,,,89.69274111703979,12388037188.957806,1025004123.7563876,191042361.03067893,1216046484.7870665,30.879368080414746,,58.81337303662504,24.540528190251454,6.338839890163294,0.5248421229864436,7.633611475894652,16.70942065233827,22.279227536451028,8.324387118486984,3.3418841304676543,,,,
electricity_nt200_tc15_A250_3ae5e7d4,electricity,200,15.0,250.0,3000.0,,,,0.12733702219305276,0.5806961476001357,559016.9943749474,,,13653699.57676383,,,,,,89.47118198454085,12451148387.624884,1030226035.6623856,191386603.93249938,1221612639.5948849,30.66273865023313,,58.808443334307725,24.36836791079347,6.2943707394396595,0.5211601742580312,7.987725474046196,16.59219829645474,22.12293106193965,8.265988668318156,3.3184396592909478,,,,
electricity_nt200_tc15_A275_46be5e3d,electricity,200,15.0,275.0,3000.0,,,,0.12204322198007922,0.5842188012109991,586301.9699779288,,,13736526.463621104,,,,,,89.3171049431963,12511175333.951443,1035192752.066504,191714023.63973516,1226906775.7062392,30.477852085813588,,58.839252857382704,24.221434400550617,6.2564176852629725,0.5180177441173325,8.324967766669221,16.49215261644579,21.989536821927715,8.216147384933489,3.2984305232891575,,,,
electricity_nt200_tc15_A300_a11adb59,electricity,200,15.0,300.0,3000.0,,,,0.11735847435264701,0.5873361729443175,612372.4356957946,,,13809824.103517164,,,,,,89.20933748267653,12568530358.53075,1039938389.798714,192026869.22834954,1231965259.0270636,30.31608647531444,,58.893251007362096,24.092875632303492,6.2232108430109445,0.5152682899763191,8.647077794861666,16.40461812979847,21.87282417306463,8.172538993701307,3.2809236259596943,,,,
electricity_nt200_tc15_A325_007f13f2,electricity,200,15.0,325.0,3000.0,,,,0.11310746897976642,0.5901649195581166,637377.439199098,,,13876335.404828906,,,,,,89.13138615998602,12623541366.238016,1044490080.182902,192326929.27038917,1236817009.4532912,30.170777047189,,58.96060911279703,23.97739496223488,6.193382084954119,0.5127985338417799,8.955273143617744,16.325988400298318,21.76798453373109,8.133366821248421,3.265197680059664,,,,
electricity_nt267_tc15_A50_e9888056,electricity,267,15.0,50.0,4005.0,,,,0.3197382875485123,0.4526665686828744,335000.00000000006,,,14208920.516031567,,,,,,106.35895720810517,15275250185.0,1263896305.137969,247349664.0,1511245969.137969,39.335209270853774,,67.0237479372514,31.2605753287119,8.074633942141862,0.5281063983101845,4.630551515267363,21.28503913819806,28.38005218426408,7.942990873572107,4.257007827639612,,,,
electricity_nt267_tc15_A75_07fcfbed,electricity,267,15.0,75.0,4005.0,,,,0.26120968809083256,0.49161325611416445,410289.5319161824,,,15431432.67919866,,,,,,98.8796385825452,15440887155.2156,1277601347.7470465,248253138.38299417,1525854486.1300406,36.218987156288655,,62.66065142625656,28.784043540547696,7.43494361574095,0.4862686435921246,5.2103817635985425,19.598791348969065,26.131721798625424,7.3137296016775935,3.9197582697938134,,,,
electricity_nt267_tc15_A100_e189e46b,electricity,267,15.0,100.0,4005.0,,,,0.2284434818380432,0.5134168735774408,473761.5433949869,,,16115834.596484255,,,,,,95.44464026577472,15580525580.468971,1289155233.1234267,249014802.52073985,1538170035.6441665,34.68085122522654,,60.7637890405482,27.561652328448726,7.119198896777808,0.4656179481535577,5.753298371047329,18.76647637977467,25.021968506366232,7.0031325592514735,3.7532952759549345,,,,
electricity_nt267_tc15_A125_58caf90b,electricity,267,15.0,125.0,4005.0,,,,0.20638930042434966,0.5280923880785722,529681.5080782035,,,16576489.8193455,,,,,,93.44681952942759,15703549502.772047,1299334410.4828343,249685842.09693843,1549020252.5797727,33.717081728530694,,59.729737800896906,26.795723037377197,6.921358691153491,0.4526785778759882,6.247970649778771,18.244962147674915,24.326616196899888,6.80851779913236,3.6489924295349834,,,,
electricity_nt267_tc15_A150_7421c841,electricity,267,15.0,150.0,4005.0,,,,0.1899811006719092,0.5390108968587206,580237.020535574,,,16919214.982067663,,,,,,92.13368351620832,15814771630.178263,1308537090.2540855,250292508.24642688,1558829598.5005124,33.03408950139872,,59.099594014809625,26.252933756197393,6.781155745201318,0.44350886524878774,6.701183707904576,17.8753819025188,23.833842536691733,6.670600621941956,3.57507638050376,,,,
electricity_nt267_tc15_A175_60587fed,electricity,267,15.0,175.0,4005.0,,,,0.17718602589573662,0.5475251237936724,626727.6122846353,,,17186471.241186146,,,,,,91.22583694130574,15917050932.0262,1316999827.697472,250850395.34741563,1567850223.0448878,32.52039666360593,,58.70544027769981,25.84469050671912,6.675706156886804,0.43661213126838666,7.121845468744085,17.597412816803697,23.4632170890716,6.566870208451292,3.51948256336074,,,,
electricity_nt267_tc15_A200_0350799c,electricity,267,15.0,200.0,4005.0,,,,0.16689778095010377,0.5543712308904917,670000.0000000001,,,17401366.261743966,,,,,,90.58176191123367,16012250185.0,1324876751.6514664,251369664.0,1576246415.6514664,32.118791915768526,,58.46296999546516,25.525526182825665,6.593265732942851,0.43122026884141246,7.516397446726263,17.38009675482613,23.17346233976818,6.485773834337951,3.4760193509652266,,,,
electricity_nt267_tc15_A225_96a0511e,electricity,267,15.0,225.0,4005.0,,,,0.15840895787594067,0.5600199486454417,710642.3150924803,,,17578675.979647633,,,,,,90.11670127989744,16101663278.203455,1332274920.3729043,251857371.78110975,1584132292.154014,31.794821331147414,,58.321879948750016,25.268059474180514,6.526761856966895,0.4268707066610106,7.889186967347947,17.204790033415225,22.93972004455364,6.420354190089152,3.4409580066830454,,,,
electricity_nt267_tc15_A250_89dc20cd,electricity,267,15.0,250.0,4005.0,,,,0.15119851360022407,0.5648179947639059,749082.7724624296,,,17729283.646849304,,,,,,89.77186959718672,16186232284.417345,1339272282.3269417,252318657.26954916,1591590939.5964909,31.524728981949256,,58.247140615237484,25.053411010772592,6.471317971176658,0.423244502545405,8.242865972214066,17.05863786262023,22.744850483493643,6.365814221840089,3.4117275725240463,,,,
electricity_nt267_tc15_A275_b935e085,electricity,267,15.0,275.0,4005.0,,,,0.1449295024765268,0.5689895829959882,785644.6397704246,,,17860227.192752726,,,,,,89.51090401775043,16266668392.494932,1345927682.3084605,252757399.67724508,1598685081.9857056,31.293603154041765,,58.21730086370867,24.869730118064933,6.423873035976827,0.420141454899409,8.579636172586822,16.93357122679825,22.578094969064335,6.31914279500021,3.38671424535965,,,,
electricity_nt267_tc15_A300_6b294539,electricity,267,15.0,300.0,4005.0,,,,0.13937132902855787,0.5726881584953638,820579.0638323647,,,17976323.164774876,,,,,,89.3098902884413,16343524125.431202,1352286836.8696218,253176612.76598838,1605463449.63561,31.09150057483564,,58.21838971360567,24.709114653738894,6.382385921096739,0.41742806739818034,8.901298527888832,16.824209629692913,22.432279506257217,6.27833205642994,3.364841925938583,,,,
electricity_nt267_tc15_A325_0e4788db,electricity,267,15.0,325.0,4005.0,,,,0.13439237049998587,0.5760013069961384,854085.7685267915,,,18080320.824337613,,,,,,89.15576282456874,16417238875.758942,1358386101.984434,253578693.2223215,1611964795.2067554,30.912662858210393,,58.24309996635835,24.566988298857115,6.34567455935327,0.41502702913857314,9.209679745863141,16.727437097696374,22.303249463595165,6.242219210525817,3.3454874195392748,,,,
electricity_nt333_tc15_A50_0867f737,electricity,333,15.0,50.0,4995.0,,,,0.3772315752690967,0.41440880876722996,420000.00000000006,,,16223502.276408467,,,,,,117.87203689238065,19353682815.0,1601351722.8484404,310945536.0,1912297258.8484404,42.96659200374648,,74.90544488863418,34.14651684455101,8.820075159195463,0.4860903144613683,5.084243113837375,23.25005025745174,31.00006700993565,10.434984141457704,4.650010051490347,,,,
electricity_nt333_tc15_A75_36dc6751,electricity,333,15.0,75.0,4995.0,,,,0.30560878733677843,0.462068762369478,514392.8459844675,,,18089320.15817531,,,,,,106.72664299148737,19561347076.16583,1618534164.328478,312078250.1518136,1930612414.4802918,38.534814856890065,,68.1918281345973,30.624483889662862,7.9103309672272,0.43595266456932424,5.572314740499001,20.851930309161375,27.8025737455485,9.358670612986819,4.170386061832275,,,,
electricity_nt333_tc15_A100_8ea2a3ec,electricity,333,15.0,100.0,4995.0,,,,0.2652524623189685,0.48892307275632874,593969.6961967,,,19140627.3612931,,,,,,101.67131767328031,19736416146.63274,1633019632.5615516,313033172.3543604,1946052804.915912,36.41827355105055,,65.25304412222977,28.942420919769056,7.475852631281483,0.41200777667045857,6.0729344762069175,19.706629054445838,26.27550540592778,8.844641598089622,3.941325810889167,,,,
electricity_nt333_tc15_A125_cce99eeb,electricity,333,15.0,125.0,4995.0,,,,0.23892933967574836,0.5064392689288051,664078.3086353597,,,19826360.971356887,,,,,,98.84093529824358,19890655093.99779,1645781586.2658834,313874475.70362437,1959656061.9695077,35.1586760772362,,63.682259221007385,27.941390483070585,7.21728559416561,0.39775767901114756,6.549009827865346,19.02503660774238,25.36671547698984,8.5387323078502,3.8050073215484757,,,,
electricity_nt333_tc15_A150_1745ad5c,electricity,333,15.0,150.0,4995.0,,,,0.21976525420035342,0.5191916268159337,727461.3391789284,,,20325597.239588857,,,,,,97.01827322282108,20030097761.19364,1657319274.3373027,314635072.07014716,1971954346.4074497,34.29511049370744,,62.72316272911367,27.255095495053663,7.040014998653778,0.3879879754698728,6.993217252839726,18.557744642489503,24.743659523319337,8.329004406497319,3.7115489284979004,,,,
electricity_nt333_tc15_A175_37c8c07c,electricity,333,15.0,175.0,4995.0,,,,0.20476507285983547,0.5291731978682914,785748.0512225277,,,20716361.232207116,,,,,,95.7341766686036,20158328527.689564,1667929273.5200562,315334512.61467034,1983263786.1347265,33.64821627548099,,62.08596039312261,26.740994113278113,6.907222162202871,0.3806695217760467,7.40722539530134,18.207697725021426,24.276930300028564,8.171897905990946,3.6415395450042847,,,,
electricity_nt333_tc15_A200_8b86df85,electricity,333,15.0,200.0,4995.0,,,,0.1925800836014806,0.537281455581547,840000.0000000001,,,21033787.731561754,,,,,,94.78988670110543,20277682815.0,1677804819.96984,315985536.0,1993790355.96984,33.14042207130982,,61.64946462979561,26.33743864058006,6.8029834307297525,0.3749247365167061,7.79590100201031,17.932920503537513,23.910560671383347,8.04857361564024,3.586584100707502,,,,
electricity_nt333_tc15_A225_29aa438e,electricity,333,15.0,225.0,4995.0,,,,0.18250373100286488,0.5439865631484813,890954.54429505,,,21296282.942991544,,,,,,94.08576754328594,20389782812.449112,1687080135.9788072,316596990.53154063,2003677126.5103478,32.731937542729504,,61.35383000055644,26.012806800226283,6.719130742503217,0.3703034630181494,8.164058387958232,17.711881659729382,23.615842212972506,7.949367944932293,3.5423763319458756,,,,
electricity_nt333_tc15_A250_5cabbb33,electricity,333,15.0,250.0,4995.0,,,,0.17400015521352075,0.5496450978030708,939148.5505499117,,,21517806.34671203,,,,,,93.55174194580844,20495809626.209805,1695852947.9808838,317175318.606599,2013028266.587483,32.39496591569654,,61.15677603011191,25.745007870825187,6.649958044871346,0.36649123038553266,8.514587152523234,17.529539823933593,23.37271976524479,7.867530093238037,3.505907964786718,,,,
electricity_nt333_tc15_A275_bf56a0b4,electricity,333,15.0,275.0,4995.0,,,,0.16670355735460018,0.5545004731026059,984987.3095629204,,,21707887.229546428,,,,,,93.14229403691282,20596654896.038425,1704197031.539803,317725383.71475506,2021922415.254558,32.11130571166412,,61.03098832524869,25.51957672808347,6.591728983580646,0.36328212136971244,8.849750512606024,17.37604582563795,23.168061100850597,7.798639599656819,3.4752091651275894,,,,
electricity_nt333_tc15_A300_8a1b7426,electricity,333,15.0,300.0,4995.0,,,,0.1603410998272693,0.5587342433774437,1028785.691968935,,,21873633.179532267,,,,,,92.8250305090359,20693011337.331657,1712169702.9299154,318250964.30362725,2030420667.2335427,31.86798450266416,,60.95704600637174,25.32620389178709,6.541780610877062,0.360529376097581,9.171207931930155,17.24438003428406,22.99250671237874,7.739545944824396,3.4488760068568114,,,,
electricity_nt333_tc15_A325_cbd54e45,electricity,333,15.0,325.0,4995.0,,,,0.15468310310887623,0.5624992442782061,1070794.0978544848,,,22021027.490154907,,,,,,92.5738641787266,20785429830.279865,1719816542.7753513,318755065.1742538,2038571607.949605,31.654681122120124,,60.91918305660649,25.156686898768157,6.497994223351963,0.3581162289874895,9.479965406957085,17.1289574679027,22.838609957203598,7.687742501975072,3.42579149358054,,,,
electricity_nt400_tc15_A50_5800fd54,electricity,400,15.0,50.0,6000.0,,,,0.42542967825025124,0.38233634387003945,500000.0000000001,,,17979473.768007364,,,,,,125.75002999667815,22846622000.0,1890362565.651414,370556800.0,2260919365.651414,46.57086487993551,,79.17916511674264,37.01091354765504,9.559951332280473,0.46019949287009637,5.462125463723268,25.200391711241192,33.60052228165492,9.41584782500493,5.040078342248238,,,,
electricity_nt400_tc15_A75_adb70daa,electricity,400,15.0,75.0,6000.0,,,,0.34298599593877066,0.4371968454952581,612372.4356957946,,,20559304.23844159,,,,,,111.03114657390908,23093841358.530746,1910817853.127649,371905269.22834957,2282723122.3559985,40.7270418177189,,70.3041047561902,32.36669595150136,8.360345866217536,0.40245256425736786,5.8372548411812994,22.03818652912331,29.384248705497743,8.234324810305827,4.407637305824662,,,,
electricity_nt400_tc15_A100_73ea270e,electricity,400,15.0,100.0,6000.0,,,,0.2963199360277793,0.4682498429331587,707106.7811865476,,,22019580.14944029,,,,,,104.50265281737227,23302256918.6104,1928062458.1670222,373042081.37423855,2301104539.5412607,38.02614027059457,,66.47651254677773,30.220228757493672,7.8059115131008925,0.3757630551515538,6.284920713437963,20.576676695958174,27.43556892794423,7.688247815094173,4.115335339191635,,,,
electricity_nt400_tc15_A125_196f9603,electricity,400,15.0,125.0,6000.0,,,,0.2658452353533518,0.4885286237809262,790569.4150420949,,,22973195.504467953,,,,,,100.86968061216443,23485874713.09261,1943255260.1959891,374043632.9805051,2317298893.176494,36.44767848248928,,64.42200212967516,28.965789680004875,7.481888802484404,0.3601651632877537,6.7289580584291455,19.722540629041,26.296720838721328,7.369109314387739,3.9445081258081993,,,,
electricity_nt400_tc15_A150_40888235,electricity,400,15.0,150.0,6000.0,,,,0.24405182027468109,0.5030306165330863,866025.4037844386,,,23655155.779633224,,,,,,98.5806109123719,23651877888.325764,1956990603.138155,374949104.84541327,2331939707.983568,35.39691943957254,,63.18369147279936,28.1307278404391,7.266191599133442,0.34978187365107605,7.153894288467698,19.15395467849235,25.5386062379898,7.156663458499964,3.83079093569847,,,,
electricity_nt400_tc15_A175_c275c679,electricity,400,15.0,175.0,6000.0,,,,0.22729429857581107,0.5141815746249653,935414.3466934855,,,24179532.71035272,,,,,,96.99953075198628,23804533562.72567,1969621554.5461948,375781772.16032183,2345403326.7065167,34.62927317465109,,62.370257577335174,27.5206620918335,7.108611082817592,0.34219622063107646,7.555567956425363,18.73856650346994,24.984755337959918,7.00145825815489,3.747713300693988,,,,
electricity_nt400_tc15_A200_3654c4e2,electricity,400,15.0,200.0,6000.0,,,,0.21372529357021974,0.5232107979722366,1000000.0000000002,,,24604134.46982586,,,,,,95.83490776130898,23946622000.0,1981378157.462604,376556800.0,2357934957.462604,34.031664250944985,,61.80324351036399,27.045728841879555,6.985935409065432,0.3362908262534281,7.934509281079758,18.415188807858033,24.553585077144042,6.88063175645713,3.6830377615716063,,,,
electricity_nt400_tc15_A225_9249f10b,electricity,400,15.0,225.0,6000.0,,,,0.2023517328735166,0.5307791067569974,1060660.1717798214,,,24960036.312393147,,,,,,94.93996293647918,24080074377.91561,1992420200.3304222,377284722.06135786,2369704922.39178,33.54641127050245,,61.39355166597673,26.6600873865576,6.886323883944856,0.3314957000282854,8.292924563181339,18.152609076566257,24.203478768755005,6.782521742132584,3.630521815313251,,,,
electricity_nt400_tc15_A250_452b0f4d,electricity,400,15.0,250.0,6000.0,,,,0.19272857397932652,0.5371826456256262,1118033.9887498948,,,25261164.523082063,,,,,,94.24891041075946,24206296775.249767,2002864024.1424181,377973207.86499876,2380837232.0074167,33.14651795633277,,61.102392454426706,26.34228317748447,6.804234778848301,0.3275440727424817,8.634756630054502,17.93621910430005,23.914958805733402,6.701670020736255,3.58724382086001,,,,
electricity_nt400_tc15_A275_f33d9bed,electricity,400,15.0,275.0,6000.0,,,,0.18448766503890957,0.5426663938722286,1172603.9399558576,,,25519039.32188397,,,,,,93.711423618496,24326350667.902885,2012797456.950655,378628047.2794703,2391425504.2301254,32.81156601942177,,60.899857599074224,26.076089341239577,6.735476678182193,0.3242341769116935,8.962417322471682,17.754970161718507,23.67329354895801,6.633948356670629,3.5509940323437017,,,,
electricity_nt400_tc15_A300_fdc580cf,electricity,400,15.0,300.0,6000.0,,,,0.17732518576251488,0.5474325226399696,1224744.8713915893,,,25743167.86348992,,,,,,93.28853712202788,24441060717.0615,2022288732.415075,379253738.4566991,2401542470.871774,32.525897663501596,,60.76263945852627,25.849062275035838,6.676835388465753,0.321411286830901,9.277383730681233,17.600389513769315,23.467186018359087,6.576191006131867,3.520077902753863,,,,
electricity_nt400_tc15_A325_1b0bcf39,electricity,400,15.0,325.0,6000.0,,,,0.1710308190509875,0.551620983241509,1274754.878398196,,,25940131.397616588,,,,,,92.95426976695182,24551082732.476032,2031392113.183451,379853858.54077834,2411245971.7242293,32.278928376559804,,60.67534139039202,25.65279022916566,6.626138147394143,0.31897080948743495,9.58101344036477,17.46674967719715,23.2889995695962,6.52625795830703,3.49334993543943,,,,
hydrogen_central_nt66_tc15_A50_d3e4d5bd,hydrogen_central,66,15.0,50.0,990.0,1.0,150.0,8.0,0.121245570478824,0.5847495824698424,85000.00000000001,,1.0,,3638010.6276244125,92241648.77343845,0.5701485775582825,,,75.0147385546539,2785233058.366026,230454213.7629771,42450202.32732052,272904416.09029764,37.97617855269471,8.164086390644659,28.874473611314528,30.18052305680181,7.7956554958929,1.7426143917079835,4.587422361717802,20.549641448386783,,1.9947954095019584,,3.0824462172580174,1.884223922756467,2.739952193118237,0.4574640575119374
hydrogen_central_nt66_tc15_A50_340511ec,hydrogen_central,66,15.0,50.0,990.0,1.2,150.0,8.0,0.121245570478824,0.5847495824698424,85000.00000000001,,1.0,,3722554.936540458,94385267.15366273,0.4750100349077172,,,73.92463969743362,2807464751.726461,232293696.24312702,42894836.19452922,275188532.4376562,37.11368764906986,8.592257185354788,28.21869486300897,29.495082141070583,7.618605507999276,1.7030372378538017,4.483235731865703,20.082931013122938,,1.9494908801665296,,3.614927582362128,1.841430622964209,2.6777241350830576,0.45817484494539384
hydrogen_central_nt66_tc15_A50_908aae7e,hydrogen_central,66,15.0,50.0,990.0,1.4,150.0,8.0,0.121245570478824,0.5847495824698424,85000.00000000001,,1.0,,3785403.245894787,95978784.12512137,0.4069372498552687,,,73.2977230459853,2829587335.7609005,234124150.85975182,43337287.87521801,277461438.73496985,36.497496355532434,9.050041296348981,27.75018539410387,29.005381063954513,7.492115291577921,1.6747620438483404,4.408801446300421,19.74949803939069,,1.9171238645644209,,4.147394588272044,1.8108577106669266,2.6332664052520913,0.4585225921579172
hydrogen_central_nt66_tc15_A50_0e72deac,hydrogen_central,66,15.0,50.0,990.0,1.6,150.0,8.0,0.121245570478824,0.5847495824698424,85000.00000000001,,1.0,,3833592.0434677834,97200609.62139411,0.3556837862695803,,,72.96720801088424,2851633641.254205,235948294.07950038,43778213.9850841,279726508.0645845,36.03871763211694,9.527128764399754,27.40136161436753,28.640779296012045,7.3979383361048985,1.6537100466094945,4.353382184671549,19.501244038339603,,1.8930253447468852,,4.680298569201504,1.7880949715273984,2.6001658717786134,0.4585693518922375
hydrogen_central_nt66_tc15_A50_36a1d706,hydrogen_central,66,15.0,50.0,990.0,1.8,150.0,8.0,0.121245570478824,0.5847495824698424,85000.00000000001,,1.0,,3873958.321485298,98224095.3723453,0.315801022511772,,,72.79063389027876,2873643977.7314186,237769461.17080677,44218420.714628376,281987881.88543516,35.66319761496431,10.01159424819945,27.11584202711499,28.342345094154695,7.3208525208096145,1.6364785448838377,4.308020355503605,19.298042926398573,,1.8733002003289771,,5.210471590127615,1.76946319163909,2.573072390186476,0.45858707624627143
hydrogen_central_nt66_tc15_A50_5d094c89,hydrogen_central,66,15.0,50.0,990.0,2.0,150.0,8.0,0.121245570478824,0.5847495824698424,85000.00000000001,,1.0,,3907242.4412722415,99068013.21684183,0.283879767391512,,,72.7486201494447,2895627455.3852425,239588405.92419845,44658090.267704844,284246496.1919033,35.359398155564655,10.504368175897124,26.88485381798291,28.100908832306157,7.258489323258497,1.622538087199072,4.271322180841456,19.13365118924118,,1.8573423607012032,,5.740095356772355,1.7543898948794638,2.5511534918988237,0.45872943234648145
hydrogen_central_nt66_tc15_A75_230811d0,hydrogen_central,66,15.0,75.0,990.0,1.0,150.0,8.0,0.1029698016132915,0.5969108278125926,104103.31406828508,,1.0,,3707238.1425524997,93996910.30812627,0.5820022290453433,,,74.61378095868032,2827260349.3162537,233931612.63393715,42679442.096139945,276611054.7300771,37.26702624939588,8.011633434899709,29.335121274384722,29.61694377483702,7.650082474558863,1.7100734922089287,5.501596919551502,20.165905482303,,1.9575453803212877,,3.02488582234545,1.8490386622674626,2.6887873976403998,0.4489215526463972
hydrogen_central_nt66_tc15_A75_23bb3f10,hydrogen_central,66,15.0,75.0,990.0,1.2,150.0,8.0,0.1029698016132915,0.5969108278125926,104103.31406828508,,1.0,,3794411.5376132955,96207189.08755821,0.48490454764400165,,,73.5015609964285,2849492042.676688,235771095.11408702,43124075.96334864,278895171.0774357,36.41084784866735,8.429541467578003,28.661171680183134,28.936519547105195,7.4743283015621556,1.6707860004222335,5.375202384594182,19.70261086390396,,1.912572431262757,,3.546469955502712,1.806558563261145,2.6270147818538607,0.4494981669602855
hydrogen_central_nt66_tc15_A75_ad5995df,hydrogen_central,66,15.0,75.0,990.0,1.4,150.0,8.0,0.1029698016132915,0.5969108278125926,104103.31406828508,,1.0,,3859480.0839916244,97857000.10120752,0.4154677819354467,,,72.8512833997978,2871614626.7111273,237601549.7307118,43566527.64403743,281168077.37474924,35.79698253770428,8.876339546556302,28.17796131553722,28.448666980644763,7.348315557059518,1.6426175388702053,5.284579658723516,19.370436524129627,,1.8803275938138682,,4.067791670067221,1.776101056783446,2.58272486988395,0.44972194982168434
hydrogen_central_nt66_tc15_A75_b628988e,hydrogen_central,66,15.0,75.0,990.0,1.6,150.0,8.0,0.1029698016132915,0.5969108278125926,104103.31406828508,,1.0,,3909293.3912311387,99120014.99064754,0.36317124857972083,,,72.50239834649592,2893660932.2044325,239425692.9504604,44007453.75390352,283433146.70436394,35.340847397425996,9.342641079387972,27.818909869681946,28.086166127667035,7.254681269758961,1.6216868478342512,5.217242070104008,19.123613016816428,,1.8563679349272555,,4.589667124035943,1.7534694815150271,2.5498150689088566,0.44968940492814474
hydrogen_central_nt66_tc15_A75_32cfadd4,hydrogen_central,66,15.0,75.0,990.0,1.8,150.0,8.0,0.1029698016132915,0.5969108278125926,104103.31406828508,,1.0,,3949949.430059876,100150847.61815102,0.32238933604445874,,,72.32865270401294,2915671268.6816463,241246860.0417668,44447660.4834478,285694520.5252146,34.97709112928348,9.818986175870787,27.53257539885866,27.797080841676554,7.180010287606928,1.6049951497198776,5.1635420418031766,18.926777495976445,,1.8372607113591601,,5.110229923913641,1.73542137113089,2.523570332796859,0.4497645480293974
hydrogen_central_nt66_tc15_A75_c73219ac,hydrogen_central,66,15.0,75.0,990.0,2.0,150.0,8.0,0.1029698016132915,0.5969108278125926,104103.31406828508,,1.0,,3984717.9624138274,101032402.69811936,0.2898360502368378,,,72.2643704141231,2937654746.3354692,243065804.79515842,44887330.036524266,287953134.8316827,34.671899611076526,10.30013003247838,27.292340770568195,27.55453827939097,7.117361331685555,1.5909908145781333,5.118487716695391,18.761632488994252,,1.8212297503004158,,5.628489746698276,1.7202790060603763,2.501550998532567,0.4498102811871612
hydrogen_central_nt66_tc15_A100_7acfad67,hydrogen_central,66,15.0,100.0,990.0,1.0,150.0,8.0,0.09102643490588402,0.6048583026256029,120208.15280171309,,1.0,,3752549.1150820483,95145768.63798298,0.5897566976164605,,,74.54556544703755,2862690994.529795,236863195.4906306,42872700.16094108,279735895.6515717,36.81703741491065,7.91489522006155,29.813632812065343,29.259327529283496,7.557709885627155,1.6894248369474787,6.267891543930128,19.9224078594019,,1.9339085717858333,,2.988361178910285,1.826712041758928,2.656321047920253,0.44350095147208357
hydrogen_central_nt66_tc15_A100_5ef21314,hydrogen_central,66,15.0,100.0,990.0,1.2,150.0,8.0,0.09102643490588402,0.6048583026256029,120208.15280171309,,1.0,,3841663.1491732365,97405252.2609847,0.49140324712966044,,,73.41091632659769,2884922687.8902297,238702677.97078046,43317334.028149776,282020011.9989302,35.96300243060054,8.325859962045659,29.12205393395149,28.58060672277787,7.382395707822672,1.650235700193873,6.122496937730502,19.460273084898475,,1.889048211128639,,3.5028491552817247,1.7843382903801477,2.5947030779864626,0.44396943839732345
hydrogen_central_nt66_tc15_A100_06a529a3,hydrogen_central,66,15.0,100.0,990.0,1.4,150.0,8.0,0.09102643490588402,0.6048583026256029,120208.15280171309,,1.0,,3907995.461626824,99087106.0250209,0.42105516688153466,,,72.74648117884408,2907045271.9246693,240533132.58740526,43759785.70883857,284292918.29624385,35.35258485529387,8.766145210521897,28.627751113028317,28.09549414937196,7.25709070592191,1.6222254450228608,6.018576811963362,19.12996438127417,,1.8569844747679236,,4.017292520067575,1.7540518465593748,2.550661917503222,0.444138926391725
hydrogen_central_nt66_tc15_A100_21fc309e,hydrogen_central,66,15.0,100.0,990.0,1.6,150.0,8.0,0.09102643490588402,0.6048583026256029,120208.15280171309,,1.0,,3957765.2889601663,100349018.48276284,0.3679805656817342,,,72.40398727665496,2929091577.417974,242357275.80715385,44200711.818704665,286557987.62585855,34.90801780404824,9.228219048303332,28.267750424303376,27.742186716877256,7.1658310871709885,1.6018255793411458,5.942891796088513,18.88940058968077,,1.8336324591929476,,4.533456141523384,1.7319942329407747,2.5185867452907686,0.44418192854840444
hydrogen_central_nt66_tc15_A100_68d24ed5,hydrogen_central,66,15.0,100.0,990.0,1.8,150.0,8.0,0.09102643490588402,0.6048583026256029,120208.15280171309,,1.0,,3999940.9621047196,101418381.3921075,0.32672018240067063,,,72.20590608285778,2951101913.895188,244178442.89846024,44640918.54824893,288819361.44670916,34.539945084231626,9.696267824097756,27.969693174528395,27.44967104967838,7.090274034553247,1.5849358120398482,5.88022950574476,18.6902293537264,,1.8142985030173864,,5.046361925506129,1.7137319577350116,2.4920305804968526,0.4441433603597636
hydrogen_central_nt66_tc15_A100_35da2803,hydrogen_central,66,15.0,100.0,990.0,2.0,150.0,8.0,0.09102643490588402,0.6048583026256029,120208.15280171309,,1.0,,4035665.514282403,102324176.32561874,0.29375375369349577,,,72.12638776009537,2973085391.549011,245997387.6518519,45080588.1013254,291077975.7531773,34.23419029211394,10.170097846405081,27.722099621576348,27.206680840949733,7.027509451164202,1.5709056299261146,5.828176488701774,18.524779548385236,,1.7982379545632208,,5.557433864515571,1.6985616452980667,2.4699706064513642,0.4441317301400791
hydrogen_central_nt66_tc15_A125_125e17fe,hydrogen_central,66,15.0,125.0,990.0,1.0,150.0,8.0,0.08248425636905343,0.6105425247074379,134396.80055715612,,1.0,,3785135.9173531267,95972006.0180813,0.5953251451550308,,,74.63112076754707,2893906019.5917697,239445971.8355549,43042963.93400639,282488935.7695613,36.500074023200916,7.846754701157064,30.284292043189097,29.007429594414035,7.492644428786882,1.6748803253855389,6.941259589686684,19.750892864999248,,1.9172592631176264,,2.9626339297498867,1.8109856040798757,2.633452381999899,0.439682785327402
hydrogen_central_nt66_tc15_A125_e34813ae,hydrogen_central,66,15.0,125.0,990.0,1.2,150.0,8.0,0.08248425636905343,0.6105425247074379,134396.80055715612,,1.0,,3875466.019964577,98262323.02141424,0.4960517074534665,,,73.48098284178035,2916137712.9522047,241285454.3157048,43487597.80121509,284773052.1169199,35.64932332254804,8.253239542443476,29.578419976788833,28.33131888198369,7.318004440564351,1.635841894684666,6.779471384665899,19.29053527962182,,1.8725714178164432,,3.4722963503319275,1.768774805532895,2.5720713706162424,0.44009701596241174
hydrogen_central_nt66_tc15_A125_2e92881c,hydrogen_central,66,15.0,125.0,990.0,1.4,150.0,8.0,0.08248425636905343,0.6105425247074379,134396.80055715612,,1.0,,3942352.614555896,99958230.59218803,0.42501861579769784,,,72.8108280711387,2938260296.986644,243115908.9323296,43930049.48190388,287045958.41423345,35.04449111455978,8.689749255861642,29.07658770071728,27.850645125582506,7.193845988977282,1.608087935482416,6.664449772348586,18.963248925800084,,1.840801067086188,,3.982282274418017,1.73876548498044,2.5284331901066777,0.44026830635650693
hydrogen_central_nt66_tc15_A125_973ebd52,hydrogen_central,66,15.0,125.0,990.0,1.6,150.0,8.0,0.08248425636905343,0.6105425247074379,134396.80055715612,,1.0,,3992904.781667161,101239979.25119577,0.3714608420431542,,,72.45628021789487,2960306602.479949,244940052.15207818,44370975.59176998,289311027.74384815,34.60081036883141,9.147006258698315,28.70846359036514,27.498042060012498,7.102768308818917,1.5877287397366626,6.580074512476816,18.723164731187936,,1.8174956069637251,,4.493559535485104,1.7167518462461522,2.4964219641583907,0.4402729128086681
hydrogen_central_nt66_tc15_A125_7f48ed20,hydrogen_central,66,15.0,125.0,990.0,1.8,150.0,8.0,0.08248425636905343,0.6105425247074379,134396.80055715612,,1.0,,4035891.225335007,102329899.22249004,0.3298318946940981,,,72.24486124263576,2982316938.9571624,246761219.24338457,44811182.32131425,291572401.5646988,34.232275712484686,9.609896967906321,28.40268856224475,27.20515928146569,7.027116431018999,1.5708177755357269,6.509989867829998,18.52374353248251,,1.7981373863965147,,5.001410753770278,1.6984666516236915,2.4698324709976673,0.44018709151468527
hydrogen_central_nt66_tc15_A125_a90087a0,hydrogen_central,66,15.0,125.0,990.0,2.0,150.0,8.0,0.08248425636905343,0.6105425247074379,134396.80055715612,,1.0,,4072112.059076933,103248277.35996282,0.296556075395128,,,72.15690816174948,3004300416.6109858,248580163.9967762,45250851.874390714,293831015.8711669,33.92778468934945,10.079072618870507,28.150050853529542,26.96317341836546,6.96461127098399,1.5568455840387574,6.452084471995252,18.358977576871695,,1.7821432206238337,,5.507693273061508,1.6833590422769553,2.4478636769162256,0.44015662661581806
hydrogen_central_nt66_tc15_A150_949e3682,hydrogen_central,66,15.0,150.0,990.0,1.0,150.0,8.0,0.07597080125588018,0.6148767733096776,147224.31864335458,,1.0,,3809964.8058220837,96601541.72976887,0.5995719094651596,,,74.79803326563108,2922126559.3814063,241780980.13572308,43196894.15104078,284977874.28676385,36.26220928869054,7.79561874393757,30.740205233002964,28.818393141092933,7.443816147597612,1.6639654170025795,7.549295326257301,19.622179677056405,,1.9047648126866727,,2.943326951558461,1.7991837208934816,2.61629062360752,0.43681744787810795
hydrogen_central_nt66_tc15_A150_4ae9d192,hydrogen_central,66,15.0,150.0,990.0,1.2,150.0,8.0,0.07597080125588018,0.6148767733096776,147224.31864335458,,1.0,,3901078.139862825,98911717.5421609,0.49957988141478327,,,73.636564133069,2944358252.741841,243620462.61587295,43641528.018249474,287261990.63412243,35.415271424459014,8.199053762735547,30.02223894587444,28.145312575504942,7.2699588489540705,1.6251019460758145,7.3729744625953195,19.16388529088296,,1.8602772463203467,,3.449499352358932,1.7571620998222879,2.5551847054510604,0.43720760510326734
hydrogen_central_nt66_tc15_A150_c409ba43,hydrogen_central,66,15.0,150.0,990.0,1.4,150.0,8.0,0.07597080125588018,0.6148767733096776,147224.31864335458,,1.0,,3968280.749477727,100615637.66424258,0.4280159346502469,,,72.96230161375107,2966480836.776281,245450917.2324978,44083979.698938265,289534896.93143606,34.81551580982491,8.632971773277399,29.513814030648767,27.668673301998403,7.146842507826502,1.597580936711514,7.248113557888503,18.83934597947525,,1.828773556573495,,3.9562626556898017,1.7274046592379746,2.511912797263366,0.4373916610862548
hydrogen_central_nt66_tc15_A150_ba9d48ae,hydrogen_central,66,15.0,150.0,990.0,1.6,150.0,8.0,0.07597080125588018,0.6148767733096776,147224.31864335458,,1.0,,4019850.3406516747,101923183.07940352,0.3741289072544834,,,72.58975870572978,2988527142.269585,247275060.45224634,44524905.808804356,291799966.2610507,34.36887681466975,9.085692733121759,29.13518915793827,27.3137192490875,7.055157565582245,1.577085995658522,7.155129436270169,18.597661019137,,1.805312706872575,,4.4634386445928795,1.7052442441677873,2.479688135884933,0.4373217084761589
hydrogen_central_nt66_tc15_A150_5f2c0111,hydrogen_central,66,15.0,150.0,990.0,1.8,150.0,8.0,0.07597080125588018,0.6148767733096776,147224.31864335458,,1.0,,4063281.3828891115,103024375.83390243,0.33220469295630173,,,72.3704101124336,3010537478.746799,249096227.54355276,44965112.53834863,294061340.0819014,34.001519499255416,9.545117651086645,28.82377296209155,27.021772129854245,6.979747369401172,1.5602290561470344,7.078650674531049,18.398876902279863,,1.786016329133602,,4.967696763615563,1.687017464426302,2.4531835869706478,0.43721983607413356
hydrogen_central_nt66_tc15_A150_0682ae2a,hydrogen_central,66,15.0,150.0,990.0,2.0,150.0,8.0,0.07597080125588018,0.6148767733096776,147224.31864335458,,1.0,,4099138.535750477,103933532.85371393,0.29864184856321224,,,72.28834834539661,3032520956.4006224,250915172.29694438,45404782.0914251,296319954.3883695,33.704091717400686,10.012619187582661,28.571637440413262,26.785399583429005,6.918692133971684,1.5465809758791724,7.016730283923319,18.237933002529054,,1.7703931780817155,,5.471379900758715,1.672260304458628,2.4317244003372065,0.4372545820281105
hydrogen_central_nt66_tc15_A175_c44dd059,hydrogen_central,66,15.0,175.0,990.0,1.0,150.0,8.0,0.0707506472391698,0.6183504205302816,159020.43893789253,,1.0,,3829875.654184712,97106380.68419656,0.6029750737257336,,,75.00679275468988,2948078024.0293894,243928241.8750898,43338447.594575234,287266689.46966505,36.07368845521333,7.755090696366677,31.17801360310988,28.668571395507026,7.405117059706298,1.6553147541377433,8.107669148675985,19.520167424082285,,1.8948622762138672,,2.9280251136123425,1.7898300819041641,2.6026889898776373,0.43454651097253294
hydrogen_central_nt66_tc15_A175_b76993be,hydrogen_central,66,15.0,175.0,990.0,1.2,150.0,8.0,0.0707506472391698,0.6183504205302816,159020.43893789253,,1.0,,3921586.954686575,99431717.91801661,0.5024038161507274,,,73.83511041900776,2970309717.389825,245767724.35523972,43783081.46178393,289550805.81702363,35.2300593529253,8.156174979912956,30.44887608616949,27.99812037743886,7.231938975486443,1.6166031124997913,7.918060989975006,19.063663472706875,,1.850548510987824,,3.431459425087237,1.7479726281780343,2.541821796360916,0.4349211302867693
hydrogen_central_nt66_tc15_A175_a2d72eaa,hydrogen_central,66,15.0,175.0,990.0,1.4,150.0,8.0,0.0707506472391698,0.6183504205302816,159020.43893789253,,1.0,,3989320.7053021514,101149105.10400993,0.4304419114290855,,,73.15122891134783,2992432301.424264,247598178.97186452,44225533.14247272,291823712.11433727,34.63189634958204,8.58744087762846,29.93189168413732,27.522746787937812,7.1091495616442275,1.5891551833521316,7.783622069649278,18.739985953934465,,1.81912847720145,,3.9353970503262365,1.7182942065052658,2.498664793857928,0.4350848269390289
hydrogen_central_nt66_tc15_A175_1689a253,hydrogen_central,66,15.0,175.0,990.0,1.6,150.0,8.0,0.0707506472391698,0.6183504205302816,159020.43893789253,,1.0,,4041460.7389956797,102471114.07189858,0.37626730380253715,,,72.76794219632436,3014478606.917569,249422322.1916131,44666459.25233881,294088781.4439519,34.18510041139195,9.037109942919328,29.545731842013062,27.167668008867913,7.017432402524038,1.5686530406479529,7.68320334899877,18.498216068698067,,1.795659383668276,,4.439571856487535,1.6961260045583522,2.466428809159742,0.43498327271369763
hydrogen_central_nt66_tc15_A175_b7025755,hydrogen_central,66,15.0,175.0,990.0,1.8,150.0,8.0,0.0707506472391698,0.6183504205302816,159020.43893789253,,1.0,,4085233.9815485184,103580983.30498272,0.334106463916956,,,72.54178257678896,3036488943.394782,251243489.28291944,45106665.981883086,296350155.2648025,33.81880739151606,9.493825573840265,29.22914961143264,26.876566709231607,6.942240682284456,1.5518449385074964,7.6008778995147175,18.300007862649853,,1.7764189107605777,,4.94100212291546,1.677952030843983,2.440001048353313,0.43487037172750903
hydrogen_central_nt66_tc15_A175_fc487a76,hydrogen_central,66,15.0,175.0,990.0,2.0,150.0,8.0,0.0707506472391698,0.6183504205302816,159020.43893789253,,1.0,,4120826.8660400556,104483439.80831786,0.3003152793053193,,,72.46331362089506,3058472421.048606,253062434.03631112,45546335.534959555,298608769.5712707,33.52670365984813,9.959921755959492,28.976688205087434,26.64442530521042,6.882278354637711,1.5384411631389494,7.535226713986586,18.141944908970014,,1.7610754189918874,,5.442583472691004,1.6634590286486344,2.418925987862668,0.4349532667571852
hydrogen_central_nt66_tc15_A200_d606151b,hydrogen_central,66,15.0,200.0,990.0,1.0,150.0,8.0,0.0662868865746602,0.6213207409032208,170000.00000000003,,1.0,,3846783.2236092174,97535071.59252581,0.6058696269552029,,,75.23092669273814,2972233058.366026,245926864.3708794,43470202.327320516,289397066.6981999,35.91513561859618,7.721005143134194,31.59478593100777,28.542565890908786,7.37256972768739,1.64803923391783,8.625841380815068,19.434371431244667,,1.886533885030206,,2.9151557146867,1.7819633333486087,2.5912495241659554,0.43263657093292984
hydrogen_central_nt66_tc15_A200_32e422a8,hydrogen_central,66,15.0,200.0,990.0,1.2,150.0,8.0,0.0662868865746602,0.6213207409032208,170000.00000000003,,1.0,,3939116.0809067516,99876168.37998864,0.5048174027239116,,,74.0473692713356,2994464751.726461,247766346.8510293,43914836.19452922,291681183.0455585,35.073285055225604,8.11987987772246,30.85420433838754,27.873528317711884,7.199756737513721,1.6094092041647985,8.42365171061306,18.97882988152336,,1.8423135420863241,,3.416189378674204,1.7401941235086078,2.5305106508697808,0.4329857246698666
hydrogen_central_nt66_tc15_A200_c6450209,hydrogen_central,66,15.0,200.0,990.0,1.4,150.0,8.0,0.0662868865746602,0.6213207409032208,170000.00000000003,,1.0,,4007453.774089307,101608868.51139216,0.4325297402905353,,,73.35183533331539,3016587335.7609005,249596801.46765414,44357287.875218004,293954089.34287214,34.475192718264594,8.548584120965046,30.328058494085752,27.398210888373868,7.076981829890723,1.581964517688187,8.280006154475009,18.655190601691068,,1.8108972202314892,,3.9175900263551235,1.7105192080150555,2.487358746892142,0.4331161397027236
hydrogen_central_nt66_tc15_A200_cc9218b4,hydrogen_central,66,15.0,200.0,990.0,1.6,150.0,8.0,0.0662868865746602,0.6213207409032208,170000.00000000003,,1.0,,4059940.213683043,102939660.59034085,0.37809590838301677,,,72.9614583175762,3038633641.254205,251420944.6874027,44798213.9850841,296219158.6724868,34.02950139650788,8.995976075017957,29.935980846050366,27.044009972822813,6.985491423685071,1.5615130625615237,8.172963188325424,18.41401844567623,,1.7874861494871936,,4.419364426962295,1.688405812654496,2.4552024594234965,0.4330033759776698
hydrogen_central_nt66_tc15_A200_2f6d11fe,hydrogen_central,66,15.0,200.0,990.0,1.8,150.0,8.0,0.0662868865746602,0.6213207409032208,170000.00000000003,,1.0,,4103547.993996224,104045334.53337282,0.335698528207536,,,72.73718570613411,3060643977.7314186,253242111.77870908,45238420.714628376,298480532.49333745,33.6678750616296,9.451454913136397,29.61785573136812,26.7566173926927,6.911257668936899,1.5449191007782153,8.086110351768948,18.218335472737508,,1.7684908060834525,,4.918950577639127,1.6704633809184821,2.4291113963650006,0.43292955821378676
hydrogen_central_nt66_tc15_A200_3108d4ca,hydrogen_central,66,15.0,200.0,990.0,2.0,150.0,8.0,0.0662868865746602,0.6213207409032208,170000.00000000003,,1.0,,4139606.1162021793,104959587.12480171,0.3017621368541441,,,72.64921791054708,3082627455.3852425,255061056.53210074,45678090.267704844,300739146.7998056,33.374610359793465,9.91473874651367,29.359868804239937,26.523553339572388,6.851057020221073,1.5314620519261175,8.015676125166147,18.05964429574511,,1.7530863314025693,,5.417893288723532,1.6559127760930663,2.407952572766014,0.43298010893105854
hydrogen_central_nt66_tc15_A225_b96a7265,hydrogen_central,66,15.0,225.0,990.0,1.0,150.0,8.0,0.06243926651421838,0.6238810628182657,180312.22920256964,,1.0,,3861334.7952263225,97904026.24813192,0.6083622959939275,,,75.46560352560164,2994919962.61168,247804011.65840852,43593949.07775135,291397960.73615986,35.77978820745272,7.691908272426362,31.993907045722548,28.435002259749176,7.344785947703542,1.6418285419649328,9.111521744938791,19.36113234095268,,1.879424417866144,,2.904169851142902,1.7752479438681796,2.5814843121270235,0.43100616528825686
hydrogen_central_nt66_tc15_A225_5b8e0865,hydrogen_central,66,15.0,225.0,990.0,1.2,150.0,8.0,0.06243926651421838,0.6238810628182657,180312.22920256964,,1.0,,3954217.6428687503,100259068.02405554,0.5068971259445447,,,74.2705899391149,3017151655.9721146,249643494.1385584,44038582.94496006,293682077.08351845,34.939336589230685,8.08886922525659,31.242384124627616,27.76707645971955,7.172260129511133,1.6032627056626896,8.897496073501083,18.906347787388015,,1.835277558075828,,3.4031426017298423,1.733548144011383,2.520846371651735,0.4313321078636306
hydrogen_central_nt66_tc15_A225_7dac0589,hydrogen_central,66,15.0,225.0,990.0,1.4,150.0,8.0,0.06243926651421838,0.6238810628182657,180312.22920256964,,1.0,,4023080.6948887473,102005088.61279786,0.43432939592022174,,,73.56426724346781,3039274240.006554,251473948.7551832,44481034.62564884,295954983.380832,34.34128014056307,8.515378710202246,30.707608392702493,27.291787551615315,7.049492588947761,1.5758196659936023,8.74519767796165,18.582727927402317,,1.8038631213449228,,3.902372864754486,1.7038750091493622,2.477697056986975,0.4314337793114213
hydrogen_central_nt66_tc15_A225_0f085870,hydrogen_central,66,15.0,225.0,990.0,1.6,150.0,8.0,0.06243926651421838,0.6238810628182657,180312.22920256964,,1.0,,4075864.4499509027,103343419.11640221,0.3796721339526097,,,73.16731367600781,3061320545.499859,253298091.97493178,44921960.73551494,298220052.7104467,33.89654952164316,8.960829163181788,30.309934991182843,26.93835012821175,6.958199393431412,1.5554122946756146,8.63194455635472,18.342075626190855,,1.7805025139616542,,4.402098150285805,1.681809279966305,2.4456100834921135,0.43131164943756556
hydrogen_central_nt66_tc15_A225_37cd5697,hydrogen_central,66,15.0,225.0,990.0,1.8,150.0,8.0,0.06243926651421838,0.6238810628182657,180312.22920256964,,1.0,,4119272.285266182,104444023.4600959,0.33706628088727125,,,72.9452693880081,3083330881.9770727,255119259.06623816,45362167.46505921,300481426.5312974,33.539356372587555,9.415376348844687,29.99053666657584,26.654480700542877,6.88487567204468,1.5390217586636752,8.54098333752656,18.14879153546204,,1.761740034923565,,4.900173714574751,1.6640868049268167,2.419838871394938,0.4312769579481823
hydrogen_central_nt66_tc15_A225_33f82299,hydrogen_central,66,15.0,225.0,990.0,2.0,150.0,8.0,0.06243926651421838,0.6238810628182657,180312.22920256964,,1.0,,4156000.8093607705,105375274.07101347,0.3030240549446368,,,72.84407648715775,3105314359.6308956,256938203.81962976,45801837.01813568,302740040.83776546,33.24295338443775,9.875626843760772,29.72549625895922,26.41892258071922,6.824030803718528,1.525420703144663,8.465502670728501,17.98840217131742,,1.746170713768634,,5.396520651395226,1.649380491065525,2.3984536228423226,0.43127207845769827
hydrogen_central_nt66_tc15_A250_aab34651,hydrogen_central,66,15.0,250.0,990.0,1.0,150.0,8.0,0.059058874836072084,0.6261304769389521,190065.77808748212,,1.0,,3874211.4023449034,98230512.22984035,0.6105661902586764,,,75.70326523568158,3016377770.158487,249579461.7064478,43710991.664370306,293290453.37081814,35.660867934993,7.666342893945402,32.37605440674318,28.340493645094554,7.320374289898445,1.6363716427678061,9.569722644306827,19.296782291707974,,1.8731778279605744,,2.894517343756196,1.7693476023696688,2.5729043055610625,0.42957364225847483
hydrogen_central_nt66_tc15_A250_1496f571,hydrogen_central,66,15.0,250.0,990.0,1.2,150.0,8.0,0.059058874836072084,0.6261304769389521,190065.77808748212,,1.0,,3967587.5173418187,100598060.78452888,0.5087363234450646,,,74.49730306546687,3038609463.518922,251418944.18659773,44155625.531579,295574569.7181767,34.821598910520756,8.061611561576067,31.61409259337003,27.673507678910585,7.148091231610173,1.5978600721912486,9.344501771870457,18.84263766239223,,1.829093086916096,,3.3916747792306015,1.727706478017338,2.512351688318964,0.4298786160091637
hydrogen_central_nt66_tc15_A250_2f3700a5,hydrogen_central,66,15.0,250.0,990.0,1.4,150.0,8.0,0.059058874836072084,0.6261304769389521,190065.77808748212,,1.0,,4036803.0679001324,102353018.9629851,0.43591050709647183,,,73.7830087337961,3060732047.5533614,253249398.80322254,44598077.21226779,297847476.01549035,34.22454324558682,8.486432239188145,31.07203324902112,27.199014116143875,7.025529129442946,1.5704629555245209,9.184279728844315,18.519559345754974,,1.797731218897313,,3.8891074626085436,1.6980829979843275,2.469274579433996,0.42996719916127724
hydrogen_central_nt66_tc15_A250_3a04e929,hydrogen_central,66,15.0,250.0,990.0,1.6,150.0,8.0,0.059058874836072084,0.6261304769389521,190065.77808748212,,1.0,,4089651.6820693025,103692993.96727441,0.3810403800364657,,,73.38340002424181,3082778353.046666,255073542.02297112,45039003.322133884,300112545.345105,33.78227582974986,8.930619981263488,30.670504213228455,26.847534255619767,6.934741574130086,1.550168613302815,9.065595671241192,18.28023993116081,,1.7744999975236373,,4.387257583478594,1.6761394829458305,2.4373653241547744,0.42985759068428886
hydrogen_central_nt66_tc15_A250_f98c1541,hydrogen_central,66,15.0,250.0,990.0,1.8,150.0,8.0,0.059058874836072084,0.6261304769389521,190065.77808748212,,1.0,,4133475.588993978,104804147.79396497,0.3382975100250364,,,73.15246277758922,3104788689.5238795,256894709.11427748,45479210.051678166,302373919.16595566,33.424109613501074,9.383023563128418,30.34532960095972,26.562891509571354,6.861218103929716,1.5337334261184943,8.969480474148687,18.086429295037302,,1.7556864056552408,,4.8833359096600715,1.6583687282596344,2.4115239060049727,0.4297950192037397
hydrogen_central_nt66_tc15_A250_c212a59b,hydrogen_central,66,15.0,250.0,990.0,2.0,150.0,8.0,0.059058874836072084,0.6261304769389521,190065.77808748212,,1.0,,4170399.6030450384,105740355.0467809,0.3041327547928684,,,73.04636544900752,3126772167.177703,258713653.86766914,45918879.60475463,304632533.4724238,33.12817818954065,9.841530083986887,30.076657175479973,26.327708152412953,6.800470037127698,1.5201540092838988,8.890066208231254,17.92629510335556,,1.7401418546092604,,5.3778885310066675,1.6436858115004376,2.3901726804474075,0.4297830610323744
hydrogen_central_nt66_tc15_A275_966ce4c8,hydrogen_central,66,15.0,275.0,990.0,1.0,150.0,8.0,0.05609115376159768,0.6281052876493021,199342.66979249578,,1.0,,3885523.130198179,98517320.74538994,0.6125008791266209,,,75.94613383079454,3036786931.9095173,251268145.28384814,43822314.364830464,295090459.6486786,35.55705024569471,7.644024255877797,32.74505932922202,28.257987392886392,7.299062852808319,1.631607756395352,10.005122492149306,19.24060454101303,,1.8677245396643343,,2.8860906811519547,1.764196589781351,2.565413938801737,0.4283230461427543
hydrogen_central_nt66_tc15_A275_6ba736d9,hydrogen_central,66,15.0,275.0,990.0,1.2,150.0,8.0,0.05609115376159768,0.6281052876493021,199342.66979249578,,1.0,,3979334.0410335213,100895893.5353327,0.5103511693065497,,,74.72973440520776,3059018625.269952,253107627.763998,44266948.23203917,297374575.9960372,34.718809666801185,8.037814637210108,31.97311010119647,27.591818755530227,7.126990911270956,1.5931433781413202,9.76925647931166,18.78701642340271,,1.823693820340775,,3.381662956212488,1.722606492726566,2.504935523120361,0.4286096651506938
hydrogen_central_nt66_tc15_A275_bf19aaa8,hydrogen_central,66,15.0,275.0,990.0,1.4,150.0,8.0,0.05609115376159768,0.6281052876493021,199342.66979249578,,1.0,,4048859.5942588695,102658711.82197946,0.4372986654464138,,,74.00787192478582,3081141209.304391,254938082.38062277,44709399.91272795,299647482.2933507,34.12263081860584,8.461161692852459,31.42407941332754,27.11802201874244,7.004608799863399,1.5657864959985968,9.601502338790818,18.464412569185864,,1.7923780093522612,,3.8775266395290306,1.6930265167831637,2.461921675891448,0.4286868606488154
hydrogen_central_nt66_tc15_A275_8a8f9174,hydrogen_central,66,15.0,275.0,990.0,1.6,150.0,8.0,0.05609115376159768,0.6281052876493021,199342.66979249578,,1.0,,4101934.9148561726,104004434.9608563,0.3822561013028883,,,73.60247246476642,3103187514.797696,256762225.6003714,45150326.02259405,301912551.62296546,33.68111489797002,8.903877264365754,31.01748030243064,26.767139388353375,6.913975509616648,1.5455266376666008,9.477267599472691,18.225499803115127,,1.7691862621762184,,4.37411995274763,1.6711202878879758,2.43006664041535,0.4285703833147972
hydrogen_central_nt66_tc15_A275_9fd8f83f,hydrogen_central,66,15.0,275.0,990.0,1.8,150.0,8.0,0.05609115376159768,0.6281052876493021,199342.66979249578,,1.0,,4145950.0480004246,105120437.322526,0.3393784763681149,,,73.36651959676118,3125197851.27491,258583392.69167778,45590532.752138324,304173925.4438161,33.323542148776866,9.35479164006142,30.68818580792289,26.482968283919217,6.840573864857651,1.5291186829282912,9.376652977876928,18.03201030344266,,1.7504038436750056,,4.868642781929519,1.6533789786295767,2.4042680404590206,0.4285018390433039
hydrogen_central_nt66_tc15_A275_bf52890e,hydrogen_central,66,15.0,275.0,990.0,2.0,150.0,8.0,0.05609115376159768,0.6281052876493021,199342.66979249578,,1.0,,4183046.780339752,106061023.8422858,0.30510615608683084,,,73.2558242452635,3147181328.928733,260402337.4450694,46030202.30521479,306432539.7502842,33.028017238679865,9.811774840414563,30.416032166169067,26.24810799246925,6.779909246210615,1.515557919811258,9.293497516313861,17.872096084239864,,1.7348806458040826,,5.361628825271959,1.638716231439188,2.3829461445653144,0.42848363913810156
hydrogen_central_nt66_tc15_A300_ad8f1ce4,hydrogen_central,66,15.0,300.0,990.0,1.0,150.0,8.0,0.05344888001693149,0.6298635359346694,208206.62813657016,,1.0,,3895599.381814962,98772803.79855381,0.6142233762284438,,,76.1911877703078,3056287640.2664804,252881662.11279944,43928681.86495936,296810343.97775877,35.46507934470866,7.6242524302309995,33.10185599536815,28.184896049745777,7.280183294962886,1.6273874840618876,10.420737661653279,19.19083731558444,,1.862893534068546,,2.878625597337666,1.7596333667705122,2.5587783087445914,0.42721515737822985
hydrogen_central_nt66_tc15_A300_7e6d1855,hydrogen_central,66,15.0,300.0,990.0,1.2,150.0,8.0,0.05344888001693149,0.6298635359346694,208206.62813657016,,1.0,,3989648.3937530043,101157413.63471106,0.5117729732182049,,,74.96762391228256,3078519333.6269155,254721144.59294933,44373315.73216806,299094460.3251174,34.62905187023327,8.017034646825035,32.32153739522424,27.52048621623624,7.108565653997031,1.589024658616916,10.175086921533268,18.738446751388228,,1.8189790636858303,,3.372920415249881,1.718153074979109,2.4984595668517633,0.4275015897442831
hydrogen_central_nt66_tc15_A300_e3c9d351,hydrogen_central,66,15.0,300.0,990.0,1.4,150.0,8.0,0.05344888001693149,0.6298635359346694,208206.62813657016,,1.0,,4059597.535467508,102930971.99461228,0.4385346298114191,,,74.23577435681078,3100641917.661355,256551599.20957416,44815767.41285685,301367366.62243104,34.0323738903234,8.438781282966785,31.764619183520576,27.046292808251064,6.986081082072334,1.561644872797671,9.999764468799105,18.41557280738984,,1.787637034533962,,3.8672702895518656,1.688548334144847,2.4554097076519783,0.4275529516180936
hydrogen_central_nt66_tc15_A300_f5f29d49,hydrogen_central,66,15.0,300.0,990.0,1.6,150.0,8.0,0.05344888001693149,0.6298635359346694,208206.62813657016,,1.0,,4112662.84953514,104276441.41823378,0.3833207420177359,,,73.82867185097987,3122688223.1546597,258375742.42932272,45256693.522722945,303632435.9520457,33.593257270500985,8.880651384400306,31.354763196078576,26.697316956170894,6.895940314330088,1.541495111276013,9.87073841887645,18.17795834918791,,1.764571316738204,,4.362710003805098,1.6667611488228355,2.423727779891721,0.42745245188065084
hydrogen_central_nt66_tc15_A300_7f18893d,hydrogen_central,66,15.0,300.0,990.0,1.8,150.0,8.0,0.05344888001693149,0.6298635359346694,208206.62813657016,,1.0,,4157058.1635609,105402083.25458671,0.3403409317254345,,,73.58420251471063,3144698559.631873,260196909.52062908,45696900.25226722,305893809.7728963,33.234497987615576,9.329794610312632,31.019909916782414,26.412202886730213,6.822295100885363,1.5250327100197238,9.765323840939253,17.98382679328779,,1.7457265725356508,,4.855633234187704,1.6489609685760092,2.3978435724383713,0.4273568351105487
hydrogen_central_nt66_tc15_A300_cfcafa37,hydrogen_central,66,15.0,300.0,990.0,2.0,150.0,8.0,0.05344888001693149,0.6298635359346694,208206.62813657016,,1.0,,4194307.624709661,106346542.20866282,0.30597284085076626,,,73.46919960375948,3166682037.2856965,262015854.27402073,46136569.80534369,308152424.0793644,32.93934387581531,9.785432263914073,30.7444234640301,26.17763727702471,6.761706598790597,1.5114889617386467,9.678598430319587,17.8241132201831,,1.7302228517887663,,5.3472339660549295,1.634316618892896,2.3765484293577464,0.4273332496085018
hydrogen_central_nt66_tc15_A325_8615448e,hydrogen_central,66,15.0,325.0,990.0,1.0,150.0,8.0,0.05107965129087044,0.6314400918663358,216708.32932769335,,1.0,,3904640.4318949636,99002039.3482496,0.6157678185837703,,,76.4372403370905,3074991382.8869514,254429236.84342337,44030702.27925284,298459939.1226762,35.38296126903962,7.606598756545394,33.4476803115055,28.119634968442643,7.263326300596978,1.6236193287094032,10.819079265951274,19.146401643651604,,1.858580073193212,,2.8719602465477405,1.7555590009821895,2.55285355248688,0.42622595652858386
hydrogen_central_nt66_tc15_A325_830f4d04,hydrogen_central,66,15.0,325.0,990.0,1.2,150.0,8.0,0.05107965129087044,0.6314400918663358,216708.32932769335,,1.0,,3998898.9480266236,101391961.15686166,0.513047389395663,,,75.20671549313491,3097223076.247386,256268719.32357326,44475336.14646153,300744055.4700348,34.54894533892728,7.998489038376856,32.65928111583079,27.45682375447153,7.092121584455755,1.5853488070793549,10.564061479612207,18.695099564842646,,1.8147712642965743,,3.365117921671676,1.7141785138618986,2.492679941979019,0.42651266086426237
hydrogen_central_nt66_tc15_A325_88bb6d8c,hydrogen_central,66,15.0,325.0,990.0,1.4,150.0,8.0,0.05107965129087044,0.6314400918663358,216708.32932769335,,1.0,,4069229.7252917597,103175195.87453751,0.43964291509977993,,,74.46543503896733,3119345660.2818255,258099173.94019806,44917787.82715033,303016961.7673484,33.951816559425104,8.418806017697865,32.09481246184437,26.982272085913326,6.969544473511776,1.5579483354015724,10.381476886189052,18.371981684504686,,1.783405555749053,,3.8581161537459834,1.684551406180614,2.4495975579339575,0.4265408998373086
hydrogen_central_nt66_tc15_A325_decb0539,hydrogen_central,66,15.0,325.0,990.0,1.6,150.0,8.0,0.05107965129087044,0.6314400918663358,216708.32932769335,,1.0,,4122474.1511955834,104525206.67331602,0.38429125857275054,,,74.05310983173209,3141391965.7751303,259923317.15994662,45358713.93701642,305282031.09696305,33.51330684055294,8.859515836552585,31.68028715462657,26.633778551665557,6.879528288887386,1.537826422767574,10.247393382796158,18.134695632092857,,1.7603717169699769,,4.352326951702285,1.662794332821754,2.41795941761238,0.4264351344161663
hydrogen_central_nt66_tc15_A325_38da34ef,hydrogen_central,66,15.0,325.0,990.0,1.8,150.0,8.0,0.05107965129087044,0.6314400918663358,216708.32932769335,,1.0,,4166780.6074617933,105648595.52387916,0.341185832791536,,,73.80839883123933,3163402302.252344,261744484.25125304,45798920.666560695,307543404.9178137,33.15695117805226,9.308025188485338,31.343422464701735,26.35057469339424,6.806376484658025,1.521474316533961,10.138430197658826,17.941864721464757,,1.7416532290441835,,4.844303474795486,1.6451134104677099,2.392248629528634,0.42635967369351013
hydrogen_central_nt66_tc15_A325_70d20a4a,hydrogen_central,66,15.0,325.0,990.0,2.0,150.0,8.0,0.05107965129087044,0.6314400918663358,216708.32932769335,,1.0,,4204407.103263615,106602614.18011194,0.3067499952478159,,,73.68506702973701,3185385779.9061675,263563429.0046447,46238590.219637156,309802019.22428185,32.86021971184059,9.761926508913838,31.062920808982582,26.114755524668414,6.745464187172177,1.5078581881292672,10.047698355594065,17.781297611516006,,1.7260666537432354,,5.334389283454802,1.6303907988575177,2.3708396815354673,0.426306745066051
hydrogen_central_nt133_tc15_A50_d3b3d7f7,hydrogen_central,133,15.0,50.0,1995.0,1.0,150.0,8.0,0.19991492829297763,0.5324006296912341,170000.00000000003,,2.0,,6722397.416527114,170446181.96062663,0.5189869459677074,,,80.29725837831211,5498985608.998942,454994026.8765966,84796055.39997885,539790082.2765754,41.41510300576914,8.346115988158273,30.536039384384694,32.913513649907394,8.501589355861755,1.0007898442970362,4.965662830763008,22.410509686635432,,2.1590770226892153,,3.3615764529953154,1.5525904714678396,2.9880679582180583,0.4438811054770573
hydrogen_central_nt133_tc15_A50_7c70153e,hydrogen_central,133,15.0,50.0,1995.0,1.2,150.0,8.0,0.19991492829297763,0.5324006296912341,170000.00000000003,,2.0,,6872738.397436018,174258072.9573027,0.43235659482838684,,,79.20922119191377,5543701483.358519,458693883.02949816,85690372.88717037,544384255.9166685,40.50914866118744,8.832008245733455,29.868064284992872,32.19353136029606,8.315617300891383,0.9788975914315092,4.85703908027684,21.920280346578753,,2.1118472667057677,,3.9456504623841755,1.518627593655209,2.9227040462105007,0.4450261434835687
hydrogen_central_nt133_tc15_A50_f45dc029,hydrogen_central,133,15.0,50.0,1995.0,1.4,150.0,8.0,0.19991492829297763,0.5324006296912341,170000.00000000003,,2.0,,6983633.342232391,177069810.9085292,0.3703534804129444,,,78.60628502718573,5588213384.224672,462376862.1203836,86580610.90449345,548957473.0248771,39.86589326898862,9.346610296735179,29.39378146146193,31.68232183539006,8.183571433598566,0.9633534199317496,4.779912883312302,21.572202467940034,,2.0783126902778415,,4.530162518267408,1.4945129079448034,2.876293662392005,0.44564120813096086
hydrogen_central_nt133_tc15_A50_673009d3,hydrogen_central,133,15.0,50.0,1995.0,1.6,150.0,8.0,0.19991492829297763,0.5324006296912341,170000.00000000003,,2.0,,7068243.514288624,179215099.24666896,0.32361509122970467,,,78.31043928593634,5632594514.602848,466049021.07185566,87468233.51205698,553517254.5839126,39.3886799299397,9.879835170222803,29.04192418577384,31.303069663869046,8.085610266070661,0.9518216301106135,4.722695096368022,21.313973141410106,,2.053434317885099,,5.115353553938425,1.4766228912771764,2.841863085521348,0.4459956394858545
hydrogen_central_nt133_tc15_A50_f81f369c,hydrogen_central,133,15.0,50.0,1995.0,1.8,150.0,8.0,0.19991492829297763,0.5324006296912341,170000.00000000003,,2.0,,7139135.508376536,181012563.59981078,0.2873025702449766,,,78.17051577194259,5676906234.946749,469715436.9366484,88354467.91893496,558069904.8555834,38.997548249997834,10.419431183027683,28.753536338917066,30.992228522537474,8.005319727460366,0.9423699908616628,4.675798483681808,21.10232425813035,,2.0330436062432446,,5.697627549695194,1.4619599476818808,2.81364323441738,0.446200451233229
hydrogen_central_nt133_tc15_A50_a2b93d4f,hydrogen_central,133,15.0,50.0,1995.0,2.0,150.0,8.0,0.19991492829297763,0.5324006296912341,170000.00000000003,,2.0,,7199782.94686004,182550277.55730325,0.2582928668909791,,,78.14375017368377,5721174007.855589,473378216.52706796,89239823.37711178,562618039.9041797,38.669052040326584,10.963367474690271,28.511330658666914,30.73116519789836,7.937886842428232,0.9344319284962679,4.636411851752296,20.92456863386364,,2.015918244554711,,6.277370590159092,1.449645114492215,2.7899424845151524,0.44640928552381015
hydrogen_central_nt133_tc15_A75_fffdfdb6,hydrogen_central,133,15.0,75.0,1995.0,1.0,150.0,8.0,0.16702668286026778,0.5542854556891205,208206.62813657016,,2.0,,6976604.211589176,176891587.51493856,0.5403976376681983,,,78.43405515926334,5583040190.899397,461948824.6185167,85254534.93761769,547203359.5561343,39.90605931015958,8.042008240001714,30.485987609102036,31.7142426915125,8.191816618647087,0.9643240263813803,5.847319846044752,21.593937086217096,,2.0804066504588055,,3.2390905629325646,1.496018672950143,2.8791916114956133,0.4277073926233902
hydrogen_central_nt133_tc15_A75_d02135c1,hydrogen_central,133,15.0,75.0,1995.0,1.2,150.0,8.0,0.16702668286026778,0.5542854556891205,208206.62813657016,,2.0,,7135120.327434261,180910758.80918515,0.45016170745087974,,,77.3354208301978,5627756065.258972,465648680.7714181,86148852.42480922,551797533.1962273,39.01949352987304,8.507226144951526,29.808701155373235,31.009668929932406,8.009824599940641,0.9429002953070316,5.717413917684298,21.11419927162846,,2.0341876707534414,,3.800555868893123,1.46278264350913,2.815226569550462,0.4286610629988108
hydrogen_central_nt133_tc15_A75_e9b975c5,hydrogen_central,133,15.0,75.0,1995.0,1.4,150.0,8.0,0.16702668286026778,0.5542854556891205,208206.62813657016,,2.0,,7252342.6263760915,183882926.63225386,0.3856350696585629,,,76.71600460256352,5672267966.125126,469331659.86230356,87039090.4421323,556370750.3044358,38.38880700956407,9.000305510627626,29.326892082371828,30.50844817015039,7.880358839413682,0.9276598487392098,5.62500123974552,20.772922651583695,,2.0013083423034015,,4.3623137568325765,1.4391391460686307,2.76972302021116,0.4291295875152591
hydrogen_central_nt133_tc15_A75_4e96b9f2,hydrogen_central,133,15.0,75.0,1995.0,1.6,150.0,8.0,0.16702668286026778,0.5542854556891205,208206.62813657016,,2.0,,7343790.0504274815,186201573.28670087,0.33707007923847376,,,76.38161331025793,5716649096.503304,473003818.8137757,87926713.04969582,560930531.8634715,37.91077625305759,9.50913361964957,28.961703437550767,30.12854637859479,7.782229874462807,0.9161083061460001,5.5549567708638605,20.51425100472806,,1.9763873558128429,,4.9234202411347345,1.4212184856390977,2.7352334672970753,0.42926142557866254
hydrogen_central_nt133_tc15_A75_b160e7c7,hydrogen_central,133,15.0,75.0,1995.0,1.8,150.0,8.0,0.16702668286026778,0.5542854556891205,208206.62813657016,,2.0,,7417929.951702931,188081388.22776195,0.2992292957963961,,,76.2319388046155,5760960816.847202,476670234.67856836,88812947.4565738,565483182.1351422,37.531869842916564,10.027828736608921,28.67224022509,29.82742093408058,7.7044489088359915,0.9069520887352801,5.499436706740488,20.30921745033582,,1.9566339792784133,,5.483488711590671,1.4070138491836217,2.7078956600447763,0.42943051578985153
hydrogen_central_nt133_tc15_A75_d1e98835,hydrogen_central,133,15.0,75.0,1995.0,2.0,150.0,8.0,0.16702668286026778,0.5542854556891205,208206.62813657016,,2.0,,7480603.096286269,189670463.90178168,0.26896922703726367,,,76.20125140267493,5805228589.7560425,480333014.2689879,89698302.91475062,570031317.1837385,37.21742456693128,10.551805137692922,28.432021698050736,29.577524202401584,7.6399003645297,0.8993535651061244,5.453361946803074,20.139065056838128,,1.940241129303407,,6.041719517051439,1.3952257645511912,2.685208674245084,0.429651181845206
hydrogen_central_nt133_tc15_A100_cb1508c9,hydrogen_central,133,15.0,100.0,1995.0,1.0,150.0,8.0,0.14727933892898015,0.5674259312654437,240416.30560342618,,2.0,,7128149.004608883,180734001.13105687,0.5532093150986799,,,77.64330417914589,5653901481.32648,467811990.3319035,85641051.06721997,553453041.3991234,39.057654556768476,7.871034755383779,30.71461486699364,31.03999635612382,8.017658200644659,0.9438224508829715,6.599766373710262,21.134848938074366,,2.0361771043260366,,3.1702273407111554,1.4642132435182866,2.8179798584099163,0.41861431274442007
hydrogen_central_nt133_tc15_A100_cdc391b3,hydrogen_central,133,15.0,100.0,1995.0,1.2,150.0,8.0,0.14727933892898015,0.5674259312654437,240416.30560342618,,2.0,,7292690.546805367,184905946.92711377,0.4608764686747331,,,76.5214445145591,5698617355.686056,471511846.48480505,86535368.5544115,558047215.0392165,38.17641509184102,8.323413945421569,30.021615477296503,30.339655537131136,7.836759554709892,0.9225274294322149,6.450858953287426,20.657993295285046,,1.9902357992918138,,3.718438793151308,1.4311768896997972,2.7543991060380066,0.419399156532457
hydrogen_central_nt133_tc15_A100_a6b9d2cf,hydrogen_central,133,15.0,100.0,1995.0,1.4,150.0,8.0,0.14727933892898015,0.5674259312654437,240416.30560342618,,2.0,,7413997.306449295,187981676.12701052,0.39483765896590833,,,75.88624717438356,5743129256.55221,475194825.5756905,87425606.57173456,562620432.147425,37.55177806835785,8.804062991546054,29.530406114479646,29.84324244851013,7.708535619847724,0.907433168061265,6.345310925118788,20.31999017445613,,1.9576718468434606,,4.267197936635788,1.407760178876914,2.709332023260818,0.4197728527725339
hydrogen_central_nt133_tc15_A100_cb410a7a,hydrogen_central,133,15.0,100.0,1995.0,1.6,150.0,8.0,0.14727933892898015,0.5674259312654437,240416.30560342618,,2.0,,7506690.721128208,190331914.8359079,0.34505323107744457,,,75.55662472014261,5787510386.930387,478866984.5271626,88313229.17929809,567180213.7064607,37.08808472255051,9.302778475689285,29.165761521902805,29.47473491963896,7.613349802911559,0.8962280868789859,6.2669583515682055,20.06907677659748,,1.9334983068581313,,4.816578426383395,1.3903770066007706,2.6758769035463312,0.4199461391587893
hydrogen_central_nt133_tc15_A100_ddc0ad81,hydrogen_central,133,15.0,100.0,1995.0,1.8,150.0,8.0,0.14727933892898015,0.5674259312654437,240416.30560342618,,2.0,,7584524.662040274,192305392.0395607,0.30636987649612923,,,75.38150239521174,5831822107.274286,482533400.3919553,89199463.58617607,571732863.9781314,36.707479223397165,9.807566650568258,28.866456521246306,29.172259170879663,7.535220052517511,0.8870308112333547,6.202645545193453,19.863123812424615,,1.9136563523948844,,5.363043429354645,1.3761086738311665,2.6484165083232822,0.4199980390591633
hydrogen_central_nt133_tc15_A100_49f16bec,hydrogen_central,133,15.0,100.0,1995.0,2.0,150.0,8.0,0.14727933892898015,0.5674259312654437,240416.30560342618,,2.0,,7650943.167967467,193989431.23649764,0.27544821422463484,,,75.32156315569931,5876089880.183126,486196179.98237485,90084819.04435289,576280999.0267277,36.38881838997482,10.316880474934234,28.615864290790253,28.919012240911233,7.469806149063593,0.879330419281658,6.148799837433849,19.690690299626926,,1.8970437344478195,,5.907207089888078,1.3641625542348295,2.6254253732835906,0.42008545752773385
hydrogen_central_nt133_tc15_A125_bb54f52c,hydrogen_central,133,15.0,125.0,1995.0,1.0,150.0,8.0,0.1339689160332087,0.5762830863127762,268793.60111431225,,2.0,,7230250.554560673,183322782.8235465,0.5618523517820383,,,77.30840271953294,5716331531.45043,472977543.02175224,85981578.6133506,558959121.6351029,38.50610422837602,7.759884409737435,31.04241408141947,30.60166690757392,7.9044373208021,0.9304943186989956,7.268101976112821,20.836394435247602,,2.0074233513600483,,3.1254591652871406,1.4435364439392104,2.7781859246996805,0.41270287581140136
hydrogen_central_nt133_tc15_A125_5cd84f5c,hydrogen_central,133,15.0,125.0,1995.0,1.2,150.0,8.0,0.1339689160332087,0.5762830863127762,268793.60111431225,,2.0,,7399130.458753654,187604727.6560257,0.46812169779617724,,,76.16480050145292,5761047405.810005,476677399.17465365,86875896.10054213,563553295.2751958,37.62722971343356,8.203677788261144,30.333892999758206,29.90320556751436,7.724024145919206,0.909256445915162,7.102212704091863,20.36081851243241,,1.9616053373187683,,3.6649473322378334,1.4105887485700719,2.714775801657655,0.41336590579558324
hydrogen_central_nt133_tc15_A125_93f91aac,hydrogen_central,133,15.0,125.0,1995.0,1.4,150.0,8.0,0.1339689160332087,0.5762830863127762,268793.60111431225,,2.0,,7521921.00726509,190718078.27751243,0.4009988283151714,,,75.52944411868671,5805559306.676159,480360378.2655391,87766134.11786519,568126512.3834043,37.01298925929747,8.677743257618339,29.83871160177091,29.415054866338576,7.597934392958899,0.8944134161062015,6.986273625133439,20.02844117546375,,1.9295833850675161,,4.205972646847388,1.3875617896331611,2.670458823395167,0.4137499977426208
hydrogen_central_nt133_tc15_A125_ea365a5c,hydrogen_central,133,15.0,125.0,1995.0,1.6,150.0,8.0,0.1339689160332087,0.5762830863127762,268793.60111431225,,2.0,,7618161.081693718,193158242.4364533,0.3505064098799341,,,75.17382315774252,5849940437.054336,484032537.2170113,88653756.72542872,572686293.94244,36.54540491670585,9.166658477723109,29.461759763313545,29.04345507482705,7.501949841878806,0.883114309561596,6.898016172127192,19.775422284323753,,1.9052069973010008,,4.7461013482377,1.3700327496881397,2.6367229712431675,0.4138014085541016
hydrogen_central_nt133_tc15_A125_e2e44509,hydrogen_central,133,15.0,125.0,1995.0,1.8,150.0,8.0,0.1339689160332087,0.5762830863127762,268793.60111431225,,2.0,,7697273.132524273,195164126.07820165,0.31120152520072814,,,74.99265444733007,5894252157.398235,487698953.081804,89539991.13230671,577238944.2141107,36.16979372536366,9.663906925886145,29.15895379608025,28.74494841479105,7.4248453105726195,0.8740377206262212,6.827118830088824,19.572171836273192,,1.8856254090920117,,5.284486395793762,1.3559516460730328,2.6096229115030924,0.4138459725162588
hydrogen_central_nt133_tc15_A125_d272c7b8,hydrogen_central,133,15.0,125.0,1995.0,2.0,150.0,8.0,0.1339689160332087,0.5762830863127762,268793.60111431225,,2.0,,7764506.753504251,196868832.49250132,0.2797754197005118,,,74.92904542843456,5938519930.3070755,491361732.67222345,90425346.59048352,581787079.262707,35.85659595511798,10.165985901011787,28.90646357230479,28.496043103975673,7.360552851142314,0.8664693427889213,6.768002142528432,19.402694492151994,,1.869297594835441,,5.820808347645599,1.3442103285710412,2.587025932286933,0.41394129250821354
hydrogen_central_nt133_tc15_A150_d8759029,hydrogen_central,133,15.0,150.0,1995.0,1.0,150.0,8.0,0.12390330405546612,0.5829810467480888,294448.63728670916,,2.0,,7307847.949040533,185290262.39960784,0.568414756865696,,,77.16868257276052,5772772611.029702,477647559.62208855,86289439.04741935,563936998.6695079,38.09723237163683,7.677487127273509,31.39396307385019,30.276727248822528,7.820505122814301,0.9206139906991726,7.872095284269209,20.615146000714677,,1.9861077981671251,,3.092271900107202,1.4282084475622316,2.748686133428624,0.4083206461754503
hydrogen_central_nt133_tc15_A150_dd9f5a7d,hydrogen_central,133,15.0,150.0,1995.0,1.2,150.0,8.0,0.12390330405546612,0.5829810467480888,294448.63728670916,,2.0,,7479624.18559285,189645643.65093434,0.47360087751615826,,,76.01066018860921,5817488485.389278,481347415.7749901,87183756.53461088,568531172.309601,37.22229547140269,8.115391989057887,30.672972728148626,29.581395219715844,7.640900251686852,0.8994712697929111,7.691305599097905,20.141700797037156,,1.9404950622206445,,3.6255061434666884,1.3954083674984468,2.6855601062716214,0.40891737182113075
hydrogen_central_nt133_tc15_A150_f3f58341,hydrogen_central,133,15.0,150.0,1995.0,1.4,150.0,8.0,0.12390330405546612,0.5829810467480888,294448.63728670916,,2.0,,7604559.989755247,192813387.1641797,0.4057079287890563,,,75.3632544407418,5862000386.255432,485030394.86587554,88073994.55193396,573104389.4178095,36.61076799002902,8.583441960227498,30.169044490485284,29.0954005790003,7.515367411028719,0.8846937985698632,7.564944645751941,19.810791501868692,,1.9086145442947808,,4.160266215392426,1.372483113865992,2.6414388669158257,0.40925376405325314
hydrogen_central_nt133_tc15_A150_338a222f,hydrogen_central,133,15.0,150.0,1995.0,1.6,150.0,8.0,0.12390330405546612,0.5829810467480888,294448.63728670916,,2.0,,7701536.127832871,195272214.19454542,0.35459307415262026,,,75.00635735372362,5906381516.633609,488702553.81734765,88961617.15949748,577664170.9768451,36.14977282844065,9.067422356404403,29.789162168878548,28.729037357801356,7.420735470639305,0.8735539186105296,7.469688439153784,19.56133814344462,,1.8845816676696114,,4.694721154426708,1.3552010924938573,2.6081784191259496,0.40932169035788857
hydrogen_central_nt133_tc15_A150_5823e86c,hydrogen_central,133,15.0,150.0,1995.0,1.8,150.0,8.0,0.12390330405546612,0.5829810467480888,294448.63728670916,,2.0,,7782354.326103746,197321357.15273193,0.3148480378113462,,,74.81242781450226,5950693236.977509,492368969.68214035,89847851.56637546,582216821.2485158,35.77436464404375,9.558255512259626,29.479807658198876,28.43069203194974,7.343672612094017,0.8644822353079895,7.392117213789206,19.35819754636106,,1.8650106627406142,,5.226713337517486,1.341127599306493,2.581093006181475,0.4093215692541718
hydrogen_central_nt133_tc15_A150_ec2256d2,hydrogen_central,133,15.0,150.0,1995.0,2.0,150.0,8.0,0.12390330405546612,0.5829810467480888,294448.63728670916,,2.0,,7849217.434175129,199016669.22350734,0.28300539851443207,,,74.75458046841266,5994961009.886349,496031749.2725599,90733207.02455229,586764956.2971122,35.46962277271207,10.056272086534465,29.228685609166114,28.188506814147036,7.2811159585650405,0.8571181930184332,7.329147887702004,19.193295851961054,,1.8491236764846128,,5.757988755588317,1.3297032808490228,2.5591061135948077,0.40947393650231656
hydrogen_central_nt133_tc15_A175_b17e6ed6,hydrogen_central,133,15.0,175.0,1995.0,1.0,150.0,8.0,0.11588358610864546,0.5883176078661756,318040.87787578505,,2.0,,7369666.075541163,186857659.11615524,0.5736437023684162,,,77.14252222663477,5824675540.32567,481942083.1008221,86572545.93448827,568514629.0353104,37.77766571747186,7.613086940674023,31.75176956848887,30.022760442740974,7.754905274730891,0.9128917097230821,8.42720757046516,20.44222233087153,,1.9694479574290944,,3.0663333496307295,1.4162283700966203,2.725629644116204,0.40489557683046784
hydrogen_central_nt133_tc15_A175_0a3cf0a1,hydrogen_central,133,15.0,175.0,1995.0,1.2,150.0,8.0,0.11588358610864546,0.5883176078661756,318040.87787578505,,2.0,,7542652.5922448505,191243726.9838958,0.47790300808270003,,,75.9823942129667,5869391414.6852455,485641939.2537235,87466863.4216798,573108802.6754034,36.91125609277552,8.047577620018455,31.023560500172717,29.334205231254916,7.577050861520605,0.8919550491701307,8.23393428028969,19.97339140018069,,1.9242797705322012,,3.5952104520325245,1.3837479648805766,2.663118853357426,0.40550034974792676
hydrogen_central_nt133_tc15_A175_26385e2b,hydrogen_central,133,15.0,175.0,1995.0,1.4,150.0,8.0,0.11588358610864546,0.5883176078661756,318040.87787578505,,2.0,,7669631.202595237,194463265.7858833,0.4094239359592267,,,75.32070376319226,5913903315.551399,489324918.34460896,88357101.43900287,577682019.7836118,36.3001523928529,8.51061773127309,30.50993363906627,28.848547379188002,7.451605013664906,0.8771878185632263,8.097613053752251,19.642711421315333,,1.8924213454354561,,4.12496939847622,1.3608385981829634,2.6190281895087115,0.4057815451051941
hydrogen_central_nt133_tc15_A175_dc9b235a,hydrogen_central,133,15.0,175.0,1995.0,1.6,150.0,8.0,0.11588358610864546,0.5883176078661756,318040.87787578505,,2.0,,7768739.064350218,196976142.60522866,0.35787877355000297,,,74.9467573205648,5958284445.929575,492997077.296081,89244724.0465664,582241801.3426474,35.837061734866374,8.988985250466623,30.12071033523181,28.48051881988052,7.35654291498586,0.8659973012430787,7.994309659413863,19.392124149441305,,1.868279225133559,,4.654109795865913,1.3434780197747556,2.585616553258841,0.40578088156711284
hydrogen_central_nt133_tc15_A175_c18ce4e6,hydrogen_central,133,15.0,175.0,1995.0,1.8,150.0,8.0,0.11588358610864546,0.5883176078661756,318040.87787578505,,2.0,,7850605.312066066,199051858.82520452,0.31777011215398643,,,74.7451219732622,6002596166.273476,496663493.16087383,90130958.45344438,586794451.6143183,35.4633522364554,9.475158688911641,29.806611047895142,28.183523477979854,7.27982875847555,0.8569666664363769,7.910944860283165,19.18990274405303,,1.8487967771225653,,5.181273740894318,1.3294682077926612,2.558653699207071,0.40576304101759064
hydrogen_central_nt133_tc15_A175_a5476069,hydrogen_central,133,15.0,175.0,1995.0,2.0,150.0,8.0,0.11588358610864546,0.5883176078661756,318040.87787578505,,2.0,,7918371.4707535375,200770067.7168747,0.2856362907771691,,,74.67982385608394,6046863939.182316,500326272.7512933,91016313.91162118,591342586.6629145,35.15985357336267,9.968446981298722,29.55152330142255,27.94232626572036,7.217527307642311,0.8496326660902079,7.843242259218054,19.025673773569167,,1.832974602545114,,5.707702132070751,1.3180904953587367,2.536756503142556,0.4058978507266777
hydrogen_central_nt133_tc15_A200_d021c3ce,hydrogen_central,133,15.0,200.0,1995.0,1.0,150.0,8.0,0.10931753704434866,0.5926868540626541,340000.00000000006,,2.0,,7420286.926615549,188141149.25495815,0.5779251585882017,,,77.19046300459266,5872985608.998942,485939328.09240127,86836055.39997885,572775383.4923801,37.519948245205015,7.561150816902595,32.10936394248505,29.817946572301175,7.702001672903842,0.9066640050882141,8.943921017747067,20.30276644426304,,1.956012475386725,,3.045414966639456,1.4065669262577256,2.7070355259017393,0.40213339810367277
hydrogen_central_nt133_tc15_A200_9e70b9f3,hydrogen_central,133,15.0,200.0,1995.0,1.2,150.0,8.0,0.10931753704434866,0.5926868540626541,340000.00000000006,,2.0,,7594570.05481105,192560092.66762298,0.4814422767090838,,,76.02399516569315,5917701483.358519,489639184.2453028,87730372.88717037,577369557.1324732,36.658925974989046,7.992563339180895,31.372505851523197,29.133672812564786,7.525253162424264,0.885857529160201,8.738672462258533,19.83685071481536,,1.9111251452891023,,3.5706331286667647,1.3742884849298673,2.6449134286420484,0.4027282969422143
hydrogen_central_nt133_tc15_A200_36817389,hydrogen_central,133,15.0,200.0,1995.0,1.4,150.0,8.0,0.10931753704434866,0.5926868540626541,340000.00000000006,,2.0,,7723531.852492265,195829915.12404326,0.4124957153928768,,,75.3467177134639,5962213384.224672,493322163.33618826,88620610.90449345,581942774.2406816,36.046822460031485,8.45122420050222,30.8486710529302,28.647220385007007,7.399602075024484,0.871066138170718,8.592760600741896,19.505629716783094,,1.8792145972344934,,4.09618224052445,1.351341636657084,2.6007506289044127,0.40294969441627215
hydrogen_central_nt133_tc15_A200_9112fe5a,hydrogen_central,133,15.0,200.0,1995.0,1.6,150.0,8.0,0.10931753704434866,0.5926868540626541,340000.00000000006,,2.0,,7823663.477739566,198368749.43558738,0.36056906420902846,,,74.96520747198232,6006594514.602848,496994322.2876603,89508233.51205698,586502555.7997173,35.58547504546111,8.925879936280738,30.45385249024047,28.280577220442222,7.304897825018888,0.8599177460701257,8.482785639937235,19.2559857474878,,1.8551633567453119,,4.621436579397072,1.33404640984578,2.5674647663317067,0.4029321807061799
hydrogen_central_nt133_tc15_A200_8476af07,hydrogen_central,133,15.0,200.0,1995.0,1.8,150.0,8.0,0.10931753704434866,0.5926868540626541,340000.00000000006,,2.0,,7904665.362278793,200422549.75351912,0.32009301013875924,,,74.77295735906978,6050906234.946749,500660738.15245306,90394467.91893496,591055206.071388,35.22081817400627,9.4103580261359,30.141781158927596,27.990776204747796,7.230041969258481,0.8511058666561281,8.395859553697562,19.058662892854347,,1.8361528457195588,,5.145838981070674,1.3203759673529247,2.54115505238058,0.4029880253317203
hydrogen_central_nt133_tc15_A200_50aaeca9,hydrogen_central,133,15.0,200.0,1995.0,2.0,150.0,8.0,0.10931753704434866,0.5926868540626541,340000.00000000006,,2.0,,7975042.790383126,202206967.30180338,0.2877904749341811,,,74.68340381047301,6095174007.855589,504323517.7428726,91279823.37711176,595603341.1199844,34.91000471958745,9.897610365127958,29.875788725757587,27.743765763335546,7.166238956251907,0.8435951054584582,8.321768540314292,18.890475747937206,,1.8199493320476297,,5.667142724381162,1.3087240342968256,2.5187300997249613,0.4030135067250088
hydrogen_central_nt133_tc15_A225_2d3977ae,hydrogen_central,133,15.0,225.0,1995.0,1.0,150.0,8.0,0.1037841879182213,0.596368910712913,360624.4584051393,,2.0,,7462422.730773627,189209501.2873638,0.5815007061763565,,,77.29087353759516,5918359417.49025,489693622.66745937,87083548.90084052,576777171.5682999,37.30809570772256,7.518457554737632,32.46432027513496,29.649582596888028,7.658513110834535,0.9015446198250296,9.42967864664178,20.18812895699837,,1.9449680516697765,,3.0282193435497557,1.398624890450022,2.691750527599783,0.39986279313807044
hydrogen_central_nt133_tc15_A225_5f0fe104,hydrogen_central,133,15.0,225.0,1995.0,1.2,150.0,8.0,0.1037841879182213,0.596368910712913,360624.4584051393,,2.0,,7638772.901064865,193680854.48947427,0.48445354340780805,,,76.10794989432769,5963075291.849826,493393478.8203609,87977866.38803205,581371345.208393,36.446793883920265,7.946313234218821,31.714842776188593,28.96508666963033,7.481707214289936,0.8807313885259122,9.211983284223672,19.722061955722307,,1.9000661477166993,,3.5499711520300155,1.3663359690749615,2.6296082607629745,0.40039785235086955
hydrogen_central_nt133_tc15_A225_7d3f4362,hydrogen_central,133,15.0,225.0,1995.0,1.4,150.0,8.0,0.1037841879182213,0.596368910712913,360624.4584051393,,2.0,,7768940.389972549,196981247.21025732,0.41508438319537677,,,75.42142594798207,6007587192.71598,497076457.91124636,88868104.40535513,585944562.3166015,35.83613304724694,8.401827794866504,31.183465105868606,28.479780770946185,7.356352276300759,0.8659748596439857,9.057637817303286,19.391621618688493,,1.8682308102328378,,4.072240539924584,1.3434432046603586,2.585549549158466,0.40059450112309325
hydrogen_central_nt133_tc15_A225_49448fb5,hydrogen_central,133,15.0,225.0,1995.0,1.6,150.0,8.0,0.1037841879182213,0.596368910712913,360624.4584051393,,2.0,,7869926.250597143,199541740.6338018,0.3628362862250577,,,75.03302128540679,6051968323.094156,500748616.86271846,89755727.01291865,590504343.875637,35.37628849191085,8.87340981865863,30.783322974837304,28.114331962409313,7.261956529501537,0.854862783914715,8.941411397756237,19.142790875462513,,1.8442579177038347,,4.594269810111004,1.326204317801337,2.5523721167283355,0.40056357401795284
hydrogen_central_nt133_tc15_A225_546c66c7,hydrogen_central,133,15.0,225.0,1995.0,1.8,150.0,8.0,0.1037841879182213,0.596368910712913,360624.4584051393,,2.0,,7951649.459536203,201613830.1099443,0.32210886679214557,,,74.83440978823225,6096280043.438055,504415032.7275111,90641961.41979663,595056994.1473078,35.01270810137367,9.354754823432241,30.466946863426333,27.82538645030671,7.187321651066963,0.8460769175030229,8.84951589411421,18.94605052538131,,1.8253035264277864,,5.115433641852954,1.3125742309733037,2.526140070050842,0.4006068805551419
hydrogen_central_nt133_tc15_A225_1b7ebde7,hydrogen_central,133,15.0,225.0,1995.0,2.0,150.0,8.0,0.1037841879182213,0.596368910712913,360624.4584051393,,2.0,,8021644.217579631,203388545.07047746,0.2895669986161118,,,74.74840730056997,6140547816.346896,508077812.3179307,91527316.87797344,599605129.1959041,34.70719641754331,9.840110586237358,30.20110029678928,27.58258944520072,7.124606972342591,0.8386942728081898,8.772297345521327,18.780732270615488,,1.8093764078442751,,5.634219681184646,1.3011210533928679,2.5040976360820655,0.40067221557777805
hydrogen_central_nt133_tc15_A250_af8c7eaf,hydrogen_central,133,15.0,250.0,1995.0,1.0,150.0,8.0,0.09883434743332886,0.5996626831931385,380131.55617496424,,2.0,,7499659.532236335,190153639.25548518,0.5846676665337832,,,77.41180174141823,5961275032.583864,493244522.7635381,87317634.07407841,580562156.8376166,37.122856078263545,7.481127418607029,32.80781824454764,29.502368497919022,7.620487580344531,0.897068331551689,9.887546658240773,20.087892226698276,,1.9353110280569004,,3.0131838340047414,1.391680532890505,2.6783856302264373,0.3978774214853434
hydrogen_central_nt133_tc15_A250_63800d4d,hydrogen_central,133,15.0,250.0,1995.0,1.2,150.0,8.0,0.09883434743332886,0.5996626831931385,380131.55617496424,,2.0,,7678324.366211079,194683680.6848651,0.4871474295232759,,,76.20885789257935,6005990906.94344,496944378.9164396,88211951.56126994,585156330.4777095,36.25905447239779,7.905381343882546,32.044422076299,28.81588593764351,7.443168534754289,0.8761946933883964,9.657476033732388,19.620472545214227,,1.890278803963989,,3.5316850581385606,1.3592978984124748,2.616063006028564,0.39833538130294627
hydrogen_central_nt133_tc15_A250_e6287cbb,hydrogen_central,133,15.0,250.0,1995.0,1.4,150.0,8.0,0.09883434743332886,0.5996626831931385,380131.55617496424,,2.0,,7809570.928362283,198011433.27490577,0.41740015531227104,,,75.51369377338995,6050502807.809594,500627358.00732505,89102189.57859302,589729547.5859181,35.649689849167025,8.358115945663176,31.505887978559734,28.331610168929792,7.318079680237235,0.86146948731277,9.495173835556333,19.290733614232845,,1.858511041457786,,4.051054058988898,1.3364537271074828,2.5720978152310465,0.3985103443357483
hydrogen_central_nt133_tc15_A250_ca38f9c6,hydrogen_central,133,15.0,250.0,1995.0,1.6,150.0,8.0,0.09883434743332886,0.5996626831931385,380131.55617496424,,2.0,,7911313.909053245,200591123.4546969,0.3648644825187813,,,75.11891652597474,6094883938.18777,504299516.9587971,89989812.18615654,594289329.1449536,35.1912191390348,8.826989001694786,31.100708385245152,27.967253186069758,7.223965952965049,0.8503906103498402,9.373061718743116,19.042646285100147,,1.8346097710520453,,4.570235108424035,1.3192663436570728,2.53901950468002,0.3984680449336576
hydrogen_central_nt133_tc15_A250_a54c06ad,hydrogen_central,133,15.0,250.0,1995.0,1.8,150.0,8.0,0.09883434743332886,0.5996626831931385,380131.55617496424,,2.0,,7992673.263517277,202653987.4116957,0.32387478962580235,,,74.92386585475111,6139195658.53167,507965932.8235898,90876046.59303454,598841979.4166243,34.832999207160064,9.306739895821075,30.784126751769975,27.68256775100551,7.1504314561545605,0.8417342786296204,9.277651056296884,18.848806582417136,,1.815934834426334,,5.089177777252627,1.3058372124331061,2.513174210988952,0.3985506951463902
hydrogen_central_nt133_tc15_A250_bc23573c,hydrogen_central,133,15.0,250.0,1995.0,2.0,150.0,8.0,0.09883434743332886,0.5996626831931385,380131.55617496424,,2.0,,8064291.1986136595,204469857.9770198,0.291190745423579,,,74.8224610947767,6183463431.440511,511628712.4140094,91761402.05121134,603390114.4652207,34.52365181195941,9.788072409637765,30.51073687317952,27.43672241982085,7.086929392138563,0.8342589445363203,9.195257428037158,18.681412750371997,,1.7998077502340417,,5.6044238251116,1.2942402397515451,2.4908550333829336,0.39855331139168604
hydrogen_central_nt133_tc15_A275_8dd7a985,hydrogen_central,133,15.0,275.0,1995.0,1.0,150.0,8.0,0.09442380476302625,0.602597590714834,398685.33958499157,,2.0,,7533639.101932044,191015190.21125874,0.5875425022241575,,,77.54050353215429,6002093356.085924,496621889.91833866,87540279.47499874,584162169.3933374,36.955417917456025,7.447384696519658,33.1377009181786,29.369301626384594,7.586116291071437,0.8930222131378195,10.320808449888125,19.997288213853814,,1.9265820412988448,,2.9995932320780723,1.3854035258529118,2.666305095180509,0.39608284340816374
hydrogen_central_nt133_tc15_A275_eebdf182,hydrogen_central,133,15.0,275.0,1995.0,1.2,150.0,8.0,0.09442380476302625,0.602597590714834,398685.33958499157,,2.0,,7713571.61969666,195577373.72456035,0.48954793869655444,,,76.32733214404035,6046809230.445499,500321746.07124007,88434596.96219027,588756343.0334303,36.09336830947002,7.8692576136748045,32.364706220895535,28.684211418220865,7.409156891249162,0.8721909117444014,10.08005758358221,19.53081657215732,,1.8816411534116035,,3.5155469829883175,1.3530865711635751,2.604108876287643,0.3965151832352692
hydrogen_central_nt133_tc15_A275_0d8ef947,hydrogen_central,133,15.0,275.0,1995.0,1.4,150.0,8.0,0.09442380476302625,0.602597590714834,398685.33958499157,,2.0,,7845753.8954499755,198928851.3045126,0.41946368875127765,,,75.6242890164744,6091321131.311653,504004725.1621255,89324834.97951335,593329560.1416389,35.48528097633112,8.31957007254416,31.81943796759913,28.20095074066526,7.284330235665861,0.857496571195102,9.910232609605513,19.201768807438942,,1.8499399793595752,,4.032371449562178,1.3302902835599866,2.5602358409918593,0.3966724984301346
hydrogen_central_nt133_tc15_A275_0b8b0c76,hydrogen_central,133,15.0,275.0,1995.0,1.6,150.0,8.0,0.09442380476302625,0.602597590714834,398685.33958499157,,2.0,,7947000.929481535,201495966.7718442,0.36662156715956024,,,75.23458811771913,6135702261.689829,507676884.1135976,90212457.58707687,597889341.7006744,35.03318848477224,8.787350282683798,31.414049350263106,27.84166267153089,7.191525813241351,0.8465718229414989,9.783973450057275,18.957132855189247,,1.8263712220750858,,4.5497118852454195,1.3133420100154611,2.5276177140252334,0.3966786733976842
hydrogen_central_nt133_tc15_A275_bb7d0aca,hydrogen_central,133,15.0,275.0,1995.0,1.8,150.0,8.0,0.09442380476302625,0.602597590714834,398685.33958499157,,2.0,,8030125.0576416105,203603576.51221123,0.3254814039539608,,,75.02274094711024,6180013982.03373,511343299.97839034,91098691.99395485,602441991.9723452,34.67054117497809,9.26333408282999,31.08886568930215,27.55345869967673,7.117082475301365,0.8378085042880824,9.68269429722473,18.760897413064622,,1.8074654747247163,,5.065442301527448,1.2997469029934794,2.5014529884086167,0.39669188990044596
hydrogen_central_nt133_tc15_A275_27584f2f,hydrogen_central,133,15.0,275.0,1995.0,2.0,150.0,8.0,0.09442380476302625,0.602597590714834,398685.33958499157,,2.0,,8102260.450097948,205432567.19315284,0.29263764511649437,,,74.91614602608875,6224281754.94257,515006079.56880987,91984047.45213166,606990127.0209415,34.36186520612542,9.742203014898243,30.812077805065094,27.308146966109014,7.05371824001641,0.8303493951132659,9.596488113473058,18.593866902744736,,1.7913733937340377,,5.5781600708234205,1.288175101084765,2.4791822536992982,0.3966855892907575
hydrogen_central_nt133_tc15_A300_7a062faf,hydrogen_central,133,15.0,300.0,1995.0,1.0,150.0,8.0,0.09047155110015204,0.6052275389706167,416413.2562731403,,2.0,,7564074.478915469,191786878.26864782,0.5901188692089143,,,77.68325651597071,6041094772.799851,499848923.5762413,87753014.47525653,587601938.0514978,36.8067213281994,7.4174188412903135,33.45911634648098,29.25112910319877,7.555592225000638,0.8894289820310683,10.734031636799754,19.916825626245593,,1.9188301014045628,,2.9875238439368395,1.3798291123934683,2.65557675016608,0.3944891347939246
hydrogen_central_nt133_tc15_A300_ed888c11,hydrogen_central,133,15.0,300.0,1995.0,1.2,150.0,8.0,0.09047155110015204,0.6052275389706167,416413.2562731403,,2.0,,7745148.775446976,196378011.54784423,0.49169895792423113,,,76.46026291566167,6085810647.159428,503548779.7291428,88647331.96244806,592196111.6915908,35.946214788510595,7.837174463239515,32.676873663911564,28.56726520610942,7.378949582401179,0.8686349686550353,10.483080069059433,19.45118896851658,,1.8739696576805156,,3.501214014332984,1.3475700050342398,2.5934918624688774,0.39489858140341316
hydrogen_central_nt133_tc15_A300_4095466d,hydrogen_central,133,15.0,300.0,1995.0,1.4,150.0,8.0,0.09047155110015204,0.6052275389706167,416413.2562731403,,2.0,,7878147.412167663,199750187.93528557,0.42131280266704996,,,75.74995713815909,6130322548.025581,507231758.82002825,89537569.97977114,596769328.7997994,35.33937192152424,8.285361505716292,32.12522371091855,28.084993533789252,7.254378387734994,0.8539707004464199,10.306105041191163,19.122814608395615,,1.842333360885345,,4.01579106776308,1.3248203706115032,2.549708614452749,0.3950414528889586
hydrogen_central_nt133_tc15_A300_f0ababe5,hydrogen_central,133,15.0,300.0,1995.0,1.6,150.0,8.0,0.09047155110015204,0.6052275389706167,416413.2562731403,,2.0,,7978793.37317627,202302063.2144085,0.36818829891076404,,,75.3659209148629,6174703678.403757,510903917.7715003,90425192.58733466,601329110.358835,34.893594611330975,8.752336048573243,31.71999025495868,27.730724281294062,7.162870330036916,0.8431985576173334,10.17610194453077,18.88159592238204,,1.8190938304285351,,4.53158302137169,1.3081088438019182,2.5175461229842724,0.39509806041536333
hydrogen_central_nt133_tc15_A300_f1a6ed5e,hydrogen_central,133,15.0,300.0,1995.0,1.8,150.0,8.0,0.09047155110015204,0.6052275389706167,416413.2562731403,,2.0,,8063673.038166363,204454184.5376867,0.32692111223915554,,,75.13719340588244,6219015398.747657,514570333.636293,91311426.99421264,605881760.6305057,34.52629839199128,9.224795051059461,31.38609996283169,27.438825716485177,7.087472675506114,0.8343228987517102,10.068986474958951,18.6828448657873,,1.799945723333728,,5.04436811376257,1.2943394560915094,2.4910459821049735,0.3950414991004076
hydrogen_central_nt133_tc15_A300_376549ce,hydrogen_central,133,15.0,300.0,1995.0,2.0,150.0,8.0,0.09047155110015204,0.6052275389706167,416413.2562731403,,2.0,,8136272.074376123,206294930.89188954,0.2939342316143613,,,75.02574767645156,6263283171.656498,518233113.2267126,92196782.45238945,610429895.6791021,34.21822413338295,9.701478203147177,31.10604533992142,27.19399217557914,7.024231957803811,0.8268783298160343,9.979142046575921,18.516139952466585,,1.7838850110628777,,5.554841985739976,1.2827902114028458,2.4688186603288784,0.3950273456754765
hydrogen_central_nt133_tc15_A325_f22a4088,hydrogen_central,133,15.0,325.0,1995.0,1.0,150.0,8.0,0.08691217180771105,0.6075960568240525,433416.6586553867,,2.0,,7591474.8884783005,192481614.81942952,0.5924393486920116,,,77.83746070716145,6078502258.040792,502944073.0374891,87957055.30384348,590901128.3413326,36.67387240834217,7.390646663665267,33.77294163515403,29.14555107924728,7.528321329094894,0.8862187075135709,11.129880068214183,19.844938517697177,,1.9119043417290915,,2.9767407776545767,1.3748488044346445,2.645991802359624,0.3930652792164207
hydrogen_central_nt133_tc15_A325_b08dc6ff,hydrogen_central,133,15.0,325.0,1995.0,1.2,150.0,8.0,0.08691217180771105,0.6075960568240525,433416.6586553867,,2.0,,7773569.981922433,197098630.37328684,0.49363609689479504,,,76.60512523412794,6123218132.400369,506643929.19039065,88851372.79103501,595495301.9814256,35.814790642990424,7.808520710314938,32.981813880822585,28.462819482362143,7.351971160628286,0.8654591235988567,10.869163749231197,19.38007283279606,,1.8671181751964654,,3.488413109903291,1.3426431097413078,2.5840097110394753,0.3934547796308644
hydrogen_central_nt133_tc15_A325_80ffb7f4,hydrogen_central,133,15.0,325.0,1995.0,1.4,150.0,8.0,0.08691217180771105,0.6075960568240525,433416.6586553867,,2.0,,7907309.965649123,200489603.59150922,0.4229780989507549,,,75.88782047199962,6167730033.266522,510326908.2812761,89741610.80835807,600068519.0896342,35.2090385555452,8.254804679302083,32.42397723715234,27.981414677071403,7.2276238784738025,0.85082121391667,10.68532856517242,19.052288714487826,,1.8355387435754256,,4.000980630042444,1.3199343670174712,2.5403051619317103,0.39358452031045654
hydrogen_central_nt133_tc15_A325_aabe1e24,hydrogen_central,133,15.0,325.0,1995.0,1.6,150.0,8.0,0.08691217180771105,0.6075960568240525,433416.6586553867,,2.0,,8008537.306595037,203056219.74125347,0.3696462455499236,,,75.49796891758973,6212111163.644699,513999067.2327482,90629233.4159216,604628300.6486698,34.76399881685223,8.719829625649664,32.014140475087835,27.627731589233086,7.136267227619147,0.8400668943938985,10.550266773439853,18.81146914261504,,1.8123376646390346,,4.51475259422761,1.303250490663886,2.5081958856820057,0.3936306550761635
hydrogen_central_nt133_tc15_A325_dabca4c8,hydrogen_central,133,15.0,325.0,1995.0,1.8,150.0,8.0,0.08691217180771105,0.6075960568240525,433416.6586553867,,2.0,,8093885.601004439,205220223.14919978,0.3282177309852029,,,75.26433915062279,6256422883.988599,517665483.0975409,91515467.8227996,609180950.9203405,34.39741987663338,9.190361070411907,31.67655820357751,27.336403062270808,7.061016814362573,0.8312085684722391,10.439016464371297,18.613106219563836,,1.7932269511701333,,5.025538679282236,1.289507992678422,2.481747495941845,0.3935669025094034
hydrogen_central_nt133_tc15_A325_2fad6020,hydrogen_central,133,15.0,325.0,1995.0,2.0,150.0,8.0,0.08691217180771105,0.6075960568240525,433416.6586553867,,2.0,,8166895.946185427,207071398.22985363,0.2951019527953642,,,75.14839052842298,6300690656.897439,521328262.68796045,92400823.28097641,613729085.9689369,34.08991412229579,9.665100021422859,31.393376384704325,27.09202132449255,6.997892797803239,0.8237777373582591,10.345693835990101,18.446708934850605,,1.7771958765053542,,5.534012680455182,1.2779800603673623,2.4595611913134143,0.39354608928689894
hydrogen_central_nt200_tc15_A50_76517605,hydrogen_central,200,15.0,50.0,3000.0,1.0,150.0,8.0,0.262823585469372,0.4905393203403621,250000.00000000006,,3.0,,9372006.931272708,237626950.5900788,0.4780542011661475,,,85.88411725535552,8193960866.593292,677980179.591564,126926362.61186585,804906542.2034299,44.67130944324371,8.718701801818302,32.49410601029351,35.50129412728073,9.170015315962976,0.759257275722771,5.2393335927271485,24.172505688396996,,2.323009453446599,,3.625875853259549,1.4225106018018208,3.2230007584529328,0.4473145883039987
hydrogen_central_nt200_tc15_A50_71db83b8,hydrogen_central,200,15.0,50.0,3000.0,1.2,150.0,8.0,0.262823585469372,0.4905393203403621,250000.00000000006,,3.0,,9573092.238939365,242725462.44775268,0.39818897809214027,,,84.80101516805162,8261133348.106371,683538127.9173269,128269812.24212742,811807940.1594543,43.732976898329014,9.25647945957566,31.81155881014695,34.75558015378415,8.977396744544858,0.7433088779557632,5.129280019527846,23.664755880696003,,2.2742140319673405,,4.25965605852528,1.3926303943533973,3.1553007840928005,0.44889222260418055
hydrogen_central_nt200_tc15_A50_f4e6c21b,hydrogen_central,200,15.0,50.0,3000.0,1.4,150.0,8.0,0.262823585469372,0.4905393203403621,250000.00000000006,,3.0,,9721015.002200004,246476039.60953358,0.3410190507236992,,,84.21749140858803,8328015385.151452,689072044.4475051,129607452.98302904,818679497.4305341,43.067500835700734,9.822501963409755,31.327488609477545,34.22671136241711,8.840789473283618,0.7319980937260816,5.051228779626001,23.304653969427605,,2.2396077666978607,,4.893977333579796,1.371439012991792,3.1072871959236803,0.44979842091448535
hydrogen_central_nt200_tc15_A50_d65e874b,hydrogen_central,200,15.0,50.0,3000.0,1.6,150.0,8.0,0.262823585469372,0.4905393203403621,250000.00000000006,,3.0,,9837517.64846711,249429960.66093078,0.2980365448784739,,,83.9167454704634,8394716481.256607,694590989.6624739,130941474.90513214,825532464.5676061,42.55746588636046,10.402792629140903,30.95648695496204,33.82137511914609,8.736090767214366,0.7233292691273421,4.991408656221323,23.02866423758701,,2.2130847920263665,,5.526879417020883,1.3551974894777385,3.070488565011601,0.4502271576306804
hydrogen_central_nt200_tc15_A50_bbd8ca35,hydrogen_central,200,15.0,50.0,3000.0,1.8,150.0,8.0,0.262823585469372,0.4905393203403621,250000.00000000006,,3.0,,9933763.279869549,251870265.71677357,0.2646074189254156,,,83.79255201330527,8461319706.554695,700101836.9052372,132273539.41109389,832375376.3163311,42.14513774246147,10.990856612467605,30.656557658376183,33.49368867126813,8.651449071193339,0.7163211212323642,4.943048204681358,22.80554553952091,,2.1916427929415536,,6.1574972956706455,1.3420673358415935,3.0407394052694547,0.45055257568591145
hydrogen_central_nt200_tc15_A50_016b37f9,hydrogen_central,200,15.0,50.0,3000.0,2.0,150.0,8.0,0.262823585469372,0.4905393203403621,250000.00000000006,,3.0,,10012205.311798751,253859161.0496641,0.2378252146129543,,,83.81887133702784,8527859284.360226,705607417.8623618,133604330.96720451,839211748.8295662,41.81494572806491,11.587551067071976,30.416374541890956,33.23127765248067,8.583668075584242,0.7107090025718474,4.904321197690973,22.626872282664515,,2.1744720589636226,,6.788061684799354,1.3315527203766901,3.0169163043552687,0.45102035754066255
hydrogen_central_nt200_tc15_A75_f316fdcb,hydrogen_central,200,15.0,75.0,3000.0,1.0,150.0,8.0,0.21729339526662605,0.5208364759693075,306186.2178478973,,3.0,,9903519.239549192,251103428.99465498,0.5076663080354643,,,82.37560818762623,8317570545.858665,688207823.3296816,127600597.2260406,815808420.5557222,42.27384342923389,8.250777500590841,31.85098725780151,33.59597397471926,8.677869454514632,0.7185086713697295,6.058952140866706,22.87519066486894,,2.1983357806961332,,3.4312785997303403,1.346165832308964,3.050025421982525,0.4233076465690093
hydrogen_central_nt200_tc15_A75_86a72ce7,hydrogen_central,200,15.0,75.0,3000.0,1.2,150.0,8.0,0.21729339526662605,0.5208364759693075,306186.2178478973,,3.0,,10122712.331514835,256661063.17228284,0.42288458190497125,,,81.27365389515425,8384743027.371744,693765771.6554445,128944046.85630217,822709818.5117466,41.3584628329013,8.753892116294557,31.161298945958407,32.8685004308757,8.489962402025606,0.7029503770980114,5.927754057750806,22.37986059848683,,2.1507339126227585,,4.028374907727629,1.3170165053875942,2.983981413131577,0.424519290047754
hydrogen_central_nt200_tc15_A75_1e604a70,hydrogen_central,200,15.0,75.0,3000.0,1.4,150.0,8.0,0.21729339526662605,0.5208364759693075,306186.2178478973,,3.0,,10284078.568957256,260752499.2129122,0.362217443334749,,,80.66657311301942,8451625064.416826,699299688.1856228,130281687.59720382,829581375.7828267,40.709512176894776,9.284710176531332,30.672350759593314,32.35276475175372,8.35674742514106,0.6919204674468507,5.834742383212396,22.028700902939125,,2.11698700599494,,4.626027189617215,1.2963513581214634,2.937160120391883,0.4251715084007695
hydrogen_central_nt200_tc15_A75_36aa3b2f,hydrogen_central,200,15.0,75.0,3000.0,1.6,150.0,8.0,0.21729339526662605,0.5208364759693075,306186.2178478973,,3.0,,10410853.233260917,263966866.96909016,0.3165815160835823,,,80.3425352542318,8518326160.52198,704818633.4005915,131615709.51930693,836434342.9198984,40.21378578208755,9.829900949478924,30.29884852266536,31.958799838523046,8.2549859435645,0.6834948386323783,5.763691769938271,21.76045380546841,,2.0912081086262986,,5.222508913312419,1.2805654753928135,2.901393840729121,0.4254327200445704
hydrogen_central_nt200_tc15_A75_001f26f9,hydrogen_central,200,15.0,75.0,3000.0,1.8,150.0,8.0,0.21729339526662605,0.5208364759693075,306186.2178478973,,3.0,,10515445.052284164,266618789.35811776,0.28108329695803935,,,80.19415730629935,8584929385.820068,710329480.6433548,132947774.02526867,843277254.6686234,39.81379957286418,10.382876548579931,29.997481184855246,31.640921803661847,8.172877769202334,0.6766964608071779,5.706363239998759,21.544013565899956,,2.0704079181493507,,5.816883662792987,1.267828337612743,2.872535142119994,0.42562940605420646
hydrogen_central_nt200_tc15_A75_edbccbfd,hydrogen_central,200,15.0,75.0,3000.0,2.0,150.0,8.0,0.21729339526662605,0.5208364759693075,306186.2178478973,,3.0,,10600401.887584493,268772867.332264,0.25262983104500736,,,80.19635823218525,8651468963.625599,715835061.6004794,134278565.58137926,850113627.1818587,39.494712197794584,10.944579420178384,29.757066614212288,31.387335891454814,8.107376306339772,0.6712730824882441,5.6606296379065375,21.37134924320386,,2.053814650613643,,6.411404772961157,1.2576673376421845,2.849513232427181,0.4259940771478604
hydrogen_central_nt200_tc15_A100_de9a755b,hydrogen_central,200,15.0,100.0,3000.0,1.0,150.0,8.0,0.19084460713814055,0.538436293728852,353553.3905932738,,3.0,,10212221.461170778,258930564.43130776,0.5248991955189528,,,80.78547182757352,8421778325.898495,696830125.8493685,128169003.29898512,824999129.1483536,40.99595992144797,8.001367188229109,31.78814471789644,32.58041121563003,8.415548705817939,0.6967890852885263,6.775769400840963,22.183703293084815,,2.1318829386821374,,3.327555493962722,1.3054729835801226,2.957827105744642,0.41051160494162015
hydrogen_central_nt200_tc15_A100_6de9a816,hydrogen_central,200,15.0,100.0,3000.0,1.2,150.0,8.0,0.19084460713814055,0.538436293728852,353553.3905932738,,3.0,,10442463.716369838,264768349.80653745,0.4372724646904083,,,79.66515850088827,8488950807.411573,702388074.1751312,129512452.9292467,831900527.1043779,40.09205424145335,8.485845302526979,31.08725895690795,31.86205704583387,8.229997195619477,0.6814258247829211,6.62637281494593,21.69458252488336,,2.0848777922957433,,3.9050248544790045,1.2766890632328827,2.892611003317781,0.411520381497309
hydrogen_central_nt200_tc15_A100_d7fb220f,hydrogen_central,200,15.0,100.0,3000.0,1.4,150.0,8.0,0.19084460713814055,0.538436293728852,353553.3905932738,,3.0,,10610595.657523587,269031330.05891454,0.37453995621218156,,,79.0504238827266,8555832844.456655,707921990.7053094,130850093.67014833,838772084.3754578,39.456768992441205,8.99899421553591,30.59466067474948,31.35718157294097,8.099587419500239,0.6706281796392377,6.521373533082303,21.35081744418852,,2.0518415178394194,,4.483671663279589,1.2564590763990233,2.8467756592251363,0.412087816632161
hydrogen_central_nt200_tc15_A100_0b836b6d,hydrogen_central,200,15.0,100.0,3000.0,1.6,150.0,8.0,0.19084460713814055,0.538436293728852,353553.3905932738,,3.0,,10741368.484224577,272347071.10102886,0.3273087898887916,,,78.72600709625274,8622533940.56181,713440935.9202782,132184115.59225143,845625051.5125296,38.976395079079275,9.527431838207253,30.222180178966227,30.97541762194235,8.00097745713693,0.6624634897446899,6.441977834838947,21.09087787004078,,2.0268609843418126,,5.061810688809787,1.2411620772041694,2.8121170493387706,0.4123420228545247
hydrogen_central_nt200_tc15_A100_661b70dd,hydrogen_central,200,15.0,100.0,3000.0,1.8,150.0,8.0,0.19084460713814055,0.538436293728852,353553.3905932738,,3.0,,10850812.018556679,275122008.5840943,0.2906061206214506,,,78.56259621891834,8689137165.859898,718951783.1630415,133516180.09821318,852467963.2612547,38.58327109668204,10.061972103518643,29.91735301871766,30.66299315304908,7.920277943632961,0.6557817459673905,6.377002713979041,20.878150913540523,,2.006417645230707,,5.637100746655941,1.2286434597794187,2.7837534551387364,0.4124744419445473
hydrogen_central_nt200_tc15_A100_a6819439,hydrogen_central,200,15.0,100.0,3000.0,2.0,150.0,8.0,0.19084460713814055,0.538436293728852,353553.3905932738,,3.0,,10943408.416093664,277469787.42630994,0.2612675011619513,,,78.52255011434777,8755676743.665428,724457364.1201661,134846971.6543238,859304335.7744899,38.25680316522006,10.601536188109343,29.664210761018357,30.403541746712268,7.853261418507798,0.6502329237962474,6.3230444355390585,20.701492829667465,,1.9894405720155852,,6.210447848900239,1.2182474337967237,2.7601990439556623,0.4126418614567171
hydrogen_central_nt200_tc15_A125_3b13497d,hydrogen_central,200,15.0,125.0,3000.0,1.0,150.0,8.0,0.17268877379871672,0.5505177303714018,395284.70752104744,,3.0,,10423082.681930562,264276944.2680163,0.5367031546131985,,,79.92801471394105,8513587223.139597,704426526.8638518,128669779.1021184,833096305.9659702,40.16660277068472,7.8394977965584305,31.921914146697905,31.921302438368457,8.245300332316258,0.6826928911375634,7.415544601101903,21.734922169486712,,2.088754484971722,,3.2602383254230065,1.2790629822986557,2.8979896225982285,0.4022068662385385
hydrogen_central_nt200_tc15_A125_5dfbb104,hydrogen_central,200,15.0,125.0,3000.0,1.2,150.0,8.0,0.17268877379871672,0.5505177303714018,395284.70752104744,,3.0,,10659758.595236892,270277854.8488056,0.44708130708887517,,,78.8008186505585,8580759704.652676,709984475.1896145,130013228.73237997,839997703.9219944,39.27479388868882,8.312864769185342,31.21315999268434,31.2125618659596,8.06223202272922,0.6675352342287175,7.250899147318941,21.252347211606914,,2.042378399529762,,3.8254224980892446,1.250664271689288,2.833646294880922,0.403131704525887
hydrogen_central_nt200_tc15_A125_bba56100,hydrogen_central,200,15.0,125.0,3000.0,1.4,150.0,8.0,0.17268877379871672,0.5505177303714018,395284.70752104744,,3.0,,10833926.871548146,274693886.1954398,0.38298372797406033,,,78.16826449300729,8647641741.697758,715518391.7197928,131350869.47328162,846869261.1930745,38.64340480556358,8.813488412609217,30.711371274834484,30.71078276370914,7.932622041854437,0.6568038103875641,7.134332308612301,20.91069042129438,,2.0095447345402357,,4.391244988471819,1.2305583541372465,2.788092056172584,0.4035930138275673
hydrogen_central_nt200_tc15_A125_f0400f35,hydrogen_central,200,15.0,125.0,3000.0,1.6,150.0,8.0,0.17268877379871672,0.5505177303714018,395284.70752104744,,3.0,,10970581.336827165,278158756.00474554,0.3347485851069109,,,77.81923328568602,8714342837.802912,721037336.9347615,132684891.39538473,853722228.3301463,38.1620452806551,9.328371299611966,30.32881670541896,30.328235525051273,7.833809755603826,0.6486223685162537,7.045463876136123,20.650217513760794,,1.9845129470057856,,4.95605220330259,1.2152299691851425,2.753362335168106,0.40372679195612804
hydrogen_central_nt200_tc15_A125_2d60e1e5,hydrogen_central,200,15.0,125.0,3000.0,1.8,150.0,8.0,0.17268877379871672,0.5505177303714018,395284.70752104744,,3.0,,11082898.18592738,281006546.2963332,0.2972043312041775,,,77.64802361638424,8780946063.101,726548184.1775248,134016955.90134647,860565140.0788713,37.7753016140404,9.851265075219695,30.021456927124145,30.02088163658298,7.754419977457423,0.6420490679710796,6.974063391376478,20.440943068983817,,1.9644013987927655,,5.51905462862563,1.2029145261682306,2.725459075864509,0.4038368445613256
hydrogen_central_nt200_tc15_A125_8ebde438,hydrogen_central,200,15.0,125.0,3000.0,2.0,150.0,8.0,0.17268877379871672,0.5505177303714018,395284.70752104744,,3.0,,11176185.477324584,283371842.7313536,0.2671507981828581,,,77.61158888710119,8847485640.90653,732053765.1346494,135347747.45745707,867401512.5921065,37.45999228274521,10.380727895028643,29.770868709327345,29.770298220719404,7.689694062025806,0.636689903288582,6.915851089412279,20.2703231185205,,1.9480045981059781,,6.0810969355561495,1.1928738340057514,2.7027097491360665,0.4040473763306752
hydrogen_central_nt200_tc15_A150_50a7257b,hydrogen_central,200,15.0,150.0,3000.0,1.0,150.0,8.0,0.1592964384045905,0.5594293924546059,433012.7018922193,,3.0,,10577842.430419888,268200872.98224866,0.5453884953330013,,,79.45067426535174,8596588810.756174,711294198.3349346,129122515.03457248,840416713.3695071,39.57894291629085,7.724801560983114,32.14692978807777,31.454275937519217,8.12466697877163,0.6727047124685316,7.9991021296586995,21.416928106849564,,2.058194839100977,,3.212539216027434,1.2603495757845553,2.8555904142466084,0.39632235492451573
hydrogen_central_nt200_tc15_A150_163bb393,hydrogen_central,200,15.0,150.0,3000.0,1.2,150.0,8.0,0.1592964384045905,0.5594293924546059,433012.7018922193,,3.0,,10821204.548069801,274371312.07073534,0.4543645875666069,,,78.3016444760458,8663761292.269253,716852146.6606973,130465964.66483405,847318111.3255314,38.68883726126267,8.188841757932716,31.423965456850418,30.746888957881655,7.941948303381017,0.6575760045088784,7.819207329137726,20.93527479787773,,2.011907325326082,,3.768349463617992,1.2320051026365257,2.7913699730503643,0.3971172186278318
hydrogen_central_nt200_tc15_A150_1b136aed,hydrogen_central,200,15.0,150.0,3000.0,1.4,150.0,8.0,0.1592964384045905,0.5594293924546059,433012.7018922193,,3.0,,10999168.589903811,278883584.9367092,0.3892328536250544,,,77.65947595172567,8730643329.314335,722386063.1908756,131803605.40573567,854189668.5966113,38.0628606888886,8.681082407727713,30.91553285510935,30.249411299634946,7.8134493892536545,0.646936574572067,7.69269433600943,20.596546821350863,,1.979355123176991,,4.3252748324836805,1.2120715407647156,2.7462062428467817,0.3975297916325348
hydrogen_central_nt200_tc15_A150_5451bfc6,hydrogen_central,200,15.0,150.0,3000.0,1.6,150.0,8.0,0.1592964384045905,0.5594293924546059,433012.7018922193,,3.0,,11138111.113489341,282406468.3947602,0.3401978520382148,,,77.30598365919303,8797344425.419489,727905008.4058444,133137627.32783878,861042635.7336832,37.588044998408215,9.188062054667089,30.529876606117725,29.87206459334668,7.715980405061538,0.638866355182537,7.596731712425726,20.33961490862823,,1.9546636298812303,,4.881507578070776,1.1969515372987694,2.711948654483764,0.3976542848137785
hydrogen_central_nt200_tc15_A150_49fa4356,hydrogen_central,200,15.0,150.0,3000.0,1.8,150.0,8.0,0.1592964384045905,0.5594293924546059,433012.7018922193,,3.0,,11250642.067661338,285259687.3139284,0.3019904729728492,,,77.14097935592888,8863947650.717577,733415855.6486076,134469691.83380052,867885547.4824082,37.21208258277961,9.704385507478632,30.224511265670635,29.573278807472366,7.638803775307243,0.6324762984991302,7.520747829635146,20.136174406353444,,1.9351127311829166,,5.436767089715429,1.1849794118165242,2.684823254180459,0.39781575176621986
hydrogen_central_nt200_tc15_A150_71494a43,hydrogen_central,200,15.0,150.0,3000.0,2.0,150.0,8.0,0.1592964384045905,0.5594293924546059,433012.7018922193,,3.0,,11348203.586038837,287733356.64398676,0.2715037916181985,,,77.08021039310334,8930487228.523108,738921436.6057322,135800483.38991114,874721919.9956434,36.8921669898631,10.22337495665019,29.964668446590057,29.319034691918457,7.573132297944641,0.6270388433502582,7.456091289766919,19.963061919032995,,1.9184763944398837,,5.988918575709898,1.1747920381246102,2.6617415892043996,0.39792275361128154
hydrogen_central_nt200_tc15_A175_3f8afcb4,hydrogen_central,200,15.0,175.0,3000.0,1.0,150.0,8.0,0.14894842293495658,0.566315272652737,467707.17334674275,,3.0,,10697682.14950853,271239405.4135023,0.5521197751575908,,,79.18991337482397,8672916647.956127,717609674.0389545,129538848.69202676,847148522.7309812,39.1355637492316,7.638265240671313,32.41608438492106,31.101912543299086,8.033651205932511,0.6651688049097584,8.538770361394267,21.17700710226219,,2.0351381163548363,,3.176551065339328,1.2462306351575476,2.823600946968292,0.39188259320614344
hydrogen_central_nt200_tc15_A175_ef7c9d94,hydrogen_central,200,15.0,175.0,3000.0,1.2,150.0,8.0,0.14894842293495658,0.566315272652737,467707.17334674275,,3.0,,10944994.100629821,277509992.40947825,0.45996235199152274,,,78.03109922533991,8740089129.469206,723167622.3647172,130882298.32228833,854049920.6870055,38.25126061118814,8.096224708724716,31.683613905427062,30.399136954389046,7.85212365679909,0.650138719607311,8.345829192231687,20.69849364695859,,1.989152346629473,,3.7257288564525464,1.2180709370257594,2.759799152927812,0.39262576231859625
hydrogen_central_nt200_tc15_A175_aaa0777c,hydrogen_central,200,15.0,175.0,3000.0,1.4,150.0,8.0,0.14894842293495658,0.566315272652737,467707.17334674275,,3.0,,11126562.279608615,282113648.0630987,0.39405487886739143,,,77.37533447647847,8806971166.514286,728701538.8948953,132219939.06318995,860921477.9580853,37.627059572423,8.581688265066177,31.166586638989298,29.903070352627346,7.723989219795655,0.6395294675817288,8.209638249295189,20.36072644585552,,1.9566924762568594,,4.275752553629658,1.1981939151438004,2.7147635261140692,0.39297827017864767
hydrogen_central_nt200_tc15_A175_a1ece898,hydrogen_central,200,15.0,175.0,3000.0,1.6,150.0,8.0,0.14894842293495658,0.566315272652737,467707.17334674275,,3.0,,11266640.776724353,285665334.0954451,0.3443855944370807,,,77.02157744195452,8873672262.619442,734220484.1098644,133553960.98529306,867774445.0951574,37.159241164057825,9.083244785254502,30.77909149264219,29.531284543782192,7.627956620275631,0.6315781777114465,8.10756756020382,20.107580897218497,,1.9323648575084234,,4.8258194153324405,1.183296732726011,2.6810107862957997,0.39311785090025003
hydrogen_central_nt200_tc15_A175_bf5d606c,hydrogen_central,200,15.0,175.0,3000.0,1.8,150.0,8.0,0.14894842293495658,0.566315272652737,467707.17334674275,,3.0,,11383068.64421572,288617359.13325864,0.3057605406960799,,,76.83493653429888,8940275487.91753,739731331.3526275,134886025.4912548,874617356.8438823,36.77917043431422,9.59148813415282,30.46427796583183,29.229233788298043,7.549936646016174,0.6251182939416695,8.02464204766583,19.901917307070256,,1.912600317154071,,5.373517672908969,1.1711937823260066,2.653588974276034,0.39318770464181124
hydrogen_central_nt200_tc15_A175_2a675f05,hydrogen_central,200,15.0,175.0,3000.0,2.0,150.0,8.0,0.14894842293495658,0.566315272652737,467707.17334674275,,3.0,,11482443.508566985,291137005.79530895,0.27489904968401135,,,76.76534430145203,9006815065.72306,745236912.3097521,136216817.04736543,881453729.3571175,36.46086492119455,10.103854659325583,30.200624720931906,28.97626923936415,7.484595681830395,0.6197082045632546,7.9551927432247265,19.72967606493006,,1.8960477082138603,,5.918902819479018,1.161057679922293,2.630623475324008,0.3932706846002639
hydrogen_central_nt200_tc15_A200_c0a2cdd8,hydrogen_central,200,15.0,200.0,3000.0,1.0,150.0,8.0,0.14055492220723298,0.5719005600562623,500000.0000000001,,3.0,,10794309.123843355,273689379.407793,0.5575574985161766,,,79.06150623609004,8743960866.593292,723487975.4971591,129926362.61186585,853414338.109025,38.7852355280745,7.569890094943585,32.70638061307195,30.8234988282011,7.9617366998733985,0.6592144405958469,9.042808162337407,20.98743775620384,,2.0169202539348627,,3.1481156634305756,1.2350748034857784,2.798325034160512,0.38837459386671813
hydrogen_central_nt200_tc15_A200_314ede26,hydrogen_central,200,15.0,200.0,3000.0,1.2,150.0,8.0,0.14055492220723298,0.5719005600562623,500000.0000000001,,3.0,,11046094.53862527,280073390.93877465,0.46453139627222273,,,77.88415471701359,8811133348.10637,729045923.822922,131269812.24212742,860315736.0650494,37.90116228565358,8.022123236815395,31.960869194544625,30.120905942511897,7.780256343141678,0.6441882627213716,8.836685790671487,20.509048701848247,,1.9709464393035212,,3.6916287663326846,1.2069224261369365,2.7345398269130996,0.3890322174326725
hydrogen_central_nt200_tc15_A200_c59decf0,hydrogen_central,200,15.0,200.0,3000.0,1.4,150.0,8.0,0.14055492220723298,0.5719005600562623,500000.0000000001,,3.0,,11230346.070793193,284745082.9308619,0.39798218970987864,,,77.21821641733969,8878015385.151453,734579840.3531002,132607452.98302904,867187293.3361292,37.27933396637868,8.502381702534763,31.43650074842625,29.626724994283848,7.65260897209483,0.6336193386950952,8.69170602905469,20.172565424948196,,1.9386099557282706,,4.236238739239121,1.1871209609975946,2.6896753899930927,0.38934661230495426
hydrogen_central_nt200_tc15_A200_bbebe272,hydrogen_central,200,15.0,200.0,3000.0,1.6,150.0,8.0,0.14055492220723298,0.5719005600562623,500000.0000000001,,3.0,,11371795.755073063,288331535.3720351,0.34780723949008474,,,76.86035515395919,8944716481.256607,740098785.568069,133941474.90513214,874040260.4732012,36.81562971655906,8.999252034302799,31.04547340309734,29.25820879974892,7.5574209168101385,0.6257379752462258,8.583593018573055,19.92164612671854,,1.9144962825595233,,4.7811950704124495,1.1723547896072744,2.656219483562472,0.3894826907206042
hydrogen_central_nt200_tc15_A200_d4ee589a,hydrogen_central,200,15.0,200.0,3000.0,1.8,150.0,8.0,0.14055492220723298,0.5719005600562623,500000.0000000001,,3.0,,11490468.359470885,291340475.6458135,0.3088187123988263,,,76.66207718120282,9011319706.554695,745609632.8108321,135273539.4110939,880883172.221926,36.43540094569187,9.501837907351383,30.72483832815958,28.95603244543003,7.479368500261843,0.6192754053256635,8.494942381650546,19.715897017475235,,1.8947235237081383,,5.323292194718314,1.1602468065548444,2.628786268996698,0.3895126370815271
hydrogen_central_nt200_tc15_A200_589c8cc1,hydrogen_central,200,15.0,200.0,3000.0,2.0,150.0,8.0,0.14055492220723298,0.5719005600562623,500000.0000000001,,3.0,,11590472.292617243,293876072.32802343,0.27763475364394935,,,76.59045484286348,9077859284.360226,751115213.7679569,136604330.9672045,887719544.7351613,36.12103209959622,10.009681867612624,30.459740875654642,28.706196454302987,7.414835645293233,0.613932225628593,8.421647037977806,19.54578598166249,,1.8783756303857557,,5.863735794498746,1.1502360631488235,2.6061047975549987,0.38960521241005464
hydrogen_central_nt200_tc15_A225_4325948e,hydrogen_central,200,15.0,225.0,3000.0,1.0,150.0,8.0,0.13345905432566008,0.5766223636018465,530330.0858899107,,3.0,,10876686.847529065,275778064.0854225,0.5621837489325641,,,79.0037750115814,8810687055.551096,729008996.9310681,130290323.64254478,859299320.5736128,38.491484364672864,7.512557349842615,32.99973329706592,30.59004817313575,7.901436191537117,0.6542216899725842,9.515383734706267,20.828483345491502,,2.0016445268955665,,3.124272501823725,1.2257206083784835,2.7771311127322003,0.3854331269082049
hydrogen_central_nt200_tc15_A225_821f8110,hydrogen_central,200,15.0,225.0,3000.0,1.2,150.0,8.0,0.13345905432566008,0.5766223636018465,530330.0858899107,,3.0,,11131608.998447573,282241607.46570927,0.4683942998458975,,,77.81451168923007,8877859537.064175,734566945.2568309,131633773.27280635,866200718.5296373,37.610000655744805,7.960496248720512,32.24401478476475,29.889513247943526,7.72048740780128,0.6392395251832342,9.297474348129304,20.351495537570518,,1.9558053738816907,,3.6632691967626934,1.197650691984855,2.7135327383427357,0.3860436216302268
hydrogen_central_nt200_tc15_A225_03a39b60,hydrogen_central,200,15.0,225.0,3000.0,1.4,150.0,8.0,0.13345905432566008,0.5766223636018465,530330.0858899107,,3.0,,11316518.735354114,286929988.2189177,0.4012523722221776,,,77.15025231859849,8944741574.109255,740100861.787009,132971414.01370797,873072275.800717,36.99546048761147,8.43763803855509,31.71715379243194,29.401124357314533,7.594336130296933,0.6287944744404984,9.145555407701366,20.018956019586938,,1.9238478907031373,,4.203980764113256,1.178081310310171,2.669194135944925,0.386381828186737
hydrogen_central_nt200_tc15_A225_e79c03fa,hydrogen_central,200,15.0,225.0,3000.0,1.6,150.0,8.0,0.13345905432566008,0.5766223636018465,530330.0858899107,,3.0,,11461281.191272417,290600435.88418907,0.35071457538636686,,,76.77372435533978,9011442670.21441,745619807.0019779,134305435.93581107,879925242.937789,36.52818692293413,8.928989209377892,31.316548223027773,29.02977154799987,7.498415374934257,0.6208524450226023,9.030041876582008,19.766105296360404,,1.8995486050627581,,4.743865271126498,1.1632014778633573,2.635480706181387,0.3864417542066505
hydrogen_central_nt200_tc15_A225_f224025e,hydrogen_central,200,15.0,225.0,3000.0,1.8,150.0,8.0,0.13345905432566008,0.5766223636018465,530330.0858899107,,3.0,,11579811.633444322,293605771.63905483,0.3113655524968617,,,76.57880652612583,9078045895.512499,751130654.2447411,135637500.44177282,886768154.6865139,36.15428600945048,9.428527102799446,30.99599341387591,28.73262408423665,7.421661925213831,0.6144974267233841,8.937610765408248,19.5637803125906,,1.8801049091536786,,5.282220684399461,1.1512949987365333,2.608504041678746,0.38650737798470536
hydrogen_central_nt200_tc15_A225_239ae224,hydrogen_central,200,15.0,225.0,3000.0,2.0,150.0,8.0,0.13345905432566008,0.5766223636018465,530330.0858899107,,3.0,,11681596.052612143,296186512.4901659,0.279941338621463,,,76.49678375926453,9144585473.31803,756636235.2018658,136968291.99788344,893604527.1997492,35.83926544331164,9.931600084607837,30.725918231345055,28.482270156536217,7.356995286775422,0.6091431700466885,8.859735317874543,19.39331661851357,,1.8637231249102504,,5.817994985554071,1.1412635019950406,2.5857755491351426,0.3865660479235822
hydrogen_central_nt200_tc15_A250_c4509211,hydrogen_central,200,15.0,250.0,3000.0,1.0,150.0,8.0,0.12733702219305276,0.5806961476001357,559016.9943749474,,3.0,,10947757.488502912,277580058.0249217,0.5661755466514419,,,78.9993271489338,8873798254.218178,734230908.8370663,130634566.54436521,864865475.3814315,38.24160538546594,7.463787337649085,33.293934425818776,30.39146372939293,7.850141656073006,0.649974614268343,9.962040540158537,20.693269018408376,,1.9886502529835206,,3.1039903527612562,1.21776347657466,2.7591025357877834,0.3829309725253838
hydrogen_central_nt200_tc15_A250_7aba7564,hydrogen_central,200,15.0,250.0,3000.0,1.2,150.0,8.0,0.12733702219305276,0.5806961476001357,559016.9943749474,,3.0,,11205316.755854074,284110465.4121216,0.4717270736571234,,,77.79939579860715,8940970735.731255,739788857.1628289,131978016.17462678,871766873.3374557,37.36260481100497,7.90813268425193,32.528658303350255,29.69290220699934,7.6697026040056295,0.6350346541498262,9.733058538243657,20.217624882360433,,1.942940228596343,,3.639172478824878,1.1897726329718041,2.6956833176480575,0.38350425480718875
hydrogen_central_nt200_tc15_A250_1ea0e34c,hydrogen_central,200,15.0,250.0,3000.0,1.4,150.0,8.0,0.12733702219305276,0.5806961476001357,559016.9943749474,,3.0,,11391729.302064454,288836949.8495045,0.404100215113966,,,77.1295039857825,9007852772.776337,745322773.6930072,133315656.91552842,878638430.6085356,36.75120876118754,8.381930996915552,31.996364227679408,29.207012017897018,7.5441967432905255,0.6246430425101039,9.573788231127082,19.886786707337773,,1.9111462467044467,,4.176225208540932,1.1703033724194567,2.6515715609783697,0.3838308549767929
hydrogen_central_nt200_tc15_A250_f67d482d,hydrogen_central,200,15.0,250.0,3000.0,1.6,150.0,8.0,0.12733702219305276,0.5806961476001357,559016.9943749474,,3.0,,11537786.91027632,292540236.0617728,0.35320536882686265,,,76.74707503541516,9074553868.881493,750841718.9079762,134649678.83763152,885491397.7456076,36.285972776826185,8.869782123586326,31.591320135002658,28.83727851947803,7.448694257348152,0.6167356448882992,9.452593012196502,19.635038558053942,,1.886952919863914,,4.712409253932947,1.1554884245627215,2.618005141073859,0.38387930401679854
hydrogen_central_nt200_tc15_A250_95975184,hydrogen_central,200,15.0,250.0,3000.0,1.8,150.0,8.0,0.12733702219305276,0.5806961476001357,559016.9943749474,,3.0,,11658240.366131894,295594329.7700785,0.3135960425557562,,,76.54108008328889,9141157094.17958,756352566.1507393,135981743.34359327,892334309.4943326,35.91106449883704,9.365098368397023,31.264917216054826,28.539330480489934,7.371734018347106,0.6103635048874871,9.354928402499224,19.43216846995335,,1.8674568387147663,,5.246685486887404,1.1435498669786774,2.59095579599378,0.3839072185371613
hydrogen_central_nt200_tc15_A250_62359dd9,hydrogen_central,200,15.0,250.0,3000.0,2.0,150.0,8.0,0.12733702219305276,0.5806961476001357,559016.9943749474,,3.0,,11761112.134518132,298202640.32753885,0.28195006602081746,,,76.45286191673642,9207696671.985111,761858147.107864,137312534.89970386,899170682.0075679,35.59695859903992,9.864453209656494,30.99145010803999,28.289703458699147,7.307255140340777,0.605024794365213,9.27310297503244,19.26219971944579,,1.8511226191965515,,5.778659915833735,1.1335474968194235,2.568293295926105,0.38395250107722984
hydrogen_central_nt200_tc15_A275_b87bb3c4,hydrogen_central,200,15.0,275.0,3000.0,1.0,150.0,8.0,0.12204322198007922,0.5842188012109991,586301.9699779288,,3.0,,11009272.081510844,279139758.65899706,0.5696271795798795,,,79.03879612114831,8933825200.544735,739197625.2411846,130961986.25160098,870159611.4927856,38.02792942452683,7.4220832325117145,33.58878346410976,30.22165063835591,7.806278786170924,0.6463428642701435,10.387257140069783,20.577644841601188,,1.9775386181686407,,3.086646726240178,1.2109591915967985,2.7436859788801584,0.38079133579457847
hydrogen_central_nt200_tc15_A275_c985ead1,hydrogen_central,200,15.0,275.0,3000.0,1.2,150.0,8.0,0.12204322198007922,0.5842188012109991,586301.9699779288,,3.0,,11269093.970296275,285727534.74382037,0.47460932607825856,,,77.82888418187103,9000997682.057814,744755573.5669475,132305435.88186255,877061009.44881,37.15115188804314,7.8633767637342435,32.81435553009366,29.524855814231767,7.626296073811374,0.6314406880845244,10.147767011001143,20.103203634207475,,1.9319441968005135,,3.6185766541573456,1.1830391382870926,2.680427151227663,0.38133382006214145
hydrogen_central_nt200_tc15_A275_c773d07e,hydrogen_central,200,15.0,275.0,3000.0,1.4,150.0,8.0,0.12204322198007922,0.5842188012109991,586301.9699779288,,3.0,,11456711.178084776,290484563.3388635,0.4065599523656154,,,77.15412852605903,9067879719.102896,750289490.0971256,133643076.6227642,883932566.7198899,36.54275779701514,8.334389115795746,32.27698161324813,29.041351349283712,7.501406447731432,0.6211000993290807,9.981585313453055,19.773989876888667,,1.900306323577327,,4.15253787414662,1.1636654719373187,2.6365319835851557,0.38165378612665146
hydrogen_central_nt200_tc15_A275_618135db,hydrogen_central,200,15.0,275.0,3000.0,1.6,150.0,8.0,0.12204322198007922,0.5842188012109991,586301.9699779288,,3.0,,11603862.861959407,294215589.80627304,0.3553545332328316,,,76.76629278144927,9134580815.20805,755808435.3120944,134977098.5448673,890785533.8569617,36.07934932629959,8.819274865614592,31.867668589535096,28.6730702170539,7.406279109245694,0.6132237630987901,9.855006164415707,19.523230630427463,,1.8762080315931355,,4.685575351302592,1.1489087193197314,2.6030974173903285,0.38169337760194016
hydrogen_central_nt200_tc15_A275_834f8b61,hydrogen_central,200,15.0,275.0,3000.0,1.8,150.0,8.0,0.12204322198007922,0.5842188012109991,586301.9699779288,,3.0,,11726030.348735431,297313142.71641564,0.31552491632248036,,,76.55007013541369,9201184040.506138,761319282.5548576,136309163.05082905,897628445.6056867,35.7034571189096,9.310957296218874,31.535655720285224,28.374340227245565,7.329116891664031,0.6068348997118559,9.752331917508378,19.319828119182453,,1.8566607838825373,,5.216353592179262,1.1369388295445877,2.5759770825576602,0.3816877919373647
hydrogen_central_nt200_tc15_A275_f6438d89,hydrogen_central,200,15.0,275.0,3000.0,2.0,150.0,8.0,0.12204322198007922,0.5842188012109991,586301.9699779288,,3.0,,11826650.448613213,299864362.2873533,0.2836146427639034,,,76.47683695809062,9267723618.311668,766824863.5119823,137639954.60693964,904464818.118922,35.39969525185382,9.809788565965556,31.26735314027124,28.13293384087804,7.266761410975781,0.6016720018580946,9.669359936908744,19.15545672396618,,1.8408644775382226,,5.746637017189853,1.1272658541674285,2.554060896528824,0.3818247980794514
hydrogen_central_nt200_tc15_A300_228ff04c,hydrogen_central,200,15.0,300.0,3000.0,1.0,150.0,8.0,0.11735847435264701,0.5873361729443175,612372.4356957946,,3.0,,11063690.519954514,280519536.5100029,0.5726818268086946,,,79.10724664930417,8991180225.124043,743943262.9733946,131274831.84021538,875218094.8136101,37.84088329079809,7.385576591370247,33.88078676713582,30.073000869821332,7.767882420976761,0.6431637289437032,10.793380666342031,20.476430577056398,,1.967811794793683,,3.0714645865584593,1.2050029053009326,2.73019074360752,0.37891835590333456
hydrogen_central_nt200_tc15_A300_33d489b3,hydrogen_central,200,15.0,300.0,3000.0,1.2,150.0,8.0,0.11735847435264701,0.5873361729443175,612372.4356957946,,3.0,,11324251.724664656,287126057.9276028,0.4771122325501774,,,77.89649278533291,9058352706.63712,749501211.2991573,132618281.47047696,882119492.7696342,36.97019740556021,7.825076113538044,33.101219266234665,29.381047217923694,7.589150187636515,0.6283650896945919,10.545034343980452,20.00528567944689,,1.922534153112731,,3.6009514223004406,1.1772768341822044,2.667371423926252,0.3794764331291459
hydrogen_central_nt200_tc15_A300_270dfd00,hydrogen_central,200,15.0,300.0,3000.0,1.4,150.0,8.0,0.11735847435264701,0.5873361729443175,612372.4356957946,,3.0,,11514008.451803003,291937333.9706644,0.4087329400877747,,,77.20951862785068,9125234743.682201,755035127.8293356,133955922.21137857,888991050.0407141,36.360909711296,8.292914613111394,32.55569430344328,28.896832586389586,7.464077124906414,0.6180093127844432,10.371246803954644,19.675588376210587,,1.8908498104936113,,4.131873559004222,1.157874711982509,2.6234117834947446,0.3797545586299171
hydrogen_central_nt200_tc15_A300_4aba83fe,hydrogen_central,200,15.0,300.0,3000.0,1.6,150.0,8.0,0.11735847435264701,0.5873361729443175,612372.4356957946,,3.0,,11663016.856467102,295715437.53719836,0.3572739680943071,,,76.81065955769786,9191935839.787357,760554073.0443045,135289944.13348168,895844017.1777861,35.89635742479122,8.774544128843589,32.139758004063054,28.527642438031368,7.368714986759851,0.6101135356541457,10.238742241914336,19.42421018900159,,1.8666920374929803,,4.661810445360382,1.1430815357608912,2.589894691866879,0.3797574558554352
hydrogen_central_nt200_tc15_A300_e97580e8,hydrogen_central,200,15.0,300.0,3000.0,1.8,150.0,8.0,0.11735847435264701,0.5873361729443175,612372.4356957946,,3.0,,11786061.345440835,298835226.8113802,0.3172319551360059,,,76.58936284730052,9258539065.085445,766064920.2870677,136622008.63944343,902686928.926511,35.52160551862874,9.26353296756563,31.804224361106144,28.229818671250214,7.291786847378524,0.6037440534318628,10.131851502933289,19.221424716707354,,1.8472040880336378,,5.189784673510985,1.1311479576722774,2.562856628894314,0.3797437074880547
hydrogen_central_nt200_tc15_A300_364944c6,hydrogen_central,200,15.0,300.0,3000.0,2.0,150.0,8.0,0.11735847435264701,0.5873361729443175,612372.4356957946,,3.0,,11887454.28533018,301406041.71729666,0.28515158705319604,,,76.51119235530115,9325078642.890976,771570501.2441924,137952800.19555405,909523301.4397464,35.218627275627796,9.759611903420657,31.53295317625268,27.989035048540224,7.229592227087571,0.5985944744682903,10.045432814310239,19.05747735555588,,1.8314485319182736,,5.7172432066667636,1.1214999359743303,2.540996980740784,0.3798717800387796
hydrogen_central_nt200_tc15_A325_6edbef45,hydrogen_central,200,15.0,325.0,3000.0,1.0,150.0,8.0,0.11310746897976642,0.5901649195581166,637377.439199098,,3.0,,11113022.611379808,281770350.18711483,0.5754539209608714,,,79.1926621600356,9046191232.831308,748494953.3575826,131574891.88225502,880069845.2398376,37.672902897038796,7.352791097056495,34.1669681659403,29.93950307356707,7.733399823471726,0.6403086450491385,11.182049936211483,20.385533151521006,,1.959076433158665,,3.0578299727281504,1.199653747329169,2.7180710868694673,0.37723629012970755
hydrogen_central_nt200_tc15_A325_55874c76,hydrogen_central,200,15.0,325.0,3000.0,1.2,150.0,8.0,0.11310746897976642,0.5901649195581166,637377.439199098,,3.0,,11374575.91662876,288402026.2836907,0.47939391491623806,,,77.97840110233719,9113363714.344387,754052901.6833454,132918341.51251659,886971243.195862,36.806631280121785,7.790455866123306,33.38131395609209,29.251057539966595,7.55557374015519,0.6255850330464049,10.92492368010208,19.916776899496913,,1.914028343446689,,3.5850198419094443,1.1720682439162884,2.655570253266255,0.37779752703131714
hydrogen_central_nt200_tc15_A325_cab4b22d,hydrogen_central,200,15.0,325.0,3000.0,1.4,150.0,8.0,0.11310746897976642,0.5901649195581166,637377.439199098,,3.0,,11566509.532004982,293268497.2617896,0.41072169093897365,,,77.27852538344813,9180245751.389467,759586818.2135235,134255982.2534182,893842800.4669417,36.19586536220456,8.25527257650507,32.827387444738505,28.765668130854984,7.4301972313495765,0.615204131462776,10.743636482453626,19.58627970097868,,1.8822671298434175,,4.1131187372055225,1.1526190492478325,2.6115039601304906,0.37803082992122333
hydrogen_central_nt200_tc15_A325_cf64ac7b,hydrogen_central,200,15.0,325.0,3000.0,1.6,150.0,8.0,0.11310746897976642,0.5901649195581166,637377.439199098,,3.0,,11716586.94220696,297073705.431211,0.35901572867139253,,,76.87356156249004,9246946847.494623,765105763.4284924,135590004.1755213,900695767.6040137,35.732233610025034,8.73442552744295,32.40690242502206,28.397209551824876,7.335024058200161,0.6073240002222613,10.606021565465317,19.335399632618024,,1.8581572267164579,,4.640495911828326,1.1378551864681827,2.5780532843490698,0.37802114479737087
hydrogen_central_nt200_tc15_A325_30e73b8f,hydrogen_central,200,15.0,325.0,3000.0,1.8,150.0,8.0,0.11310746897976642,0.5901649195581166,637377.439199098,,3.0,,11840542.527187813,300216595.51693237,0.31878098273455135,,,76.64671422520397,9313550072.792711,770616610.6712556,136922068.6814831,907538679.3527386,35.35816207490467,9.220909226122515,32.06764292417679,28.099926491210226,7.258235583694443,0.6009660819471819,10.494989861939226,19.132982322195257,,1.8387046580951159,,5.165905226992719,1.1259432740757984,2.5510643096260344,0.3779964154279635
hydrogen_central_nt200_tc15_A325_9b72a674,hydrogen_central,200,15.0,325.0,3000.0,2.0,150.0,8.0,0.11310746897976642,0.5901649195581166,637377.439199098,,3.0,,11942635.974589268,302805171.7695048,0.2865462627478776,,,76.56392222048125,9380089650.598242,776122191.6283803,138252860.23759368,914375051.865974,35.0558974268247,9.714517012101041,31.793507781555505,27.859709978430367,7.196187448394332,0.595828631621485,10.405271838403342,18.969421100995834,,1.8229862105348402,,5.69082633029875,1.116317976053363,2.5292561467994443,0.37811655894948254
hydrogen_central_nt267_tc15_A50_a68b552c,hydrogen_central,267,15.0,50.0,4005.0,1.0,150.0,8.0,0.3197382875485123,0.4526665686828744,335000.00000000006,,4.0,,11618474.272357779,294586061.6723575,0.4411117435642703,,,92.14249601588357,10895673592.274956,901523800.1658733,169031419.1854991,1070555219.3513724,48.10535780423151,9.199109769267304,34.83802844238477,38.23040958035757,9.874948223873925,0.6458526017869591,5.66297578179957,26.030735379328128,,2.4984646794701075,,3.9046103068992197,1.3646704000510195,3.4707647172437515,0.45906434507331345
hydrogen_central_nt267_tc15_A50_ead57256,hydrogen_central,267,15.0,50.0,4005.0,1.2,150.0,8.0,0.3197382875485123,0.4526665686828744,335000.00000000006,,4.0,,11855369.521462768,300592533.5056483,0.3673334435075371,,,91.077869698068,10985282814.32341,908938196.8717645,170823603.6264682,1079761800.4982328,47.14411145086503,9.791866978041236,34.141891269161746,37.4664854880272,9.677625962837826,0.6329471067107879,5.549817600093277,25.510586468667167,,2.4485400936905104,,4.591905564360091,1.3374014116166206,3.4014115291556233,0.4611484729089002
hydrogen_central_nt267_tc15_A50_09b0f385,hydrogen_central,267,15.0,50.0,4005.0,1.4,150.0,8.0,0.3197382875485123,0.4526665686828744,335000.00000000006,,4.0,,12030616.21496277,305035908.0872913,0.31451054520168603,,,90.5133067895331,11074526796.11007,916322373.0698553,172608483.26220137,1088930856.3320568,46.45737608318834,10.411375022314205,33.644555684030564,36.92072144888543,9.536654634302902,0.6237271394514632,5.4689749261548615,25.13898073808792,,2.4128728803363213,,5.2791859549984625,1.3179198513141195,3.3518640984117236,0.4624051175898986
hydrogen_central_nt267_tc15_A50_2735f3a2,hydrogen_central,267,15.0,50.0,4005.0,1.6,150.0,8.0,0.3197382875485123,0.4526665686828744,335000.00000000006,,4.0,,12169777.09304234,308564327.91689503,0.27484588926269427,,,90.22976240847332,11163538967.879826,923687368.9716951,174388726.69759652,1098076095.6692915,45.92613798411868,11.043792788742653,33.25983163561201,36.498534585734454,9.427603398384216,0.6165948464156484,5.4064374328959275,24.85151757366087,,2.3852817826395563,,5.964364217678609,1.3028494944501285,3.3135356764881174,0.46304340012579925
hydrogen_central_nt267_tc15_A50_31498ce1,hydrogen_central,267,15.0,50.0,4005.0,1.8,150.0,8.0,0.3197382875485123,0.4526665686828744,335000.00000000006,,4.0,,12283891.794366313,311457702.6969147,0.24400215059811473,,,90.13497907971376,11252424558.75922,931041891.3874909,176166438.51518437,1107208329.9026752,45.4994940827596,11.68463001277475,32.95085498417942,36.15947108348805,9.340022999271543,0.6108668134832114,5.356212796989852,24.62065234358237,,2.363123030123984,,6.6475761327672425,1.2907463040754419,3.282753645810984,0.46355393012108387
hydrogen_central_nt267_tc15_A50_5cbedde2,hydrogen_central,267,15.0,50.0,4005.0,2.0,150.0,8.0,0.3197382875485123,0.4526665686828744,335000.00000000006,,4.0,,12380227.21027085,313900284.2360763,0.21934668193199502,,,90.17059859167956,11341231643.007019,938389918.0509814,177942580.20014036,1116332498.2511218,45.145444628620965,12.33070253798976,32.69445142506885,35.87810002086118,9.26734460775977,0.6061134186109135,5.3145339991206875,24.429069366705153,,2.344734640632092,,7.328720810011548,1.2807024995540521,3.257209248894022,0.4640699795301385
hydrogen_central_nt267_tc15_A75_e157f295,hydrogen_central,267,15.0,75.0,4005.0,1.0,150.0,8.0,0.26120968809083256,0.49161325611416445,410289.5319161824,,4.0,,12534137.797713289,317802682.4978015,0.4791029184639246,,,86.57665599794346,11061310562.490557,915228842.7749509,169934893.5684933,1085163736.343444,44.59108963306564,8.527081950728693,33.45848441414914,35.437541640249094,9.153547992816534,0.5986707628957219,6.4147735341288525,24.129097204472533,,2.315942912652034,,3.6193645806708807,1.2649763541081862,3.217212960596339,0.42552805535328686
hydrogen_central_nt267_tc15_A75_b6da6ed9,hydrogen_central,267,15.0,75.0,4005.0,1.2,150.0,8.0,0.26120968809083256,0.49161325611416445,410289.5319161824,,4.0,,12803310.382615374,324627545.19815856,0.39906250887608397,,,85.4755750494236,11150919784.539013,922643239.4808424,171727078.00946242,1094370317.4903047,43.65362123610868,9.066889566882038,32.75506424643288,34.69251442456641,8.961106811542258,0.5860845057529791,6.279911445954572,23.62181500387069,,2.2672532908546383,,4.251926700696726,1.2383819074455753,3.1495753338494263,0.4270056248903102
hydrogen_central_nt267_tc15_A75_5f424f63,hydrogen_central,267,15.0,75.0,4005.0,1.4,150.0,8.0,0.26120968809083256,0.49161325611416445,410289.5319161824,,4.0,,13002085.806105586,329667490.0128191,0.34177225226986874,,,84.87402635090463,11240163766.32567,930027415.678933,173511957.64519557,1103539373.3241286,42.98624623355224,9.633474123412848,32.254305993939546,34.16213650293747,8.824109730614758,0.577124466758513,6.183904384028826,23.260685539642964,,2.2325916035092455,,4.884743963325022,1.219449569068027,3.101424738619063,0.42785585240073476
hydrogen_central_nt267_tc15_A75_bd8dd600,hydrogen_central,267,15.0,75.0,4005.0,1.6,150.0,8.0,0.26120968809083256,0.49161325611416445,410289.5319161824,,4.0,,13158495.945673123,333633264.34262484,0.29869638238276025,,,84.56016685001487,11329175938.095427,937392411.5807726,175292201.08059072,1112684612.6613634,42.47528473760062,10.213971038608035,31.870911073806212,33.75606391223939,8.719220825361225,0.5702644032097439,6.110398616213751,22.984194435590265,,2.206053618792457,,5.516206664541663,1.2049544263039162,3.064559258078703,0.42825068968375357
hydrogen_central_nt267_tc15_A75_7430caf9,hydrogen_central,267,15.0,75.0,4005.0,1.8,150.0,8.0,0.26120968809083256,0.49161325611416445,410289.5319161824,,4.0,,13287115.02264245,336894397.1258228,0.26519382853261164,,,84.42892569102243,11418061528.974821,944746933.9965686,177069912.89817858,1121816846.8947473,42.06412460933727,10.8023999558623,31.562401125822845,33.429305712651946,8.634818896685314,0.5647442522180266,6.051250047950979,22.761707773274814,,2.184699052379025,,6.145661098784202,1.1932904852725326,3.0348943697699764,0.4285540020355905
hydrogen_central_nt267_tc15_A75_6a5fd65a,hydrogen_central,267,15.0,75.0,4005.0,2.0,150.0,8.0,0.26120968809083256,0.49161325611416445,410289.5319161824,,4.0,,13392593.916496148,339568811.27018636,0.23835303067540298,,,84.44525551171772,11506868613.22262,952094960.6600591,178846054.58313456,1130941015.2431936,41.732831257027684,11.39860582904284,31.3138184256472,33.16601943585949,8.566811821168185,0.5602963760705374,6.003590933856299,22.582438561267356,,2.167492554453009,,6.774731568380209,1.1838922341781233,3.0109918081689817,0.42899021831552514
hydrogen_central_nt267_tc15_A100_6c06a095,hydrogen_central,267,15.0,100.0,4005.0,1.0,150.0,8.0,0.2284434818380432,0.5134168735774408,473761.5433949869,,4.0,,13046530.613869315,330794386.76139235,0.500460052819977,,,84.12039325542052,11200948987.743925,926782728.1513308,170696557.70623896,1097479285.8575697,42.839807650998836,8.192187129749824,33.088398474671884,34.04575846845394,8.79404918254489,0.5751584125836539,7.1068092871720605,23.181444802939907,,2.2249859719762615,,3.4772167204409867,1.2152953457515865,3.0908593070586554,0.4088157564985952
hydrogen_central_nt267_tc15_A100_2b83b892,hydrogen_central,267,15.0,100.0,4005.0,1.2,150.0,8.0,0.2284434818380432,0.5134168735774408,473761.5433949869,,4.0,,13331898.53355023,338029881.6823081,0.4168388747165862,,,83.01037277019572,11290558209.792381,934197124.8572223,172488742.14720806,1106685867.0044303,41.922825965447366,8.707402103125256,32.38014470162312,33.31701250300483,8.605813462442525,0.5628472057984438,6.954688763846322,22.685248356352393,,2.1773603756259563,,4.083344704143432,1.1892820736176681,3.0246997808469867,0.41007554451717027
hydrogen_central_nt267_tc15_A100_932676ef,hydrogen_central,267,15.0,100.0,4005.0,1.4,150.0,8.0,0.2284434818380432,0.5134168735774408,473761.5433949869,,4.0,,13542292.063970432,343364403.2446864,0.3569972853967054,,,82.3977889095311,11379802191.579039,941581301.0553129,174273621.78294122,1115854922.838254,41.27151145248329,9.249191833393995,31.877085623653855,32.79939821360322,8.472113238880066,0.5541027916213093,6.846640472236052,22.332809532288756,,2.1435328275077326,,4.689890001780638,1.1708053450881168,2.977707937638502,0.4107885488867379
hydrogen_central_nt267_tc15_A100_742bc356,hydrogen_central,267,15.0,100.0,4005.0,1.6,150.0,8.0,0.2284434818380432,0.5134168735774408,473761.5433949869,,4.0,,13708037.938421015,347566884.84840304,0.3120103753919668,,,82.06864959297553,11468814363.348795,948946296.9571526,176053865.21833637,1125000162.175489,40.77249162292648,9.804502811014812,31.49165515903426,32.4028159337184,8.369675689208075,0.5474030544200157,6.763856749487599,22.062780293859767,,2.1176150612668754,,5.295067270526344,1.1566489678877632,2.941704039181303,0.4110825334194022
hydrogen_central_nt267_tc15_A100_5899223f,hydrogen_central,267,15.0,100.0,4005.0,1.8,150.0,8.0,0.2284434818380432,0.5134168735774408,473761.5433949869,,4.0,,13844455.427143632,351025746.1243314,0.2770175012782103,,,81.91961051680494,11557699954.22819,956300819.3729484,177831577.03592423,1134132396.4088726,40.370736498253365,10.36752449307019,31.181349525481405,32.08353210197212,8.287204396281238,0.5420091730646928,6.697208526543737,21.845382860080882,,2.096748965792088,,5.8982533722218395,1.1452518314411033,2.912717714677452,0.4113015747297954
hydrogen_central_nt267_tc15_A100_d287b6e7,hydrogen_central,267,15.0,100.0,4005.0,2.0,150.0,8.0,0.2284434818380432,0.5134168735774408,473761.5433949869,,4.0,,13960358.81277531,353964472.9405505,0.2490455311291207,,,81.89306450426689,11646507038.475988,963648846.0364391,179607718.7208802,1143256564.7573192,40.035565668954185,10.935026895073664,30.922471940239053,31.81716430702416,8.218401361930018,0.5375092387117063,6.641606148917353,21.664015470613315,,2.0793410819966778,,6.499204641183995,1.1357435826600308,2.8885353960817763,0.4115432751478611
hydrogen_central_nt267_tc15_A125_27238ab0,hydrogen_central,267,15.0,125.0,4005.0,1.0,150.0,8.0,0.20638930042434966,0.5280923880785722,529681.5080782035,,4.0,,13388515.835054224,339465411.6393059,0.5147587993728199,,,82.78210344206441,11323972910.047003,936961905.5107386,171367597.28243756,1108329502.7931762,41.745542888904204,7.982932649113486,33.05362790404672,33.1761216555551,8.5694212333491,0.5604670398155993,7.735691031298527,22.589317070038955,,2.16815276289364,,3.388397560505844,1.1842528424045258,3.0119089426718615,0.3983733035312546
hydrogen_central_nt267_tc15_A125_d8bc5fac,hydrogen_central,267,15.0,125.0,4005.0,1.2,150.0,8.0,0.20638930042434966,0.5280923880785722,529681.5080782035,,4.0,,13687615.534241011,347049075.4117904,0.42881858595198896,,,81.64578272558886,11413582132.095457,944376302.2166299,173159781.72340667,1117536083.9400365,40.83332561561617,8.481112070929077,32.33134503904363,32.4511620756679,8.382163539948253,0.5482197990457518,7.566651883853507,22.09569873866622,,2.1207746174781574,,3.97722577295992,1.158374728861798,2.9460931651554967,0.39941840395186323
hydrogen_central_nt267_tc15_A125_3daa2253,hydrogen_central,267,15.0,125.0,4005.0,1.4,150.0,8.0,0.20638930042434966,0.5280923880785722,529681.5080782035,,4.0,,13908342.801169649,352645608.54892623,0.3673192107684728,,,81.00930181840988,11502826113.882116,951760478.4147207,174944661.3591398,1126705139.7738605,40.18529525775181,9.00576430665615,31.81824225400193,31.936157778174024,8.24913747957778,0.5395194772569216,7.44656810291715,21.745037034163637,,2.0871176396642217,,4.566457777174364,1.1399911664463416,2.8993382712218194,0.3999770918136248
hydrogen_central_nt267_tc15_A125_51ac198a,hydrogen_central,267,15.0,125.0,4005.0,1.6,150.0,8.0,0.20638930042434966,0.5280923880785722,529681.5080782035,,4.0,,14081335.63568997,357031836.6047153,0.32104962707157203,,,80.66353991536258,11591838285.651873,959125474.3165604,176724904.79453498,1135850379.1110954,39.69160855696365,9.544584404344471,31.42734695405446,31.54381385564641,8.147794701317238,0.5328913415413693,7.355085096127139,21.47789365440107,,2.061476861984883,,5.154694477056256,1.1259860813951879,2.8637191539201434,0.4001846919728843
hydrogen_central_nt267_tc15_A125_3e1d924e,hydrogen_central,267,15.0,125.0,4005.0,1.8,150.0,8.0,0.20638930042434966,0.5280923880785722,529681.5080782035,,4.0,,14218579.639326636,360511654.1411419,0.28496271647075155,,,80.52721455929499,11680723876.531267,966479996.7323562,178502616.61212283,1144982613.344479,39.30848764001424,10.094730583154616,31.123996336126122,31.239339047800996,8.069148592213239,0.5277476392116255,7.284090569860333,21.270579549224234,,2.0415785778299296,,5.743056478290545,1.1151175669746325,2.836077273229899,0.4004792646595399
hydrogen_central_nt267_tc15_A125_b5062a65,hydrogen_central,267,15.0,125.0,4005.0,2.0,150.0,8.0,0.20638930042434966,0.5280923880785722,529681.5080782035,,4.0,,14337358.101194214,363523278.4278452,0.25616467993118036,,,80.49647456296675,11769530960.779066,973828023.3958467,180278758.2970788,1154106781.6929255,38.98283477794109,10.647491539592728,30.86614824543295,30.980535395435748,8.002299382505337,0.5233754911214846,7.223745207215029,21.094362515091678,,2.0246650320047586,,6.328308754527505,1.1058793273720569,2.8125816686788916,0.4007217890142752
hydrogen_central_nt267_tc15_A150_ab7953a3,hydrogen_central,267,15.0,150.0,4005.0,1.0,150.0,8.0,0.1899811006719092,0.5390108968587206,580237.020535574,,4.0,,13643995.173093291,345943082.4820814,0.5254433156496622,,,81.9509853623334,11435195037.453218,946164585.2819898,171974263.431926,1118138848.7139158,40.96387127966977,7.833454851523237,33.15365923114039,32.554909650439505,8.408961629230259,0.5499724781781709,8.30979242883023,22.166339511149967,,2.127554812982019,,3.3249509266724955,1.1620780960483381,2.9555119348199965,0.3909138939824071
hydrogen_central_nt267_tc15_A150_0fe65144,hydrogen_central,267,15.0,150.0,4005.0,1.2,150.0,8.0,0.1899811006719092,0.5390108968587206,580237.020535574,,4.0,,13951486.470408756,353739514.96979606,0.4377183132918974,,,80.80468215712263,11524804259.501673,953578981.9878811,173766447.87289512,1127345429.8607762,40.06102598432682,8.320704863665087,32.42295130913073,31.837398192170635,8.223627792156178,0.5378510636492247,8.126644284739433,21.677792537501297,,2.080663423240777,,3.902002656750234,1.1364658502067435,2.890372338333507,0.3918640183746025
hydrogen_central_nt267_tc15_A150_2326e42a,hydrogen_central,267,15.0,150.0,4005.0,1.4,150.0,8.0,0.1899811006719092,0.5390108968587206,580237.020535574,,4.0,,14178613.663592028,359498318.0423942,0.3749602182641338,,,80.15695417479019,11614048241.288332,960963158.1859719,175551327.50862825,1136514485.6946,39.41928846303257,8.834097615985067,31.903568095772545,31.32739495340449,8.091893509628079,0.5292352281849317,7.99646358088604,21.330536008035736,,2.0473332786658345,,4.4794125616875045,1.1182608052827179,2.844071467738099,0.39235278127674567
hydrogen_central_nt267_tc15_A150_e95e6a33,hydrogen_central,267,15.0,150.0,4005.0,1.6,150.0,8.0,0.1899811006719092,0.5390108968587206,580237.020535574,,4.0,,14353051.667185469,363921188.3160616,0.3276616831040643,,,79.81994014911052,11703060413.058088,968328154.0878116,177331570.94402343,1145659725.031835,38.94021111126033,9.363896934058866,31.51583210379132,30.946661409056652,7.993549702203674,0.5228032345729418,7.899279569067392,21.071298028329544,,2.0224512718214385,,5.0571115267990905,1.1046701635924714,2.8095064037772732,0.3926088398900329
hydrogen_central_nt267_tc15_A150_a6251592,hydrogen_central,267,15.0,150.0,4005.0,1.8,150.0,8.0,0.1899811006719092,0.5390108968587206,580237.020535574,,4.0,,14499093.558368236,367624076.02353543,0.2909196005049069,,,79.64580369224005,11791946003.937483,975682676.5036074,179109282.76161128,1154791959.2652187,38.54798644901844,9.899427861218909,31.1983893820027,30.634951650113624,7.913034798904804,0.5175373072385097,7.819714200197683,20.8590577112818,,2.0020801632847034,,5.631945582046088,1.0935433907928636,2.7812076948375744,0.39273119354238323
hydrogen_central_nt267_tc15_A150_13b3fe81,hydrogen_central,267,15.0,150.0,4005.0,2.0,150.0,8.0,0.1899811006719092,0.5390108968587206,580237.020535574,,4.0,,14623097.600403843,370768194.7364058,0.26154948320081356,,,79.59436224931723,11880753088.185282,983030703.1670979,180885424.44656724,1163916127.613665,38.22109906423615,10.439436517086556,30.933826667994534,30.37516689479102,7.845932169445126,0.5131485847013622,7.753402930527912,20.682172653140526,,1.9851024996247304,,6.204651795942159,1.0842701297981552,2.757623020418738,0.39289157092750243
hydrogen_central_nt267_tc15_A175_6bc7784d,hydrogen_central,267,15.0,175.0,4005.0,1.0,150.0,8.0,0.17718602589573662,0.5475251237936724,626727.6122846353,,4.0,,13842716.93447018,350981666.69549143,0.5337687293625164,,,81.426173676319,11537474339.301153,954627322.7253762,172532150.53291473,1127159473.258291,40.375806617793934,7.721000197344425,33.329366861180645,32.087561439981535,8.288245177812387,0.5420772434428401,8.842150923996108,21.84812639938973,,2.097012294351962,,3.2772189599084602,1.1453956624482418,2.9130835199186316,0.3853020550690908
hydrogen_central_nt267_tc15_A175_d144601f,hydrogen_central,267,15.0,175.0,4005.0,1.2,150.0,8.0,0.17718602589573662,0.5475251237936724,626727.6122846353,,4.0,,14157981.093687791,358975179.86023813,0.4446864183533552,,,80.26328378922543,11627083561.349607,962041719.4312675,174324334.97388384,1136366054.4051514,39.47673459319808,8.199347107579046,32.587202088448315,31.373048684824,8.103685908374075,0.5300064880678947,8.645257506899254,21.361621215196866,,2.050316878284298,,3.8450918187354364,1.119890458132477,2.8482161620262496,0.3861486686848823
hydrogen_central_nt267_tc15_A175_e698705d,hydrogen_central,267,15.0,175.0,4005.0,1.4,150.0,8.0,0.17718602589573662,0.5475251237936724,626727.6122846353,,4.0,,14387437.486032095,364793039.70669615,0.38087798126595684,,,79.62051000055479,11716327543.136267,969425895.6293583,176109214.609617,1145535110.2389753,38.8471444309414,8.705876726492434,32.06748884312096,30.872699225439675,7.974445205501719,0.5215537405380306,8.507379611662769,21.020937855604636,,2.0176176353155286,,4.414396949676973,1.1020300139363954,2.8027917140806187,0.3866580487984468
hydrogen_central_nt267_tc15_A175_1b561a85,hydrogen_central,267,15.0,175.0,4005.0,1.6,150.0,8.0,0.17718602589573662,0.5475251237936724,626727.6122846353,,4.0,,14568793.35858234,369391312.33728045,0.3329047684326133,,,79.25710257232792,11805339714.906023,976790891.531198,177889458.04501215,1154680349.5762103,38.36356575692523,9.225231849525303,31.668304965877383,30.48838837908447,7.875177377840759,0.515061313102961,8.401477687281337,20.75926412375903,,1.9925018417340472,,4.982223389702168,1.0883116770889407,2.767901883167872,0.3867948995663244
hydrogen_central_nt267_tc15_A175_c467a5c7,hydrogen_central,267,15.0,175.0,4005.0,1.8,150.0,8.0,0.17718602589573662,0.5475251237936724,626727.6122846353,,4.0,,14718277.53640458,373181479.11776316,0.29558254552150165,,,79.07260757456086,11894225305.785416,984145413.9469937,179667169.8626,1163812583.8095937,37.97393143515634,9.752005992488757,31.346670146915777,30.17873722196368,7.795194213192649,0.5098301631449037,8.316149225342174,20.54842548981839,,1.9722652686103097,,5.548074882250966,1.077258388016113,2.739790065309119,0.386882656912559
hydrogen_central_nt267_tc15_A175_41c80b65,hydrogen_central,267,15.0,175.0,4005.0,2.0,150.0,8.0,0.17718602589573662,0.5475251237936724,626727.6122846353,,4.0,,14844488.613782385,376381557.1445838,0.26573024521684074,,,79.0149652625302,11983032390.033215,991493440.6104842,181443311.54755598,1172936752.1580403,37.651068794118494,10.283742542726744,31.080153925684975,29.922151020998204,7.7289177731202825,0.5054954759862986,8.245443512220435,20.373718298013905,,1.955496639464337,,6.1121154894041725,1.0680993024252792,2.7164957730685213,0.38703197782877025
hydrogen_central_nt267_tc15_A200_a32d4330,hydrogen_central,267,15.0,200.0,4005.0,1.0,150.0,8.0,0.16689778095010377,0.5543712308904917,670000.0000000001,,4.0,,14002800.410961308,355040578.37122995,0.5404780836164385,,,81.0948976303314,11632673592.274956,962504246.6793706,173051419.1854991,1135555665.8648698,39.91422041361935,7.632731814070746,33.54794540264131,31.720728503948692,8.193491909670652,0.5358800823671793,9.340673372515893,21.598353216441694,,2.073038731316548,,3.2397529824662548,1.1323012160360055,2.8797804288588935,0.3808971867095909
hydrogen_central_nt267_tc15_A200_0ea69a6a,hydrogen_central,267,15.0,200.0,4005.0,1.2,150.0,8.0,0.16689778095010377,0.5543712308904917,670000.0000000001,,4.0,,14321491.102547372,363120971.1599232,0.45022191369985803,,,79.93317447288088,11722282814.32341,969918643.3852619,174843603.6264682,1144762247.0117302,39.02602445576463,8.10573427714098,32.80141573997528,31.014859203597762,8.011165252166858,0.5239553468187687,9.132818922469337,21.11773328138175,,2.026908189305426,,3.8011919906487157,1.1071045479629393,2.815697770850901,0.3817399676784243
hydrogen_central_nt267_tc15_A200_c6c7bc1d,hydrogen_central,267,15.0,200.0,4005.0,1.4,150.0,8.0,0.16689778095010377,0.5543712308904917,670000.0000000001,,4.0,,14557560.192143414,369106495.7440014,0.3856921622714895,,,79.2668062240485,11811526796.11007,977302819.5833527,176628483.26220137,1153931302.845554,38.393168541571164,8.604138022462774,32.26949966001455,30.51191437771312,7.88125416385804,0.515458753977666,8.984718813658768,20.775282760534285,,1.9940393318438352,,4.362809379712199,1.0891514597204262,2.770037701404572,0.38213948162557565
hydrogen_central_nt267_tc15_A200_dc2e37e8,hydrogen_central,267,15.0,200.0,4005.0,1.6,150.0,8.0,0.16689778095010377,0.5543712308904917,670000.0000000001,,4.0,,14741288.266531082,373764915.47999704,0.3371028743836758,,,78.89924687406469,11900538967.879826,984667815.4851924,178408726.69759652,1163076542.1827888,37.91465521232576,9.117282972200748,31.867308689538188,30.131629074750396,7.783026137575357,0.5090343328156702,8.872737753611522,20.51634998427765,,1.9691866188333493,,4.923923996226636,1.075576818427692,2.7355133312370206,0.3822688263094016
hydrogen_central_nt267_tc15_A200_73070d09,hydrogen_central,267,15.0,200.0,4005.0,1.8,150.0,8.0,0.16689778095010377,0.5543712308904917,670000.0000000001,,4.0,,14892171.225951267,377590548.3253364,0.29929202179564385,,,78.71308747602016,11989424558.75922,992022337.9009882,180186438.51518437,1172208776.4161725,37.53051543196501,9.63813325514337,31.544438788911798,29.826344553241057,7.704170878723939,0.5038769514361259,8.782841867369548,20.30848455249066,,1.9492354176154607,,5.48329082917248,1.0646794005169096,2.7077979403320893,0.3823650851218914
hydrogen_central_nt267_tc15_A200_2cfdbe8f,hydrogen_central,267,15.0,200.0,4005.0,2.0,150.0,8.0,0.16689778095010377,0.5543712308904917,670000.0000000001,,4.0,,15017143.223397873,380759209.51820165,0.2690087195853741,,,78.66562415972773,12078231643.007019,999370364.5644789,181962580.20014036,1181332944.7646194,37.21818815313706,10.165508633141714,31.281927373448948,29.578131041529886,7.640057111607169,0.4996837098753631,8.709751448300182,20.13947824803697,,1.9330139672364348,,6.041843474411092,1.0558191859379116,2.68526376640493,0.38258220638778
hydrogen_central_nt267_tc15_A225_ae3e5f26,hydrogen_central,267,15.0,225.0,4005.0,1.0,150.0,8.0,0.15840895787594067,0.5600199486454417,710642.3150924803,,4.0,,14133284.7361257,358349004.46566176,0.5459659454583947,,,80.90416090215022,11722086685.478413,969902415.4008086,173539126.96660888,1143441542.3674173,39.545715836490054,7.562263279790523,33.796181785869656,31.427869630032358,8.117846206457687,0.5309326159980917,9.812401294611199,21.39894829418,,2.0538995810803633,,3.209842244127,1.1218473432940501,2.853193105890667,0.3773805864788054
hydrogen_central_nt267_tc15_A225_e02be69e,hydrogen_central,267,15.0,225.0,4005.0,1.2,150.0,8.0,0.15840895787594067,0.5600199486454417,710642.3150924803,,4.0,,14458267.738296118,366588938.59777176,0.4548438250675239,,,79.7224221032523,11811695907.526869,977316812.1067001,175331311.407578,1152648123.514278,38.656834423575,8.0290532331343,33.036534446542994,30.721455583131327,7.935378840443668,0.5189986776715639,9.591844884331342,20.91795744618843,,2.007733438351655,,3.7652323403139185,1.096631229980909,2.789060992825125,0.3781286700143486
hydrogen_central_nt267_tc15_A225_1018dab0,hydrogen_central,267,15.0,225.0,4005.0,1.4,150.0,8.0,0.15840895787594067,0.5600199486454417,710642.3150924803,,4.0,,14697105.317659006,372644658.1556543,0.3896467993766354,,,79.05074871799034,11900939889.313526,984700988.3047906,177116191.04331112,1161817179.3481016,38.02863556672492,8.522444008958264,32.49966914230717,30.222211825439572,7.806423741285344,0.5105646095208323,9.435971127949845,20.57802694874138,,1.9751064560951095,,4.321385659235689,1.078810254845915,2.7437369264988516,0.3785111683778076
hydrogen_central_nt267_tc15_A225_ad688866,hydrogen_central,267,15.0,225.0,4005.0,1.6,150.0,8.0,0.15840895787594067,0.5600199486454417,710642.3150924803,,4.0,,14883220.544115527,377363604.05972433,0.3405605993300854,,,78.67668259127608,11989952061.083282,992065984.2066303,178896434.4787063,1170962418.6853366,37.55308606456211,9.030336955793166,32.09325957092082,29.844281942506232,7.708804122055867,0.5041799800893195,9.317973958042293,20.320697956387797,,1.9504076764014082,,4.8769675095330705,1.0653196924848238,2.7094263941850403,0.3786233595902326
hydrogen_central_nt267_tc15_A225_83b12c5b,hydrogen_central,267,15.0,225.0,4005.0,1.8,150.0,8.0,0.15840895787594067,0.5600199486454417,710642.3150924803,,4.0,,15033411.200048482,381171683.571209,0.3023128726033961,,,78.49812908163614,12078837651.962677,999420506.6224262,180674146.29629415,1180094652.9187202,37.17791355359366,9.547582303454003,31.772633224588482,29.546123911627745,7.631789641965912,0.4991429914172053,9.224883135067927,20.11768488673428,,1.9309222113690638,,5.431774919418258,1.0546766613547984,2.682357984897905,0.3787727377830438
hydrogen_central_nt267_tc15_A225_0da945a8,hydrogen_central,267,15.0,225.0,4005.0,2.0,150.0,8.0,0.15840895787594067,0.5600199486454417,710642.3150924803,,4.0,,15164247.050255133,384489022.5723918,0.27179385432086933,,,78.42254332351824,12167644736.210476,1006768533.2859168,182450287.9812501,1189218821.2671669,36.85714563728542,10.066896073155723,31.498501613077103,29.29120243550844,7.565943201776973,0.4948364276003317,9.145291617992681,19.944111190815033,,1.914262376669053,,5.983233357244511,1.0455769996819069,2.659214825442005,0.3788708907873006
hydrogen_central_nt267_tc15_A250_c1991a6e,hydrogen_central,267,15.0,250.0,4005.0,1.0,150.0,8.0,0.15119851360022407,0.5648179947639059,749082.7724624296,,4.0,,14244713.675453959,361174281.8319969,0.5506517100722849,,,80.79489809564157,11806655691.692303,976899777.3548462,174000412.45504826,1150900189.8098946,39.23637039992786,7.503107652279376,34.05542004343433,31.182025855421728,8.054344544506122,0.5267794080359416,10.259252113727598,21.231555521991844,,2.0378329996789475,,3.184733328298777,1.1130717187080055,2.8308740695989134,0.3744285356736797
hydrogen_central_nt267_tc15_A250_81d3bb04,hydrogen_central,267,15.0,250.0,4005.0,1.2,150.0,8.0,0.15119851360022407,0.5648179947639059,749082.7724624296,,4.0,,14573088.350867642,369500211.735995,0.4587334638767403,,,79.60610290870056,11896264913.740759,984314174.0607376,175792596.89601737,1160106770.956755,38.352259216060624,7.965792736223708,33.28805095641623,30.479402816811962,7.872856399248654,0.5149095138197224,10.028080895814005,20.753145936789092,,1.9919146099934129,,3.735566268622037,1.087990928998724,2.7670861249052128,0.3751494136977341
hydrogen_central_nt267_tc15_A250_1de2d407,hydrogen_central,267,15.0,250.0,4005.0,1.4,150.0,8.0,0.15119851360022407,0.5648179947639059,749082.7724624296,,4.0,,14815361.106804583,375643030.0913941,0.3930007190268887,,,78.9232080380099,11985508895.527416,991698350.2588283,177577476.53175053,1169275826.7905788,37.72509208394021,8.454418104327058,32.74369784974263,29.98097899396301,7.7441130899771915,0.5064892973921958,9.864093614108697,20.41377372545918,,1.9593412127825602,,4.286892482346428,1.0701992222085432,2.7218364967278914,0.37548990304419566
hydrogen_central_nt267_tc15_A250_ea7f89f6,hydrogen_central,267,15.0,250.0,4005.0,1.6,150.0,8.0,0.15119851360022407,0.5648179947639059,749082.7724624296,,4.0,,15004526.962131277,380439324.59764904,0.3435151601637321,,,78.53770192835378,12074521067.297173,999063346.160668,179357719.96714568,1178421066.1278138,37.24948233433947,8.957329800529477,32.330889793484815,29.603001231035986,7.646481103303477,0.5001038590910205,9.739734498340184,20.156412132056868,,1.9346393039967462,,4.837538911693648,1.0567069507260782,2.687521617607583,0.3755623205021695
hydrogen_central_nt267_tc15_A250_0aa04a70,hydrogen_central,267,15.0,250.0,4005.0,1.8,150.0,8.0,0.15119851360022407,0.5648179947639059,749082.7724624296,,4.0,,15156595.769372847,384295024.578419,0.304939843476405,,,78.35224468814451,12163406658.176565,1006417868.5764637,181135431.78473353,1187553300.3611972,36.875751686960506,9.469984745794223,32.00650825538978,29.30598908157489,7.569762605385612,0.4950862285817637,9.642014018718694,19.95417928255479,,1.915228725534534,,5.387628406289795,1.0461048229101801,2.660557237673973,0.375694278920276
hydrogen_central_nt267_tc15_A250_8d881c59,hydrogen_central,267,15.0,250.0,4005.0,2.0,150.0,8.0,0.15119851360022407,0.5648179947639059,749082.7724624296,,4.0,,15289114.231737457,387655026.15967184,0.27415965559677785,,,78.2699017465352,12252213742.424364,1013765895.2399542,182911573.46968952,1196677468.7096438,36.556130953016925,9.984679084003986,31.729091709514286,29.05197929707719,7.50415165593973,0.49079506659846456,9.558441821370188,19.781226349102123,,1.8986284724435132,,5.934367904730638,1.0370377049265567,2.6374968465469504,0.3757766277998409
hydrogen_central_nt267_tc15_A275_1e67681f,hydrogen_central,267,15.0,275.0,4005.0,1.0,150.0,8.0,0.1449295024765268,0.5689895829959882,785644.6397704246,,4.0,,14340986.536765864,363615277.30136573,0.5547045696421037,,,80.74718773568115,11887091799.76989,983555177.3363649,174439154.8627442,1157994332.199109,38.9729716695678,7.452738339082943,34.321477727030405,30.9726969614222,8.00027470814559,0.5232430710648556,10.685056490410526,21.089025397236167,,2.024152768318856,,3.1633538095854257,1.1055995271031491,2.811870052964823,0.3719149494295452
hydrogen_central_nt267_tc15_A275_65feb79d,hydrogen_central,267,15.0,275.0,4005.0,1.2,150.0,8.0,0.1449295024765268,0.5689895829959882,785644.6397704246,,4.0,,14674025.46329932,372059469.15059125,0.4621463223363548,,,79.54197137419546,11976701021.818346,990969574.0422562,176231339.30371332,1167200913.3459697,38.08844842261595,7.910999038404755,33.54252391317475,30.269746447013134,7.818701975602811,0.5113676445747392,10.442550454666225,20.610392836764028,,1.97821297716975,,3.7098707106175257,1.0805070478374397,2.7480523782352044,0.3725689017145845
hydrogen_central_nt267_tc15_A275_90c297e4,hydrogen_central,267,15.0,275.0,4005.0,1.4,150.0,8.0,0.1449295024765268,0.5689895829959882,785644.6397704246,,4.0,,14918951.758970093,378269567.92520523,0.3959340432407837,,,78.85071204634033,12065945003.605003,998353750.2403469,178016218.93944645,1176369969.1797934,37.46314560438077,8.395714336176555,32.991852105783,29.772804236331147,7.690341368049619,0.5029724580405194,10.271113798690799,20.27202944157489,,1.9457364074767942,,4.257126182730727,1.0627682285860223,2.702937258876653,0.3728826659831518
hydrogen_central_nt267_tc15_A275_66c8a6a0,hydrogen_central,267,15.0,275.0,4005.0,1.6,150.0,8.0,0.1449295024765268,0.5689895829959882,785644.6397704246,,4.0,,15106722.72833114,383030495.14024186,0.34601436257733775,,,78.47600236242594,12154957175.37476,1005718746.1421865,179796462.37484163,1185515208.517028,36.99749257745018,8.896734183695045,32.581775601280725,29.402739304804456,7.594753272645716,0.4967206966421946,10.143447657656724,20.02005562252667,,1.9215516244551387,,4.8048133494064,1.0495584130571074,2.6693407496702233,0.37302167156131494
hydrogen_central_nt267_tc15_A275_84e4e618,hydrogen_central,267,15.0,275.0,4005.0,1.8,150.0,8.0,0.1449295024765268,0.5689895829959882,785644.6397704246,,4.0,,15263731.441622805,387011446.2886107,0.30722396890573417,,,78.26706381197964,12243842766.254154,1013073268.5579824,181574174.19242948,1194647442.750412,36.61692189413987,9.403515207476033,32.24662671036373,29.100291224978516,7.516630669161349,0.4916112332227544,10.039108186593499,19.81412149787685,,1.9017857926706185,,5.349812804426751,1.0387622445979867,2.641882866383581,0.37305729206771465
hydrogen_central_nt267_tc15_A275_3379dc06,hydrogen_central,267,15.0,275.0,4005.0,2.0,150.0,8.0,0.1449295024765268,0.5689895829959882,785644.6397704246,,4.0,,15397714.963465657,390408594.40835845,0.276216715012826,,,78.17858779403709,12332649850.501953,1020421295.221473,183350315.87738544,1203771611.0988584,36.298299022755245,9.91425672216868,31.966032049113164,28.847074464295105,7.45122455846013,0.48733346833614766,9.951752687794313,19.641708527068733,,1.8852373659139667,,5.892512558120622,1.0297234343447217,2.618894470275832,0.37312625942750466
hydrogen_central_nt267_tc15_A300_6f640130,hydrogen_central,267,15.0,300.0,4005.0,1.0,150.0,8.0,0.13937132902855787,0.5726881584953638,820579.0638323647,,4.0,,14427223.30969383,365801808.0551174,0.5583283080725893,,,80.73436411470723,11963947532.706158,989914331.8975259,174858367.95148748,1164772699.8490133,38.74001601094579,7.408190605257599,34.58615749850385,30.787561861098762,7.952454149847019,0.5201154564894831,11.091019767882157,20.962968604781057,,2.0120536693511606,,3.1444452907171594,1.09899095570161,2.7950624806374753,0.3696918782013539
hydrogen_central_nt267_tc15_A300_7d5d7f01,hydrogen_central,267,15.0,300.0,4005.0,1.2,150.0,8.0,0.13937132902855787,0.5726881584953638,820579.0638323647,,4.0,,14763525.068265634,374328728.9114005,0.46517228929251475,,,79.51890050428105,12053556754.754614,997328728.6034173,176650552.3924566,1173979280.995874,37.85754820929688,7.863040892531583,33.798311402452576,30.086244855292232,7.771303354004643,0.5082676259836256,10.838374858550107,20.485448285340063,,1.9662206325787892,,3.687380691361212,1.0739567860606885,2.731393104712009,0.3703103103976731
hydrogen_central_nt267_tc15_A300_35a77fc6,hydrogen_central,267,15.0,300.0,4005.0,1.4,150.0,8.0,0.13937132902855787,0.5726881584953638,820579.0638323647,,4.0,,15010844.342750022,380599501.59102494,0.39853489229881456,,,78.8195726912016,12142800736.541271,1004712904.801508,178435432.02818975,1183148336.8296976,37.23380572399137,8.344317901344954,33.24144906586528,29.590542676276275,7.643263047715089,0.4998933881571648,10.659801358925412,20.147929216343467,,1.9338251024392412,,4.231065135432128,1.0562622309050087,2.6863905621791297,0.37059997282868645
hydrogen_central_nt267_tc15_A300_e8416f21,hydrogen_central,267,15.0,300.0,4005.0,1.6,150.0,8.0,0.13937132902855787,0.5726881584953638,820579.0638323647,,4.0,,15200357.436528666,385404600.31766397,0.34829161634887973,,,78.43852232722357,12231812908.311028,1012077900.7033477,180215675.4635849,1192293576.1669326,36.76958679062936,8.841930004735454,32.82700553185875,29.22161745115665,7.547969339472708,0.4936608806030011,10.52689843588355,19.896731412938763,,1.9097148024334436,,4.775215539105303,1.043093098267424,2.652897521725169,0.37072384563756
hydrogen_central_nt267_tc15_A300_93ae1d68,hydrogen_central,267,15.0,300.0,4005.0,1.8,150.0,8.0,0.13937132902855787,0.5726881584953638,820579.0638323647,,4.0,,15358781.96055858,389421449.30422366,0.3092492355478897,,,78.22402931987595,12320698499.19042,1019432423.1191434,181993387.28117275,1201425810.4003162,36.39031164361307,9.345319902497659,32.48839777376522,28.920198963155965,7.470112680457095,0.4885688107863609,10.418314377688128,19.691498327923263,,1.8900162573674781,,5.316704548539282,1.032333682056147,2.625533110389769,0.37074856151246155
hydrogen_central_nt267_tc15_A300_2d86c54a,hydrogen_central,267,15.0,300.0,4005.0,2.0,150.0,8.0,0.13937132902855787,0.5726881584953638,820579.0638323647,,4.0,,15491640.438447807,392790071.9687578,0.2780005847842009,,,78.1421427613546,12409505583.43822,1026780449.7826339,183769528.96612874,1210549978.7487626,36.07822323476478,9.854146801891059,32.20977272469878,28.67217528678903,7.406047947975738,0.4843787762446265,10.328965454577583,19.522621280615013,,1.873807213261566,,5.856786384184505,1.0234802438281743,2.603016170748669,0.37086400312971046
hydrogen_central_nt267_tc15_A325_848750b8,hydrogen_central,267,15.0,325.0,4005.0,1.0,150.0,8.0,0.13439237049998587,0.5760013069961384,854085.7685267915,,4.0,,14504453.701120114,367759982.27992177,0.5615748004100796,,,80.75271703130097,12037662283.033897,996013597.012338,175260448.40782058,1171274045.4201586,38.53374098245886,7.368744965180829,34.850231083661285,30.623630457504433,7.910110524954423,0.517346050545677,11.48019552654717,20.851349215029128,,2.001340291539304,,3.12770238225437,1.0931392701826836,2.780179895337218,0.3677234174065565
hydrogen_central_nt267_tc15_A325_8f2eb5eb,hydrogen_central,267,15.0,325.0,4005.0,1.2,150.0,8.0,0.13439237049998587,0.5760013069961384,854085.7685267915,,4.0,,14843720.92600603,376362092.444372,0.46788289341385936,,,79.5272716626483,12127271505.082352,1003427993.7182293,177052632.8487897,1180480626.567019,37.653016032646086,7.820559407466769,34.053696222535464,29.923698535243155,7.729317497402923,0.5055216192087327,11.217804843183162,20.374771986275377,,1.9555977738681904,,3.6674589575295684,1.0681545424006529,2.7166362648367177,0.36830964269983024
hydrogen_central_nt267_tc15_A325_6b402e88,hydrogen_central,267,15.0,325.0,4005.0,1.4,150.0,8.0,0.13439237049998587,0.5760013069961384,854085.7685267915,,4.0,,15093075.688447962,382684474.85922825,0.4008647734846729,,,78.82089157688283,12216515486.86901,1010812169.9163201,178837512.48452288,1189649682.400843,37.030945418157025,8.298855697078386,33.491090461647424,29.42932502955998,7.60162038859704,0.49716982757467004,11.032473959039194,20.038157598769534,,1.9232890762640233,,4.2080130957416015,1.0505074154883136,2.6717543465026052,0.3685808393458637
hydrogen_central_nt267_tc15_A325_97407bb6,hydrogen_central,267,15.0,325.0,4005.0,1.6,150.0,8.0,0.13439237049998587,0.5760013069961384,854085.7685267915,,4.0,,15284253.020259155,387531770.29054654,0.3503316592939592,,,78.43333397772759,12305527658.638767,1018177165.8181598,180617755.919918,1198794921.7380779,36.56775776154696,8.793396466454706,33.072179749725926,29.061219383265186,7.506538378281766,0.49095116572925496,10.894478406886929,19.787517839072596,,1.8992323380371436,,4.749004281377423,1.0373675384871461,2.638335711876347,0.368688934713791
hydrogen_central_nt267_tc15_A325_ce0732e9,hydrogen_central,267,15.0,325.0,4005.0,1.8,150.0,8.0,0.13439237049998587,0.5760013069961384,854085.7685267915,,4.0,,15441896.90579676,391528826.21188545,0.31102479851125775,,,78.22401375559083,12394413249.51816,1025531688.2339555,182395467.73750585,1207927155.9714613,36.19444330062965,9.295019362566078,32.734551092395115,28.764537986543846,7.4299053140857945,0.48593912285350416,10.78325839826723,19.585510196078612,,1.879843375195768,,5.288087752941227,1.026777217201145,2.6114013594771492,0.3687530329465588
hydrogen_central_nt267_tc15_A325_02433cc3,hydrogen_central,267,15.0,325.0,4005.0,2.0,150.0,8.0,0.13439237049998587,0.5760013069961384,854085.7685267915,,4.0,,15577940.026601123,394978195.400637,0.2796342118682942,,,78.12658941051596,12483220333.765959,1032879714.897446,184171609.42246187,1217051324.319908,35.878354972263644,9.799556220007103,32.44867821824521,28.513335484190982,7.365019488072656,0.48169538621817004,10.689087530846052,19.414468715300647,,1.863426585880343,,5.824340614590196,1.0178103077920488,2.588595828706754,0.3688094689181054
hydrogen_central_nt333_tc15_A50_5cf99e1a,hydrogen_central,333,15.0,50.0,4995.0,1.0,150.0,8.0,0.3772315752690967,0.41440880876722996,420000.00000000006,,4.0,,13355212.43103526,338621004.8436932,0.4037075980106286,,,99.21602688240898,13472906873.464708,1114767811.368583,210283304.20929414,1325051115.577877,52.194497600234726,9.837852085280613,37.18367719689365,41.48014092772096,10.71435667251376,0.5904875990499544,6.1761825322579895,28.243447659569743,,2.1735594060159675,,4.236517148935461,1.3554573448921572,3.765793021275966,0.4800845701770284
hydrogen_central_nt333_tc15_A50_87e07992,hydrogen_central,333,15.0,50.0,4995.0,1.2,150.0,8.0,0.3772315752690967,0.41440880876722996,420000.00000000006,,4.0,,13616152.007860733,345237119.87476504,0.3361567801788712,,,98.15752285391144,13584610929.032017,1124010366.5732818,212517385.32064033,1336527751.893922,51.19424362917442,10.492189033847046,36.471090190889974,40.6852166044546,10.509027024719812,0.5791715103247528,6.0578223336178825,27.702190975880708,,2.1319053710666367,,4.986394375658527,1.3294813961970375,3.693625463450761,0.4826877985407208
hydrogen_central_nt333_tc15_A50_90e62478,hydrogen_central,333,15.0,50.0,4995.0,1.4,150.0,8.0,0.3772315752690967,0.41440880876722996,420000.00000000006,,5.0,,13810189.409660341,350156932.2936192,0.28780289445073237,,,98.13161743129665,13781319761.921312,1140286340.064107,214929883.73842627,1355216223.8025331,50.474948786342466,11.172520608663556,36.484148036290634,40.113576818250046,10.361371968092413,0.5710339727627293,5.972708069699343,27.31296668636036,,2.6274393074681965,,5.735723004135675,1.3108017743463383,3.6417288915147146,0.4842669386668288
hydrogen_central_nt333_tc15_A50_fbb50283,hydrogen_central,333,15.0,50.0,4995.0,1.6,150.0,8.0,0.3772315752690967,0.41440880876722996,420000.00000000006,,5.0,,13963042.627062468,354032520.97014374,0.2514922048839198,,,97.87397279820597,13892299612.609528,1149468973.509112,217149480.7521906,1366618454.2613025,49.92240028196086,11.86681589917955,36.08475661706557,39.674454096795834,10.24794618516502,0.5647828724607413,5.907324924389182,27.01397205128593,,2.598676768929716,,6.483353292308622,1.2964524470588223,3.6018629401714573,0.48514721964064744
hydrogen_central_nt333_tc15_A50_a4062eab,hydrogen_central,333,15.0,50.0,4995.0,1.8,150.0,8.0,0.3772315752690967,0.41440880876722996,420000.00000000006,,5.0,,14088970.449655402,357225417.0805123,0.22326124096030484,,,97.80740003989203,14003132338.63837,1158639433.6468961,219366135.27276742,1378005568.9196634,49.47619172551705,12.568978800749694,35.76222951362529,39.31984212320801,10.156349602309033,0.5597348189055928,5.8545250006661895,26.772520009622514,,2.5754496844309926,,7.2285804025980775,1.2848646994418633,3.569669334616335,0.48586436409341804
hydrogen_central_nt333_tc15_A50_96fc6509,hydrogen_central,333,15.0,50.0,4995.0,2.0,150.0,8.0,0.3772315752690967,0.41440880876722996,420000.00000000006,,5.0,,14194417.333955636,359899019.62362164,0.20069456669616023,,,97.88235195552123,14113870358.076035,1167802057.6242762,221580895.66152072,1389382953.2857969,49.108645094912035,13.277146277882585,35.496560582726616,39.02774455093564,10.080900543976396,0.5555766846687786,5.811033154128658,26.57363345067042,,2.5563172932587523,,7.972090035201126,1.2753197511628385,3.5431511267560563,0.4865853647625627
hydrogen_central_nt333_tc15_A75_cd6c4c42,hydrogen_central,333,15.0,75.0,4995.0,1.0,150.0,8.0,0.30560878733677843,0.462068762369478,514392.8459844675,,4.0,,14762619.5093851,374305768.493537,0.4502356569526663,,,90.99782530842204,13680571134.630535,1131950252.8486204,211416018.36110777,1343366271.2097282,47.218490101918874,8.899951961811308,34.87938324469186,37.5255958745541,9.69289422736477,0.5341929539124586,6.828014858672229,25.550834188917655,,1.9663412431895138,,3.832625128337648,1.2262336484885665,3.406777891855687,0.4343152931294054
hydrogen_central_nt333_tc15_A75_35249b2c,hydrogen_central,333,15.0,75.0,4995.0,1.2,150.0,8.0,0.30560878733677843,0.462068762369478,514392.8459844675,,4.0,,15069390.051589215,382083926.25733304,0.3749739998792288,,,89.90695063884766,13792275190.197845,1141192808.0533195,213650099.47245395,1354842907.5257735,46.25725399607545,9.480359874619111,34.169336768153094,36.761679926160724,9.495574069914719,0.5233182827046441,6.68901561496019,25.030690823388728,,1.926312047099527,,4.505524348209971,1.2012709685175815,3.337425443118497,0.43613911477306233
hydrogen_central_nt333_tc15_A75_769e67f2,hydrogen_central,333,15.0,75.0,4995.0,1.4,150.0,8.0,0.30560878733677843,0.462068762369478,514392.8459844675,,5.0,,15296736.025727225,387848276.514382,0.32110082497719694,,,89.79244834481511,13988984023.08714,1157468781.5441444,216062597.89023986,1373531379.4343843,45.56976089604419,10.086767891494814,34.135919557276125,36.215313700077836,9.354447195966342,0.5155405251120689,6.589600892208236,24.65867506924224,,2.3721030707135795,,5.17832176454087,1.183417217359033,3.287823342565632,0.4372055670292791
hydrogen_central_nt333_tc15_A75_2388368e,hydrogen_central,333,15.0,75.0,4995.0,1.6,150.0,8.0,0.30560878733677843,0.462068762369478,514392.8459844675,,5.0,,15474923.434804449,392366212.8500114,0.2806132871252353,,,89.49534488670345,14099963873.775356,1166651414.9891496,218282194.9040042,1384933609.8931537,45.04504375217307,10.707442718267673,33.742858416262706,35.798309186658265,9.246734565514803,0.5096042869890793,6.513724335223489,24.374740519234503,,2.3447892748156343,,5.84993772461628,1.169790652503512,3.2499654025646003,0.4377489385832816
hydrogen_central_nt333_tc15_A75_0a8b5cb5,hydrogen_central,333,15.0,75.0,4995.0,1.8,150.0,8.0,0.30560878733677843,0.462068762369478,514392.8459844675,,5.0,,15621975.019172706,396094701.29748243,0.24912796069949336,,,89.38183058402176,14210796599.8042,1175821875.1269338,220498849.42458102,1396320724.5515149,44.621029180163774,11.335568690179961,33.425232713678014,35.46133527157121,9.15969390859256,0.5048073187625505,6.452409841860318,24.14529806989506,,2.3227174831600874,,6.519230478871665,1.1587792683079348,3.2193730759860077,0.4381858670143545
hydrogen_central_nt333_tc15_A75_23d89259,hydrogen_central,333,15.0,75.0,4995.0,2.0,150.0,8.0,0.30560878733677843,0.462068762369478,514392.8459844675,,5.0,,15746265.3836946,399246079.708281,0.22395970971201365,,,89.39885583125839,14321534619.241863,1184984499.1043139,222713609.81333432,1407698108.917648,44.2688209678033,11.968638320258119,33.16139654319697,35.181427485189005,9.087393482614294,0.5008227113567024,6.401478884471531,23.95471142439722,,2.3043835229715155,,7.186413427319167,1.1496326488303064,3.193961523252963,0.4386307208556827
hydrogen_central_nt333_tc15_A100_66121597,hydrogen_central,333,15.0,100.0,4995.0,1.0,150.0,8.0,0.2652524623189685,0.48892307275632874,593969.6961967,,4.0,,15551724.35273634,394313497.7874326,0.4764800559145721,,,87.37337614952423,13855640205.097448,1146435721.0816941,212370940.56365454,1358806661.6453485,44.82259249017907,8.448362476339042,34.10242118300613,35.62152216654488,9.201070323634182,0.5070876479248136,7.474397897116393,24.254367858057577,,1.8665677799073452,,3.638155178708636,1.1640137371041204,3.2339157144076767,0.41227784611860974
hydrogen_central_nt333_tc15_A100_ae245313,hydrogen_central,333,15.0,100.0,4995.0,1.2,150.0,8.0,0.2652524623189685,0.48892307275632874,593969.6961967,,4.0,,15884702.582011975,402756150.6595329,0.3968564409153286,,,86.26433456255697,13967344260.664757,1155678276.286393,214605021.67500073,1370283297.9613936,43.88301257661969,8.993762397657406,33.38755958827988,34.87481688113711,9.008195695482584,0.4964579778871286,7.317718112661272,23.745943075164792,,1.8274404225666845,,4.274269753529663,1.139613454440197,3.1661257433553054,0.41375344633224165
hydrogen_central_nt333_tc15_A100_6ab78034,hydrogen_central,333,15.0,100.0,4995.0,1.4,150.0,8.0,0.2652524623189685,0.48892307275632874,593969.6961967,,5.0,,16131086.708253708,409003212.6839176,0.3398785466330658,,,86.10528199314166,14164053093.554052,1171954249.777218,217017520.09278667,1388971769.8700047,43.21274913398298,9.565048442150536,33.32748441700814,34.34214345122473,8.870605682758248,0.488875143121578,7.205948235288482,23.383250620392552,,2.249410418205527,,4.910482630282435,1.1222071463405756,3.1177667493856736,0.4145919161418525
hydrogen_central_nt333_tc15_A100_e6aa2bbe,hydrogen_central,333,15.0,100.0,4995.0,1.6,150.0,8.0,0.2652524623189685,0.48892307275632874,593969.6961967,,5.0,,16323744.426396543,413888043.26563245,0.2970381852779857,,,85.7875474982492,14275032944.242268,1181136883.222223,219237117.106551,1400374000.328774,42.70273933320655,10.150664695521955,32.93414346952069,33.9368271940829,8.765912139123643,0.4831052923403901,7.120901477154906,23.107274496924088,,2.2228622031013123,,5.54574587926178,1.108962521672969,3.0809699329232116,0.4149863616639938
hydrogen_central_nt333_tc15_A100_7c21cd90,hydrogen_central,333,15.0,100.0,4995.0,1.8,150.0,8.0,0.2652524623189685,0.48892307275632874,593969.6961967,,5.0,,16483226.333952837,417931702.1793316,0.2637188130083541,,,85.64834859296512,14385865670.27111,1190307343.3600073,221453771.62712783,1411761114.9871352,42.289572991329,10.743283342614951,32.61549225902117,33.60847461142303,8.681098379905968,0.4784310524790905,7.052003864024531,22.88370223379224,,2.201355108725307,,6.178599603123903,1.098232858997614,3.051160297838965,0.41529058265447016
hydrogen_central_nt333_tc15_A100_008fdb90,hydrogen_central,333,15.0,100.0,4995.0,2.0,150.0,8.0,0.2652524623189685,0.48892307275632874,593969.6961967,,5.0,,16618377.007618662,421358443.3980391,0.23708453451125244,,,85.63643120509502,14496603689.708775,1199469967.3373873,223668532.01588112,1423138499.3532684,41.9456486552643,11.340539162509154,32.35024338732158,33.33515020781056,8.610498447453738,0.4745401623509176,6.994652711593702,22.69759815326456,,2.1834523601123985,,6.809279445979367,1.0893013664296318,3.0263464204352744,0.41561192966487875
hydrogen_central_nt333_tc15_A125_2b464b1f,hydrogen_central,333,15.0,125.0,4995.0,1.0,150.0,8.0,0.23892933967574836,0.5064392689288051,664078.3086353597,,4.0,,16065510.97531011,407340541.9703375,0.4936349458684756,,,85.42584924986821,14009879152.4625,1159197674.786026,213212243.91291848,1372409918.6989446,43.38913366985761,8.178177753944093,33.85853782606651,34.48232020819992,8.906813461657684,0.4908706193860661,8.082097920929394,23.478695689048795,,1.8068735967022511,,3.521804353357319,1.1267877386571798,3.130492758539839,0.39909290338975395
hydrogen_central_nt333_tc15_A125_a656b11d,hydrogen_central,333,15.0,125.0,4995.0,1.2,150.0,8.0,0.23892933967574836,0.5064392689288051,664078.3086353597,,4.0,,16417641.944583893,416268811.98235023,0.41119833487663,,,84.29265053325928,14121583208.029808,1168440229.9907248,215446325.02426466,1383886555.0149894,42.458509299641214,8.701812432156297,33.13232880146179,33.742732094467904,8.715777205173302,0.4803422653401027,7.908750433862204,22.9751169230984,,1.7681191791610726,,4.135521046157713,1.1026200256617056,3.063348923079787,0.40032243725709354
hydrogen_central_nt333_tc15_A125_10349577,hydrogen_central,333,15.0,125.0,4995.0,1.4,150.0,8.0,0.23892933967574836,0.5064392689288051,664078.3086353597,,5.0,,16675593.919358935,422809176.4543341,0.35216405253707617,,,84.10944963677314,14318292040.919104,1184716203.48155,217858823.44205058,1402575026.9236007,41.801725716830866,9.252721464382418,33.055002455559844,33.220771412277834,8.580954304553028,0.47291193113362184,7.7864112954613,22.619718680033692,,2.1759605489312324,,4.750140922807075,1.0855637808034186,3.015962490671159,0.4010542701007662
hydrogen_central_nt333_tc15_A125_b037aaca,hydrogen_central,333,15.0,125.0,4995.0,1.6,150.0,8.0,0.23892933967574836,0.5064392689288051,664078.3086353597,,5.0,,16874748.51927079,427858735.27562857,0.30773471424311066,,,83.79249360472674,14429271891.607319,1193898836.926555,220078420.4558149,1413977257.3823698,41.308384678222,9.819219294351118,32.664889632153645,32.828702195256916,8.479682482965076,0.467330657650885,7.694516614807195,22.35276234473208,,2.150280014963482,,5.364662962735699,1.0727520331084641,2.980368312630944,0.40143598587600937
hydrogen_central_nt333_tc15_A125_20a6af2e,hydrogen_central,333,15.0,125.0,4995.0,1.8,150.0,8.0,0.23892933967574836,0.5064392689288051,664078.3086353597,,5.0,,17040548.786433276,432062596.0049005,0.27319474559528656,,,83.64545003242652,14540104617.636162,1203069297.0643392,222295074.97639173,1425364372.040731,40.90646445243956,10.39191713397704,32.34706844600992,32.50928715394647,8.397177298493084,0.46278364752446083,7.619650897369919,22.135275571563913,,2.1293583295516285,,5.976524404322256,1.0623144247944591,2.9513700762085215,0.4017082286518052
hydrogen_central_nt333_tc15_A125_068acb25,hydrogen_central,333,15.0,125.0,4995.0,2.0,150.0,8.0,0.23892933967574836,0.5064392689288051,664078.3086353597,,5.0,,17182201.166950844,435654187.80301327,0.24560258771178506,,,83.61802672700453,14650842637.073826,1212231921.0417192,224509835.36514503,1436741756.4068642,40.56922605021489,10.968405819548758,32.0803948572409,32.24127621230162,8.327949837913263,0.4589683968066114,7.55683346915814,21.952789378575122,,2.1118036127010265,,6.585836813572536,1.0535565616040474,2.9270385838100164,0.40197386056215795
hydrogen_central_nt333_tc15_A150_a93e04f6,hydrogen_central,333,15.0,150.0,4995.0,1.0,150.0,8.0,0.21976525420035342,0.5191916268159337,727461.3391789284,,4.0,,16437938.890748506,416783440.4347999,0.506099290407863,,,84.23855401459237,14149321819.65835,1170735362.8574452,213972840.2794413,1384708203.1368866,42.40608313580083,7.992887997531853,33.83958288125969,33.70106784316972,8.705015292631108,0.47974915685095487,8.647149635661643,22.94674811637554,,1.765935972371549,,3.4420122174563312,1.1012585520943912,3.059566415516739,0.3900508124643912
hydrogen_central_nt333_tc15_A150_2cde75de,hydrogen_central,333,15.0,150.0,4995.0,1.2,150.0,8.0,0.21976525420035342,0.5191916268159337,727461.3391789284,,4.0,,16800056.38620677,425964918.51437044,0.4215300687461564,,,83.10596151327391,14261025875.225658,1179977918.062144,216206921.39078748,1396184839.4529314,41.492039500212876,8.50373579087299,33.11018622218807,32.974656812093826,8.517382688119048,0.46940838422892284,8.460764298795185,22.45214150519561,,1.7278720339683507,,4.04138547093521,1.0775214300533114,2.9936188673594146,0.3912100225250531
hydrogen_central_nt333_tc15_A150_551371e8,hydrogen_central,333,15.0,150.0,4995.0,1.4,150.0,8.0,0.21976525420035342,0.5191916268159337,727461.3391789284,,5.0,,17068926.64849439,432782115.8340363,0.3610577087491802,,,82.89175649403506,14457734708.114956,1196253891.5529695,218619419.8085734,1414873311.361543,40.83845560633314,9.039503711417456,33.01379717628445,32.45523899464752,8.383216611685611,0.4620142487928337,8.327490076987486,22.09847467542145,,2.1258181750826872,,4.640679681838503,1.0605482790470928,2.9464632900561933,0.39181246047566737
hydrogen_central_nt333_tc15_A150_6be715db,hydrogen_central,333,15.0,150.0,4995.0,1.6,150.0,8.0,0.21976525420035342,0.5191916268159337,727461.3391789284,,5.0,,17278210.62954834,438088504.8059924,0.3155663600828701,,,82.54764179001072,14568714558.803171,1205436524.9979744,220839016.82233772,1426275541.820312,40.343795901538705,9.589931492349104,32.61391439612291,32.062121803956416,8.281674097582282,0.4564180569553724,8.226622555872842,21.830804784455832,,2.100068998838863,,5.239393148269399,1.0477022864441714,2.910773971260778,0.39206208637475537
hydrogen_central_nt333_tc15_A150_e4222b58,hydrogen_central,333,15.0,150.0,4995.0,1.8,150.0,8.0,0.21976525420035342,0.5191916268159337,727461.3391789284,,5.0,,17451551.28249895,442483551.78749865,0.28017979540748206,,,82.38022128843144,14679547284.832012,1214606985.1357584,223055671.34291455,1437662656.478673,39.94307393643227,10.147176491048901,32.28997086095028,31.74365904735018,8.199414889082082,0.4518846030101961,8.144910156652308,21.61396641321203,,2.07920968807575,,5.835770931567247,1.0372957961849243,2.8818621884282702,0.3922475748684603
hydrogen_central_nt333_tc15_A150_b01a61c3,hydrogen_central,333,15.0,150.0,4995.0,2.0,150.0,8.0,0.21976525420035342,0.5191916268159337,727461.3391789284,,5.0,,17597468.995330755,446183290.9566621,0.2518736111039085,,,82.3436621044361,14790285304.269678,1223769609.1131387,225270431.73166785,1449040040.8448064,39.611867102436854,10.70957166182516,32.022223340174094,31.48044152860751,8.131425573829338,0.44813758872350223,8.07737279309198,21.434744017930285,,2.0619689404283323,,6.4304232053790855,1.0286945689203948,2.8579658690573715,0.3924880184683075
hydrogen_central_nt333_tc15_A175_a41b1ede,hydrogen_central,333,15.0,175.0,4995.0,1.0,150.0,8.0,0.20476507285983547,0.5291731978682914,785748.0512225277,,4.0,,16727809.552490607,424133102.24367666,0.5158167830048292,,,83.45489817322255,14277552586.15427,1181345362.0401986,214672280.82396448,1396017642.864163,41.6712421907331,7.854381893322286,33.92927408916716,33.11707321993702,8.554168970796077,0.4714357428842173,9.173392160875803,22.54911153159432,,1.7353346538128198,,3.382366729739148,1.0821752080233669,3.0065482042125757,0.38329175134719534
hydrogen_central_nt333_tc15_A175_97be852f,hydrogen_central,333,15.0,175.0,4995.0,1.2,150.0,8.0,0.20476507285983547,0.5291731978682914,785748.0512225277,,4.0,,17102887.283857975,433643186.7103949,0.42970056618516217,,,82.29571158482857,14389256641.721579,1190587917.2448974,216906361.93531066,1407494279.180208,40.75736404111142,8.353165077273696,33.18518246644346,32.390793704279766,8.36657033683165,0.4610968424405833,8.972213549128071,22.05459446805718,,1.6972776068176259,,3.969827004250292,1.0584423835457997,2.9406125957409572,0.3842830937366476
hydrogen_central_nt333_tc15_A175_2fbccfc7,hydrogen_central,333,15.0,175.0,4995.0,1.4,150.0,8.0,0.20476507285983547,0.5291731978682914,785748.0512225277,,5.0,,17379571.17169028,440658498.2680092,0.3680785394836285,,,82.06087118029352,14585965474.610874,1206863890.7357225,219318860.3530966,1426182751.088819,40.1085041912746,8.877930546428503,33.074436442590425,31.875130190862784,8.233374000411809,0.4537561511327636,8.829375333920657,21.70348390947638,,2.0878210480606225,,4.557731620990039,1.04159191290801,2.8937978545968503,0.38480915793360376
hydrogen_central_nt333_tc15_A175_a2591b88,hydrogen_central,333,15.0,175.0,4995.0,1.6,150.0,8.0,0.20476507285983547,0.5291731978682914,785748.0512225277,,5.0,,17593912.09412481,446093105.8348075,0.32169643337928017,,,81.70922838858822,14696945325.29909,1216046524.1807275,221538457.36686093,1437584981.5475883,39.61987529851699,9.417851775164795,32.67150131490644,31.48680582211073,8.133069476406257,0.44822818717149,8.721809919050523,21.439077407027526,,2.062385801656898,,5.145378577686605,1.0289025365931426,2.858543654270337,0.38502700661470884
hydrogen_central_nt333_tc15_A175_ebcd74a3,hydrogen_central,333,15.0,175.0,4995.0,1.8,150.0,8.0,0.20476507285983547,0.5291731978682914,785748.0512225277,,5.0,,17765505.268350057,450443845.546401,0.2855315300891361,,,81.56098429619956,14807778051.32793,1225216984.3185117,223755111.88743776,1448972096.2059495,39.23719548940439,9.967854459033578,32.35593434776159,31.182681572582315,8.054513916822073,0.443898848025082,8.63756784282512,21.23200199379475,,2.04246566311663,,5.732640538324582,1.0189645894559471,2.830933599172633,0.3853157320804155
hydrogen_central_nt333_tc15_A175_163ef94d,hydrogen_central,333,15.0,175.0,4995.0,2.0,150.0,8.0,0.20476507285983547,0.5291731978682914,785748.0512225277,,5.0,,17915955.684986994,454258511.28263164,0.25669686810144426,,,81.51111256631482,14918516070.765596,1234379608.2958918,225969872.27619106,1460349480.5720828,38.907698558688466,10.51919074739428,32.084223260232086,30.920822952426025,7.986875606262433,0.44017117824266605,8.565033298560099,21.053704860101824,,2.0253139233274973,,6.316111458030547,1.0104077672736733,2.8071606480135762,0.3855108740764816
hydrogen_central_nt333_tc15_A200_ec865723,hydrogen_central,333,15.0,200.0,4995.0,1.0,150.0,8.0,0.1925800836014806,0.537281455581547,840000.0000000001,,4.0,,16964921.951246448,430145079.89975786,0.5237641184916031,,,82.90897044745526,14396906873.464708,1191220908.4899826,215323304.20929414,1406544212.6992767,41.088818751157284,7.744604121469156,34.07554757482882,32.65420821569366,8.434610535463623,0.4648466610024521,9.665669392632052,22.233950993842686,,1.711080527351633,,3.335092649076403,1.0670500479910408,2.964526799179025,0.3779346252226874
hydrogen_central_nt333_tc15_A200_f12f387c,hydrogen_central,333,15.0,200.0,4995.0,1.2,150.0,8.0,0.1925800836014806,0.537281455581547,840000.0000000001,,4.0,,17347773.17536115,439852261.03856874,0.4363198582738696,,,81.74079950672407,14508610929.032017,1200463463.6946814,217557385.32064033,1418020849.0153217,40.182021988409076,8.235249523724342,33.323527994590656,31.933556437422155,8.248465550986918,0.4545878738145273,9.452355941882479,21.743265805095298,,1.6733183737983564,,3.9137878449171537,1.0435011225505562,2.8991021073460397,0.37885844891059267
hydrogen_central_nt333_tc15_A200_9517d326,hydrogen_central,333,15.0,200.0,4995.0,1.4,150.0,8.0,0.1925800836014806,0.537281455581547,840000.0000000001,,5.0,,17629412.797767885,446993225.09553456,0.37374293216795706,,,81.49501843338984,14705319761.92131,1216739437.1855063,219969883.73842627,1436709320.9239326,39.540091957603536,8.752113729421156,33.20281274636516,31.423400207018467,8.116691750585066,0.4473255810427559,9.301349326468555,21.395905105026394,,2.058232733827459,,4.493140072055542,1.0268306148310162,2.852787347336853,0.3793556951977458
hydrogen_central_nt333_tc15_A200_961c3dea,hydrogen_central,333,15.0,200.0,4995.0,1.6,150.0,8.0,0.1925800836014806,0.537281455581547,840000.0000000001,,5.0,,17845045.17966238,452460577.57764655,0.3265961969144118,,,81.14922303660425,14816299612.609528,1225922070.6305115,222189480.7521906,1448111551.382702,39.062305315804366,9.285314471301415,32.80160324949848,31.04369241891011,8.018612896894252,0.44192027780303533,9.188955544894664,21.137365553339325,,2.033361873461454,,5.072967732801437,1.014422804761107,2.81831540711191,0.37960852662696154
hydrogen_central_nt333_tc15_A200_a8acb04d,hydrogen_central,333,15.0,200.0,4995.0,1.8,150.0,8.0,0.1925800836014806,0.537281455581547,840000.0000000001,,5.0,,18026594.138689578,457063745.9099792,0.28997179690604125,,,80.96363932156292,14927132338.63837,1235092530.7682958,224406135.27276742,1459498666.0410633,38.66890205766664,9.823484655154084,32.47125260874219,30.73104600330587,7.937856054360767,0.4374696219669472,9.096411978379106,20.92448747535842,,2.0128835330377233,,5.649611618346772,1.0042063765883242,2.7899316633811226,0.379734996837866
hydrogen_central_nt333_tc15_A200_048b5b4d,hydrogen_central,333,15.0,200.0,4995.0,2.0,150.0,8.0,0.1925800836014806,0.537281455581547,840000.0000000001,,5.0,,18180591.540289357,460968345.34202224,0.26069570866428154,,,80.90364095951668,15037870358.076035,1244255154.7456758,226620895.66152072,1470876050.4071965,38.341359885763126,10.366073890093107,32.196207183660455,30.470740873933988,7.8706190118291355,0.4337640667922185,9.019361470674381,20.747248099297884,,1.9958335468959707,,6.224174429789365,0.9957003182281312,2.766299746573051,0.37989939550255797
hydrogen_central_nt333_tc15_A225_768c3621,hydrogen_central,333,15.0,225.0,4995.0,1.0,150.0,8.0,0.18250373100286488,0.5439865631484813,890954.54429505,,4.0,,17159446.22068072,435077236.8326755,0.5302997958131033,,,82.54526195214206,14509006870.913816,1200496224.4989493,215934758.74083477,1416430983.239784,40.62302443899276,7.656809128588163,34.26542838456115,32.284031001614515,8.338993437378239,0.4595770295721858,10.132267391212157,21.981900722633927,,1.6916832411428777,,3.297285108395089,1.0549536709654757,2.93092009635119,0.37365025287640763
hydrogen_central_nt333_tc15_A225_aec6b03c,hydrogen_central,333,15.0,225.0,4995.0,1.2,150.0,8.0,0.18250373100286488,0.5439865631484813,890954.54429505,,4.0,,17549829.038716037,444975381.3061876,0.44178783187230797,,,81.36305011323897,14620710926.481127,1209738779.7036483,218168839.85218096,1427907619.5558293,39.719395650209314,8.140434899103886,33.50321956392577,31.565896883490257,8.15349876671905,0.44935408235640967,9.906882682988346,21.492929785598395,,1.6540530129826159,,3.868727361407711,1.0314870157599083,2.8657239714131193,0.374496550523147
hydrogen_central_nt333_tc15_A225_7e97efee,hydrogen_central,333,15.0,225.0,4995.0,1.4,150.0,8.0,0.18250373100286488,0.5439865631484813,890954.54429505,,5.0,,17833869.722658675,452177224.20534176,0.3783889478615111,,,81.11509806682504,14817419759.370422,1226014753.1944735,220581338.26996684,1446596091.4644403,39.08678340835024,8.651774863698797,33.37653979477601,31.063145709489156,8.023637698861082,0.4421972037389346,9.749095406487148,21.150611120542994,,2.034636064006929,,4.441628335314028,1.0150584849928506,2.8200814827390657,0.37500656065285265
hydrogen_central_nt333_tc15_A225_2b6c588f,hydrogen_central,333,15.0,225.0,4995.0,1.6,150.0,8.0,0.18250373100286488,0.5439865631484813,890954.54429505,,5.0,,18057034.652181778,457835564.20339197,0.33072515801035307,,,80.7440618023649,14928399610.05864,1235197386.6394787,222800935.28373116,1457998321.92321,38.603714098652965,9.176304938182417,32.9640427655295,30.67923966641212,7.92447443224084,0.43673213653888976,9.62860739551466,20.889213015538182,,2.009490217937768,,5.0134111237291625,1.0025134874542938,2.7852284020717573,0.37515192492720284
hydrogen_central_nt333_tc15_A225_affd720e,hydrogen_central,333,15.0,225.0,4995.0,1.8,150.0,8.0,0.18250373100286488,0.5439865631484813,890954.54429505,,5.0,,18242116.697563864,462528313.83275527,0.2936439047184376,,,80.54906461473296,15039232336.08748,1244367846.7772627,225017589.804308,1469385436.5815706,38.212046043723895,9.707424518874843,32.62959405213422,30.367972255816888,7.844073787907003,0.4323011114306302,9.530916848935657,20.677273889424917,,1.9891022023430158,,5.582863950144726,0.9923421213865639,2.756969851923322,0.37524859542023087
hydrogen_central_nt333_tc15_A225_5be6392c,hydrogen_central,333,15.0,225.0,4995.0,2.0,150.0,8.0,0.18250373100286488,0.5439865631484813,890954.54429505,,5.0,,18399383.991667863,466515821.2897531,0.26400278033231517,,,80.47893460010758,15149970355.525146,1253530470.754643,227232350.1930613,1480762820.9477043,37.885431571946185,10.242807876480299,32.350695151681094,30.108404390595943,7.777027181350236,0.42860605152734027,9.449452083384752,20.50053650976537,,1.9721005070036257,,6.150160952929611,0.9838601547986303,2.733404867968716,0.3753819007833403
hydrogen_central_nt333_tc15_A250_01fdf49c,hydrogen_central,333,15.0,250.0,4995.0,1.0,150.0,8.0,0.17400015521352075,0.5496450978030708,939148.5505499117,,4.0,,17324582.930515166,439264273.08608437,0.5358454009848034,,,82.29820764144203,14615033684.674515,1209269036.5010264,216513086.8158931,1425782123.3169196,40.23580861819723,7.583824960807807,34.47857406243699,31.976301881601504,8.259506736595728,0.45519637354811715,10.575448667655115,21.772370786138353,,1.6755582350954106,,3.2658556179207525,1.044897926538627,2.9029827714851133,0.37008864486331455
hydrogen_central_nt333_tc15_A250_4b308885,hydrogen_central,333,15.0,250.0,4995.0,1.2,150.0,8.0,0.17400015521352075,0.5496450978030708,939148.5505499117,,4.0,,17720193.13245327,449294957.7194034,0.446401833571085,,,81.1085268027202,14726737740.241821,1218511591.7057252,218747167.9272393,1437258759.6329646,39.33752854564906,8.062171767102638,33.70882648996851,31.262418508544677,8.075110037104372,0.4450339375117368,10.339347664030338,21.286294142447563,,1.6381507459788753,,3.831532945640561,1.021570174034305,2.8381725523263417,0.370896095101431
hydrogen_central_nt333_tc15_A250_f8d6b2c7,hydrogen_central,333,15.0,250.0,4995.0,1.4,150.0,8.0,0.17400015521352075,0.5496450978030708,939148.5505499117,,5.0,,18009344.71345399,456626387.2579612,0.3823679479154795,,,80.84398709154038,14923446573.131119,1234787565.1965504,221159666.34502518,1455947231.5415754,38.70593929281311,8.56747584345535,33.57057195527194,30.760480326923954,7.94545896588915,0.4378886321895303,10.173342805378429,20.944529036450287,,2.0148114812536924,,4.39835109765456,1.0051682096305403,2.7926038715267048,0.3713526646435446
hydrogen_central_nt333_tc15_A250_b3b8eb41,hydrogen_central,333,15.0,250.0,4995.0,1.6,150.0,8.0,0.17400015521352075,0.5496450978030708,939148.5505499117,,5.0,,18235824.47848189,462368774.8093785,0.33420981094983543,,,80.46521086731254,15034426423.819334,1243970198.6415553,223379263.3587895,1467349462.0003448,38.225231000925106,9.086337524429865,33.15364234195757,30.378450637791577,7.846780363133527,0.43245027569275135,10.046995006252091,20.684408523643608,,1.9897885363691166,,4.964258045674465,0.9926845261974571,2.7579211364858147,0.3714738160721284
hydrogen_central_nt333_tc15_A250_b8fc7c16,hydrogen_central,333,15.0,250.0,4995.0,1.8,150.0,8.0,0.17400015521352075,0.5496450978030708,939148.5505499117,,5.0,,18423727.36225112,467133046.7102212,0.29674300407993615,,,80.26261719919552,15145259149.848175,1253140658.7793396,225595917.87936634,1478736576.658706,37.83537334635866,9.611734228598053,32.8155096242388,30.068621993074547,7.766751353284109,0.4280397320339279,9.944526092238636,20.473449040025923,,1.969494759940315,,5.527831240806998,0.9825601750562336,2.7297932053367897,0.3715496073980318
hydrogen_central_nt333_tc15_A250_b7fcf216,hydrogen_central,333,15.0,250.0,4995.0,2.0,150.0,8.0,0.17400015521352075,0.5496450978030708,939148.5505499117,,5.0,,18579301.465016447,471077623.352344,0.26673358499006117,,,80.20290557374408,15255997169.285841,1262303282.7567196,227810678.26811963,1490113961.0248392,37.51855819201961,10.143618995961766,32.54072838576271,29.816841865776947,7.701716326242662,0.42445553392053403,9.861255430683382,20.302014259718867,,1.953003161439927,,6.09060427791566,0.9743326904042869,2.7069352346291824,0.37174679301263663
hydrogen_central_nt333_tc15_A275_ed34a796,hydrogen_central,333,15.0,275.0,4995.0,1.0,150.0,8.0,0.16670355735460018,0.5545004731026059,984987.3095629204,,4.0,,17466192.378935613,442854776.34218085,0.5406037478789709,,,82.14018492743885,14715878954.503132,1217613120.0599453,217063151.9240492,1434676271.9839945,39.9095915159486,7.522338104009391,34.708255307480876,31.717049814880866,8.192541701067729,0.45150580917194116,10.99892764086109,21.595848430782365,,1.6619734266654775,,3.2393772646173544,1.036426279380357,2.879446457437649,0.3670881025740307
hydrogen_central_nt333_tc15_A275_f16938af,hydrogen_central,333,15.0,275.0,4995.0,1.2,150.0,8.0,0.16670355735460018,0.5545004731026059,984987.3095629204,,4.0,,17864726.653672073,452959600.75233454,0.45032536156362263,,,80.9501839202664,14827583010.070442,1226855675.2646441,219297233.03539538,1446152908.3000395,39.01927058251481,7.996945240172788,33.93396809757881,31.009491748653442,8.009778833861356,0.4414334165915234,10.753558666837165,21.114078630520055,,1.6248973836300666,,3.80053415349361,1.0133052205711108,2.8152104840693406,0.3678953820387268
hydrogen_central_nt333_tc15_A275_5667db2c,hydrogen_central,333,15.0,275.0,4995.0,1.4,150.0,8.0,0.16670355735460018,0.5545004731026059,984987.3095629204,,5.0,,18159833.481520046,460442025.3935103,0.3857822904881736,,,80.66381124580873,15024291842.959736,1243131648.7554693,221709731.4531813,1464841380.2086506,38.3851869507312,8.496478007135467,33.782146287942076,30.505571227992533,7.879615722738665,0.4342598918227537,10.578807692965253,20.77096376804479,,1.9981149351092706,,4.361902391289406,0.9968384787593627,2.7694618357393055,0.36827530134739306
hydrogen_central_nt333_tc15_A275_9f38f240,hydrogen_central,333,15.0,275.0,4995.0,1.6,150.0,8.0,0.16670355735460018,0.5545004731026059,984987.3095629204,,5.0,,18388091.601550043,466229503.0818976,0.3371819669894631,,,80.28258955067304,15135271693.647953,1252314282.2004745,223929328.46694562,1476243610.6674201,37.908697557474355,9.011095867815836,33.36279612538284,30.12689439247167,7.781803165002683,0.42886926463534425,10.447489076086514,20.51312618252257,,1.9733116021384116,,4.923150283805416,0.9844643573950775,2.7350834910030093,0.36839773561233324
hydrogen_central_nt333_tc15_A275_60a13f61,hydrogen_central,333,15.0,275.0,4995.0,1.8,150.0,8.0,0.16670355735460018,0.5545004731026059,984987.3095629204,,5.0,,18576769.847553883,471013434.26860756,0.2993621518616763,,,80.08016127312179,15246104419.676796,1261484742.3382585,226145982.98752245,1487630725.3257809,37.52367117117954,9.532549111568251,33.02394099037401,29.82090526528964,7.70276590588989,0.42451337815559603,10.341377306914769,20.30478099119301,,1.953269314110629,,5.482290867622112,0.9744654711661533,2.707304132159068,0.3684886406209176
hydrogen_central_nt333_tc15_A275_2e87dd15,hydrogen_central,333,15.0,275.0,4995.0,2.0,150.0,8.0,0.16670355735460018,0.5545004731026059,984987.3095629204,,5.0,,18733020.750354916,474975171.15504354,0.2690717852115025,,,80.01956169634384,15356842439.11446,1270647366.3156388,228360743.37627575,1499008109.6919146,37.21068868025933,10.060382561027726,32.74849045505678,29.572171041795155,7.638517638464172,0.42097253978938265,10.255120554096036,20.13542013886005,,1.9369772223113095,,6.040626041658014,0.9663375183043459,2.68472268518134,0.36869631588402474
hydrogen_central_nt333_tc15_A300_cd248569,hydrogen_central,333,15.0,300.0,4995.0,1.0,150.0,8.0,0.1603410998272693,0.5587342433774437,1028785.691968935,,4.0,,17588948.60700566,445967256.7699204,0.5447367562765544,,,82.05007338461175,14812235395.796364,1225585791.4500577,217588732.5129214,1443174523.962979,39.631055770135866,7.469838442287259,34.94917917218865,31.495691194318763,8.1353645758171,0.44835467425625974,11.405322887597451,21.44512737550113,,1.650374234833804,,3.2167691063251693,1.0291928862099016,2.859350316733484,0.3645261330187026
hydrogen_central_nt333_tc15_A300_449bce1e,hydrogen_central,333,15.0,300.0,4995.0,1.2,150.0,8.0,0.1603410998272693,0.5587342433774437,1028785.691968935,,4.0,,17992581.078647636,456201345.8074959,0.45378949998569373,,,80.84727554765918,14923939451.363674,1234828346.6547568,219822813.62426758,1454651160.2790244,38.74200150247083,7.940119327827353,34.16515471736101,30.78913977586097,7.952861726609851,0.43829661173864515,11.149464173004304,20.964042992476017,,1.6133509401420414,,3.7735277386456834,1.0061047218914299,2.795205732330136,0.36528113496010467
hydrogen_central_nt333_tc15_A300_fe26f972,hydrogen_central,333,15.0,300.0,4995.0,1.4,150.0,8.0,0.1603410998272693,0.5587342433774437,1028785.691968935,,5.0,,18290049.86851847,463743657.9238963,0.3887419509169713,,,80.5541615675747,15120648284.252968,1251104320.1455817,222235312.04205346,1473339632.1876352,38.11190282111345,8.43598715685052,34.00627158961073,30.28838618491238,7.823516636201065,0.4311681695727877,10.96812964198367,20.623084463406837,,1.9838893146474388,,4.330847737315436,0.9897414666649083,2.7497445951209114,0.3656533577492645
hydrogen_central_nt333_tc15_A300_a0cd169a,hydrogen_central,333,15.0,300.0,4995.0,1.6,150.0,8.0,0.1603410998272693,0.5587342433774437,1028785.691968935,,5.0,,18520461.8300332,469585746.19759643,0.3397683855285131,,,80.16764788439096,15231628134.941185,1260286953.590587,224454909.05581778,1484741862.6464047,37.63775491018872,8.946691382125735,33.583201592076506,29.911570178053182,7.726184732135529,0.4258040320795812,10.831675794981907,20.3665138990599,,1.959207865955119,,4.8879633357743755,0.9774281520823896,2.71553518654132,0.36576470772765035
hydrogen_central_nt333_tc15_A300_0e0d47aa,hydrogen_central,333,15.0,300.0,4995.0,1.8,150.0,8.0,0.1603410998272693,0.5587342433774437,1028785.691968935,,5.0,,18708776.445751395,474360457.5494776,0.30162617018012416,,,79.96936526784593,15342460860.970028,1269457413.7283711,226671563.57639462,1496128977.3047657,37.2589092185445,9.465288733316491,33.24516731598494,29.610492987893746,7.6484162306507475,0.42151806913032946,10.72264873643371,20.161513200615417,,1.9394873098054846,,5.443608564166162,0.9675897744960597,2.688201760082056,0.36588863457221416
hydrogen_central_nt333_tc15_A300_d87d1b9e,hydrogen_central,333,15.0,300.0,4995.0,2.0,150.0,8.0,0.1603410998272693,0.5587342433774437,1028785.691968935,,5.0,,18870527.804778595,478461658.33617127,0.27115926152588327,,,79.88681489285914,15453198880.407692,1278620037.7057512,228886323.9651479,1507506361.6708992,36.939539285476464,9.987073876360625,32.96020173102205,29.356682520491542,7.582856764984919,0.41790496825463025,10.630738058394794,19.988695980345696,,1.9228627240269351,,5.996608794103708,0.9592959438928729,2.6651594640460927,0.3660096743179507
hydrogen_central_nt333_tc15_A325_95e76eab,hydrogen_central,333,15.0,325.0,4995.0,1.0,150.0,8.0,0.15468310310887623,0.5624992442782061,1070794.0978544848,,4.0,,17696775.69056745,448701209.19288665,0.5483790216848374,,,82.01072839797662,14904653888.744576,1233232631.295494,218092833.38354796,1451325464.679042,39.3895823380888,7.424324451038621,35.196821608849184,31.303786827917357,8.08579551017144,0.4456228332829848,11.796418877795341,21.314461451835506,,1.6403184459353495,,3.197169217775326,1.0229219773571832,2.8419281935780676,0.3623050623280449
hydrogen_central_nt333_tc15_A325_985b5908,hydrogen_central,333,15.0,325.0,4995.0,1.2,150.0,8.0,0.15468310310887623,0.5624992442782061,1070794.0978544848,,4.0,,18105478.14193115,459063847.41204745,0.4568529077029427,,,80.79334274013614,15016357944.311882,1242475186.5001926,220326914.49489415,1462802100.9950867,38.50042499390987,7.8906085583682275,34.40230918785806,30.597153492236117,7.903271501673745,0.4355636046385559,11.530133432314488,20.83332129212398,,1.603290858781036,,3.749997832582317,0.9998311362083122,2.7777761722831973,0.3630034172944023
hydrogen_central_nt333_tc15_A325_fa21de1b,hydrogen_central,333,15.0,325.0,4995.0,1.4,150.0,8.0,0.15468310310887623,0.5624992442782061,1070794.0978544848,,5.0,,18405594.85237822,466673297.47409284,0.39136955033637,,,80.49131716665337,15213066777.20118,1258751159.9910178,222739412.9126801,1481490572.903698,37.872647353868345,8.38302847729155,34.235641335493476,30.09824448501392,7.77440286885442,0.42846142091327954,11.342126158196157,20.493618723202594,,1.9714350331814503,,4.303659931872544,0.9835281569235855,2.7324824964270125,0.363357892068407
hydrogen_central_nt333_tc15_A325_ecfcf67d,hydrogen_central,333,15.0,325.0,4995.0,1.6,150.0,8.0,0.15468310310887623,0.5624992442782061,1070794.0978544848,,5.0,,18639204.63602338,472596466.4306131,0.34208679492463184,,,80.09423323124004,15324046627.889395,1267933793.4360228,224959009.9264444,1492892803.3624673,37.39798005302722,8.889695643316765,33.80655753489606,29.721015707308773,7.676964345718441,0.4230914074500225,11.19997247247657,20.236767106971012,,1.9467265479984546,,4.856824105673042,0.9712013541208635,2.698235614262802,0.36343456926005613
hydrogen_central_nt333_tc15_A325_00e79ad8,hydrogen_central,333,15.0,325.0,4995.0,1.8,150.0,8.0,0.15468310310887623,0.5624992442782061,1070794.0978544848,,5.0,,18828172.58252949,477387742.9647436,0.3036697683906994,,,79.89516302907897,15434879353.918236,1277104253.573807,227175664.44702125,1504279918.0208282,37.0226372276351,9.40526597203716,33.4672598294067,29.422722323727974,7.599914903907125,0.418845073181534,11.087564548140213,20.033661876903437,,1.9271883311815163,,5.409088706763927,0.9614539437055551,2.6711549169204583,0.3635684046472203
hydrogen_central_nt333_tc15_A325_d71b2dbf,hydrogen_central,333,15.0,325.0,4995.0,2.0,150.0,8.0,0.15468310310887623,0.5624992442782061,1070794.0978544848,,5.0,,18992764.04037954,481560954.370678,0.27301568001236765,,,79.80182869458076,15545617373.355902,1286266877.551187,229390424.83577454,1515657302.3869615,36.70179873241689,9.92279769661557,33.17723226554831,29.167744756961824,7.53405397545506,0.4152153581457607,10.991479617631676,19.860049989377,,1.9104873003938758,,5.9580149968131,0.9531219754931488,2.648006665250267,0.36365405905905335
hydrogen_central_nt400_tc15_A50_ad1566ae,hydrogen_central,400,15.0,50.0,6000.0,1.0,150.0,8.0,0.42542967825025124,0.38233634387003945,500000.0000000001,,5.0,,14889710.482557138,377528156.25144875,0.3723409925212445,,,106.7332946155729,16158735677.939201,1336997173.3165712,252230682.35878405,1589227855.6753552,56.2347833722564,10.480573814982574,40.017937428333944,44.69104688365781,11.543736488598594,0.555695473045034,6.595570921786773,30.429724086747868,,2.4369469467542646,,4.56445861301218,1.3571250192088649,4.057296544899716,0.501693637861813
hydrogen_central_nt400_tc15_A50_0e3d6fae,hydrogen_central,400,15.0,50.0,6000.0,1.2,150.0,8.0,0.42542967825025124,0.38233634387003945,500000.0000000001,,5.0,,15167196.956162779,384563817.34692645,0.3099806759320659,,,105.6891353137358,16292859501.80414,1348094772.5938869,254913158.83608282,1603007931.4299698,55.20595835092614,11.197374573669483,39.285802389140194,43.873416504271745,11.332541846654392,0.5455289289130129,6.474903818841368,29.873007057620523,,2.3923625837652875,,5.377141270371695,1.3322961838669962,3.9830676076827363,0.5048695117480564
hydrogen_central_nt400_tc15_A50_c81291ff,hydrogen_central,400,15.0,50.0,6000.0,1.4,150.0,8.0,0.42542967825025124,0.38233634387003945,500000.0000000001,,5.0,,15374035.020861277,389808190.18410945,0.26534844443831096,,,105.16009439001117,16426467144.15742,1359149662.265961,257585311.6831484,1616734973.9491093,54.46323247774858,11.939599969743705,38.7572619425189,43.283155551363734,11.180076926384851,0.5381895318230294,6.387792232769084,29.47110378641432,,2.360176391512462,,6.188931795147007,1.3143718351906521,3.9294805048552433,0.5068158345508044
hydrogen_central_nt400_tc15_A50_3ed6da71,hydrogen_central,400,15.0,50.0,6000.0,1.6,150.0,8.0,0.42542967825025124,0.38233634387003945,500000.0000000001,,5.0,,15536793.624274302,393934929.6215594,0.23184826376209383,,,104.93982213754698,16559747197.693531,1370177446.7652485,260250912.75387064,1630428359.5191193,53.892692643738826,12.695876537340379,38.351252956467775,42.82973471568743,11.062957928051398,0.5325516261721382,6.3208757139660205,29.162373696454004,,2.335451919875612,,6.9989696871489615,1.3006028858543608,3.888316492860534,0.5079874714765215
hydrogen_central_nt400_tc15_A50_4f69f04e,hydrogen_central,400,15.0,50.0,6000.0,1.8,150.0,8.0,0.42542967825025124,0.38233634387003945,500000.0000000001,,5.0,,15670713.791776506,397330471.3939277,0.2058057315046885,,,104.91570983284412,16692855129.48077,1381190989.6619568,262913071.38961542,1644104061.0515723,53.432131719591155,13.460070675470163,38.023507437782804,42.46371659274719,10.968415126843967,0.5280004995337353,6.266858217020913,28.913155312270355,,2.3154934089577996,,7.806551934312995,1.2894880790471006,3.8550873749693806,0.5089432871406898
hydrogen_central_nt400_tc15_A50_f2c76941,hydrogen_central,400,15.0,50.0,6000.0,2.0,150.0,8.0,0.42542967825025124,0.38233634387003945,500000.0000000001,,6.0,,15782145.49749544,400155818.90201426,0.18498888323431525,,,105.50056988993316,16911296293.13266,1399265127.6489584,265760216.4226532,1665025344.0716116,53.05486783118906,14.230835175632725,38.214866883111384,42.16389649719388,10.890971333995171,0.5242724895307334,6.2226103230490715,28.709010558017894,,2.758973512513689,,8.612703167405368,1.2803834958853717,3.827868074402386,0.5098804379395991
hydrogen_central_nt400_tc15_A75_085c47f4,hydrogen_central,400,15.0,75.0,6000.0,1.0,150.0,8.0,0.34298599593877066,0.4371968454952581,612372.4356957946,,5.0,,16849001.12696724,427205910.9271613,0.4259461757709422,,,95.61585284729102,16405955036.46995,1357452460.7928066,253579151.5871336,1611031612.3799403,49.69550640732437,9.261837459693306,36.65850898027335,39.49413643251554,10.201369974808834,0.4910762749528943,7.122671385254025,26.89119540686539,,2.153565913201042,,4.0336793110298075,1.1993113699964488,3.585492720915385,0.4433540577516626
hydrogen_central_nt400_tc15_A75_1406e5ec,hydrogen_central,400,15.0,75.0,6000.0,1.2,150.0,8.0,0.34298599593877066,0.4371968454952581,612372.4356957946,,5.0,,17189233.27676113,435832486.7332944,0.3547087381722506,,,94.52496583027984,16540078860.33489,1368550060.0701225,256261628.06443235,1624811688.1345549,48.711866898346464,9.880183881172792,35.93291505076057,38.71241599587138,9.999450902475084,0.48135624067039484,6.981690007046967,26.35892912852157,,2.1109396745216347,,4.744607243133883,1.1755730054564901,3.514523883802876,0.445479748779543
hydrogen_central_nt400_tc15_A75_40b2b86f,hydrogen_central,400,15.0,75.0,6000.0,1.4,150.0,8.0,0.34298599593877066,0.4371968454952581,612372.4356957946,,5.0,,17441045.399122592,442217175.4341428,0.3037165080634436,,,93.94727742272403,16673686502.68817,1379604949.7421966,258933780.91149795,1638538730.6536946,48.008569687247025,10.5245886281076,35.41411910736939,38.15348988733946,9.855079799907564,0.47440646594065045,6.880889043680818,25.978361465567012,,2.080462132180907,,5.455455907769072,1.1586001963891084,3.4637815287422686,0.4467509952071499
hydrogen_central_nt400_tc15_A75_eb7c6f74,hydrogen_central,400,15.0,75.0,6000.0,1.6,150.0,8.0,0.34298599593877066,0.4371968454952581,612372.4356957946,,5.0,,17639346.145477455,447245084.8244791,0.2654088402377356,,,93.66742409821802,16806966556.22428,1390632734.241484,261599381.98222017,1652232116.223704,47.468859477928895,11.182569467887978,35.015995152401146,37.724570047663775,9.744289430265123,0.469073209509503,6.80353439449521,25.68631387915355,,2.0570736692428815,,6.164715330996852,1.1455752644116974,3.4248418505538063,0.4474370219256226
hydrogen_central_nt400_tc15_A75_47855b8d,hydrogen_central,400,15.0,75.0,6000.0,1.8,150.0,8.0,0.34298599593877066,0.4371968454952581,612372.4356957946,,5.0,,17802867.21571558,451391156.5850806,0.23562188209569027,,,93.57525378190586,16940074488.011518,1401646277.1381922,264261540.61796495,1665907817.7561572,47.03285337785744,11.848030579376458,34.694369824671966,37.37806619557519,9.654787182282258,0.464764726369702,6.741043268087905,25.450382583082106,,2.0381792471322493,,6.871603297432168,1.1350530439735447,3.3933843444109475,0.4479898935598001
hydrogen_central_nt400_tc15_A75_448d1e02,hydrogen_central,400,15.0,75.0,6000.0,2.0,150.0,8.0,0.34298599593877066,0.4371968454952581,612372.4356957946,,6.0,,17940479.709953785,454880317.18949765,0.21181137964069696,,,94.02363415289868,17158515651.663406,1419720415.1251936,267108685.65100276,1686829100.7761965,46.67208775903869,12.518790741593293,34.832755652266705,37.09135764585229,9.580730113186398,0.46119974738008296,6.689336078933172,25.255165360176335,,2.4270544657771174,,7.5765496080529,1.1263466167765503,3.3673553813568446,0.4485391354069973
hydrogen_central_nt400_tc15_A100_84cc1b04,hydrogen_central,400,15.0,100.0,6000.0,1.0,150.0,8.0,0.2963199360277793,0.4682498429331587,707106.7811865476,,5.0,,17949609.88915825,455111812.6054323,0.45629396602852185,,,90.77707201588737,16614370596.549606,1374697065.8321798,254715963.73302263,1629413029.5652025,46.64834771523173,8.693933225279585,35.43479107537606,37.07249089920238,9.575856816029349,0.46096515529877113,7.7099901466947465,25.242319165356466,,2.021516608026081,,3.7863478748034693,1.1257736936589442,3.365642555380862,0.41616910143630825
hydrogen_central_nt400_tc15_A100_6c0e792a,hydrogen_central,400,15.0,100.0,6000.0,1.2,150.0,8.0,0.2963199360277793,0.4682498429331587,707106.7811865476,,5.0,,18326371.0757511,464664581.0281719,0.38003319179920003,,,89.66276512288023,16748494420.414543,1385794665.1094954,257398440.21032137,1643193105.3198168,45.68933151037916,9.267125763675706,34.70630784882537,36.31033915604481,9.378992354334354,0.45148844121443593,7.551484950860778,24.72337703099802,,1.979957425752138,,4.450207865579643,1.1026295681305038,3.296450270799736,0.4178380591658227
hydrogen_central_nt400_tc15_A100_4fee940e,hydrogen_central,400,15.0,100.0,6000.0,1.4,150.0,8.0,0.2963199360277793,0.4682498429331587,707106.7811865476,,5.0,,18604776.956885982,471723553.67357975,0.32544832802574464,,,89.0588557808912,16882102062.767822,1396849554.7815695,260070593.057387,1656920147.8389564,45.00562653358271,9.866274048610672,34.18695519869782,35.766983436679226,9.238643096903491,0.44473227114102926,7.438482907004344,24.35341110327442,,1.950328917278025,,5.1142163316876275,1.0861295822832062,3.2471214804365895,0.4188066542032478
hydrogen_central_nt400_tc15_A100_d755de48,hydrogen_central,400,15.0,100.0,6000.0,1.6,150.0,8.0,0.2963199360277793,0.4682498429331587,707106.7811865476,,5.0,,18823606.00428883,477271957.51239425,0.28442047432067225,,,88.75098283656853,17015382116.303936,1407877339.280857,262736194.12810922,1670613533.4089663,44.4824250609282,10.479034335662407,33.78952343997792,35.35118346125801,9.131241599670195,0.43956214915585157,7.352008714530743,24.070296712146323,,1.9276558641450101,,5.776871210915118,1.0735030588746237,3.209372894952843,0.41928717091982226
hydrogen_central_nt400_tc15_A100_bf67da6c,hydrogen_central,400,15.0,100.0,6000.0,1.8,150.0,8.0,0.2963199360277793,0.4682498429331587,707106.7811865476,,5.0,,19004083.971902158,481847970.8900142,0.25251375837766105,,,88.62775166809766,17148490048.091175,1418890882.1775653,265398352.76385397,1684289234.9414194,44.05998440652054,11.099136137487005,33.46863112409011,35.01546037388127,9.04452403263927,0.4353877157321366,7.282188164767029,23.841705939927,,1.9093493036639484,,6.43726060378029,1.0633082159882823,3.1788941253236,0.41967319239483414
hydrogen_central_nt400_tc15_A100_85daff50,hydrogen_central,400,15.0,100.0,6000.0,2.0,150.0,8.0,0.2963199360277793,0.4682498429331587,707106.7811865476,,6.0,,19149181.267589547,485526908.4074429,0.22692702185953542,,,89.04874282262756,17366931211.743065,1436965020.164567,268245497.79689178,1705210517.9614587,43.72613281798109,11.728601246928559,33.594008757717916,34.75014100923051,8.97599180875058,0.4320886932180427,7.227009523203759,23.66105241703658,,2.2738581242595406,,7.0983157251109725,1.055251310344843,3.15480698893821,0.42022722253453226
hydrogen_central_nt400_tc15_A125_b8782175,hydrogen_central,400,15.0,125.0,6000.0,1.0,150.0,8.0,0.2658452353533518,0.4885286237809262,790569.4150420949,,5.0,,18663568.51720053,473214211.8965652,0.47607350158500483,,,88.17217252337501,16797988391.031809,1389889867.8611462,255717515.3392892,1645607383.2004354,44.863855628173894,8.361354349375372,34.94696254582576,35.654314910183395,9.209540717990498,0.4433313330450528,8.282749832926655,24.27669613655069,,1.9441852433033677,,3.6415044204826033,1.0827081973113362,3.236892818206759,0.4002489133746726
hydrogen_central_nt400_tc15_A125_f7658758,hydrogen_central,400,15.0,125.0,6000.0,1.2,150.0,8.0,0.2658452353533518,0.4885286237809262,790569.4150420949,,5.0,,19064307.04744179,483374925.1379765,0.39653004756581034,,,87.04158272449355,16932112214.89675,1400987467.138462,258399991.81658795,1659387458.95505,43.920801389661555,8.908416399722427,34.21236493510957,34.90484850060921,9.015952889052345,0.43401235038430014,8.108643478777868,23.76639132952753,,1.903317776419871,,4.277950439314956,1.059949285036634,3.1688521772703373,0.40166449810049876
hydrogen_central_nt400_tc15_A125_89f07f44,hydrogen_central,400,15.0,125.0,6000.0,1.4,150.0,8.0,0.2658452353533518,0.4885286237809262,790569.4150420949,,5.0,,19359800.460216217,490867151.6282003,0.33959969938263984,,,86.42209432439077,17065719857.250029,1412042356.8105361,261072144.66365355,1673114501.4741898,43.25042735760018,9.481493801918242,33.69017316487235,34.37208718279426,8.878340174805922,0.42738791275825894,7.984879252000895,23.403639032688197,,1.874266967425001,,4.914764196864521,1.0437710174843977,3.1204852043584266,0.402473383210897
hydrogen_central_nt400_tc15_A125_6d5935c4,hydrogen_central,400,15.0,125.0,6000.0,1.6,150.0,8.0,0.2658452353533518,0.4885286237809262,790569.4150420949,,5.0,,19591263.186728235,496735882.0164361,0.29679412627051494,,,86.10000646547888,17198999910.78614,1423070141.3098238,263737745.73437577,1686807887.0441995,42.739441325531466,10.068427531183875,33.29213760876354,33.96599509269218,8.773446232839285,0.42233850013884594,7.890541183805812,23.12713465167009,,1.8521232731487949,,5.550512316400822,1.031439291691197,3.083617953556012,0.40285796953584285
hydrogen_central_nt400_tc15_A125_47a509fe,hydrogen_central,400,15.0,125.0,6000.0,1.8,150.0,8.0,0.2658452353533518,0.4885286237809262,790569.4150420949,,5.0,,19782889.627500195,501594564.59178996,0.26350150240614906,,,85.9572903956766,17332107842.57338,1434083684.206532,266399904.37012056,1700483588.5766525,42.32544684969874,10.662189353731446,32.96965419224641,33.636984373356086,8.688462476342657,0.41824752935012594,7.814109663876823,22.903114269309327,,1.8341827297101332,,6.183840852713518,1.02144828208336,3.0537485692412436,0.40315164969332534
hydrogen_central_nt400_tc15_A125_e2c52112,hydrogen_central,400,15.0,125.0,6000.0,2.0,150.0,8.0,0.2658452353533518,0.4885286237809262,790569.4150420949,,6.0,,19944603.488271594,505694814.61134875,0.2368886426604202,,,86.30930530200627,17550549006.22527,1452157822.1935337,269247049.40315837,1721404871.596692,41.982265726897054,11.26084614441112,33.066193430698085,33.36425061803619,8.61801510886087,0.41485631514177723,7.75075168120348,22.717412355788884,,2.183173078563945,,6.815223706736664,1.0131662249659472,3.0289883141051845,0.40346789860332316
hydrogen_central_nt400_tc15_A150_ca9d0358,hydrogen_central,400,15.0,150.0,6000.0,1.0,150.0,8.0,0.24405182027468109,0.5030306165330863,866025.4037844386,,5.0,,19175570.030722447,486195994.693774,0.49029078603309534,,,86.58142602006178,16963991566.264965,1403625210.803312,256622987.20419732,1660248198.0075095,43.66595841065955,8.138100173613486,34.77736743578877,34.702319054605006,8.963639356054546,0.43149406754801223,8.825108382885247,23.628490886573182,,1.8922740987823203,,3.5442736329859774,1.0537991096107968,3.150465451543091,0.38956197947362003
hydrogen_central_nt400_tc15_A150_c090a436,hydrogen_central,400,15.0,150.0,6000.0,1.2,150.0,8.0,0.24405182027468109,0.5030306165330863,866025.4037844386,,5.0,,19594769.49741511,496824784.41721886,0.40840403381827234,,,85.43240449870856,17098115390.129906,1414722810.080628,259305463.68149608,1674028273.762124,42.731793480534336,8.667251001507221,34.03336001666701,33.95991717829775,8.771876302236581,0.4222629263998075,8.636308982713762,23.122996255482445,,1.851791852070996,,4.16213932598684,1.0312547247529742,3.083066167397659,0.39079078336974876
hydrogen_central_nt400_tc15_A150_33cedf4e,hydrogen_central,400,15.0,150.0,6000.0,1.4,150.0,8.0,0.24405182027468109,0.5030306165330863,866025.4037844386,,5.0,,19903383.85400159,504649692.0385799,0.3498014609626507,,,84.79740574072981,17231723032.483185,1425777699.752702,261977616.52856168,1687755316.2812636,42.0692104219189,9.222543735095032,33.5056515837159,33.43334752227399,8.63586289964491,0.41571547686574245,8.502397635802451,22.764459804390356,,1.823078666657347,,4.780536558921974,1.0152644782857927,3.0352613072520476,0.3914813906352187
hydrogen_central_nt400_tc15_A150_fa75d954,hydrogen_central,400,15.0,150.0,6000.0,1.6,150.0,8.0,0.24405182027468109,0.5030306165330863,866025.4037844386,,5.0,,20139808.959292244,510644243.38976276,0.3056530800410278,,,84.48186898348145,17365003086.019295,1436805484.2519894,264643217.5992839,1701448701.8512733,41.57535183946656,9.794194872385502,33.112322271629395,33.04086700152279,8.534484837943772,0.4108353126304412,8.402586348598549,22.49722341614971,,1.8016771942506913,,5.399333619875931,1.0033460925820479,2.9996297888199615,0.391885371107562
hydrogen_central_nt400_tc15_A150_cd5a6b89,hydrogen_central,400,15.0,150.0,6000.0,1.8,150.0,8.0,0.24405182027468109,0.5030306165330863,866025.4037844386,,5.0,,20339064.133959424,515696352.2809184,0.27136885087126156,,,84.32661365770724,17498111017.806534,1447819027.1486976,267305376.23502868,1715124403.3837264,41.16805168356654,10.37063031922871,32.787931654912015,32.71717640877073,8.450875274795804,0.4068104931284985,8.32026895191211,22.276825459204048,,1.7840267506673557,,6.014742873985092,0.9935166383056702,2.9702433945605398,0.39212741237740906
hydrogen_central_nt400_tc15_A150_f5f4af72,hydrogen_central,400,15.0,150.0,6000.0,2.0,150.0,8.0,0.24405182027468109,0.5030306165330863,866025.4037844386,,6.0,,20503836.74545901,519874156.832125,0.24392016577864434,,,84.66930886914363,17716552181.458424,1465893165.1356993,270152521.26806647,1736045686.4037657,40.83721763184919,10.953711448295278,32.878379788999176,32.45425514848711,8.382962483362084,0.40354128901951325,8.253405736963371,22.097804783590913,,2.123627979425386,,6.629341435077273,0.98553255546819,2.946373971145455,0.3924634866043606
hydrogen_central_nt400_tc15_A175_c57ad4e3,hydrogen_central,400,15.0,175.0,6000.0,1.0,150.0,8.0,0.22729429857581107,0.5141815746249653,935414.3466934855,,5.0,,19566881.575399086,496117687.00301945,0.5011858212941854,,,85.53799491661312,17116647240.664871,1416256162.2113519,257455654.51910588,1673711816.7304578,42.7926974584931,7.975349019966512,34.7699484381535,34.00831893911434,8.784378519378762,0.42286476147078284,9.336699966405034,23.15595257066557,,1.8544311396121131,,3.473392885599835,1.0327245323578162,3.087460342755409,0.3817712592534512
hydrogen_central_nt400_tc15_A175_4205ef0f,hydrogen_central,400,15.0,175.0,6000.0,1.2,150.0,8.0,0.22729429857581107,0.5141815746249653,935414.3466934855,,5.0,,19999845.01246853,507095461.7765856,0.4174954625563133,,,84.37524847982755,17250771064.529808,1427353761.4886675,260138130.99640465,1687491892.4850721,41.86630661088647,8.491705082959152,34.017236785981936,33.27209530099849,8.594211309887983,0.4137104415034131,9.134575914652595,22.65466464531604,,1.8142857845098854,,4.077839636156887,1.0103677609529969,3.0206219527088054,0.38287573314046236
hydrogen_central_nt400_tc15_A175_65ca9953,hydrogen_central,400,15.0,175.0,6000.0,1.4,150.0,8.0,0.22729429857581107,0.5141815746249653,935414.3466934855,,5.0,,20314000.58907959,515060866.8630728,0.35753291561500183,,,83.74613004189604,17384378706.883087,1438408651.1607416,262810283.84347025,1701218935.004212,41.21884509112118,9.036123990692024,33.49116096008283,32.757543071933256,8.461302019187924,0.4073124185374007,8.993309897110594,22.304310750061877,,1.7862278943729544,,4.683905257512993,0.9947424455386591,2.9739081000082503,0.38356818763212125
hydrogen_central_nt400_tc15_A175_f1895263,hydrogen_central,400,15.0,175.0,6000.0,1.6,150.0,8.0,0.22729429857581107,0.5141815746249653,935414.3466934855,,5.0,,20562133.377926707,521352266.17461234,0.3124797439932161,,,83.40147829286852,17517658760.4192,1449436435.6600292,265475884.91419247,1714912320.5742216,40.72143819284201,9.593032493976208,33.08700760605031,32.36224262480436,8.359195568037643,0.40239719089607795,8.884783460445613,22.0351542998043,,1.7646726549043166,,5.288437031953032,0.9827384276354838,2.93802057330724,0.3838364610804528
hydrogen_central_nt400_tc15_A175_32ca68f5,hydrogen_central,400,15.0,175.0,6000.0,1.8,150.0,8.0,0.22729429857581107,0.5141815746249653,935414.3466934855,,5.0,,20767718.62680355,526564873.9047554,0.27743445449328974,,,83.23437220859195,17650766692.20644,1460449978.5567377,268138043.54993725,1728588022.106675,40.31832569137092,10.156576124839466,32.75947039238156,32.04188005519374,8.276445636177181,0.3984137525548563,8.796830592258392,21.817022363303668,,1.7472036842646417,,5.8905960380919895,0.9730100348419912,2.9089363151071557,0.3840337367983313
hydrogen_central_nt400_tc15_A175_9153075d,hydrogen_central,400,15.0,175.0,6000.0,2.0,150.0,8.0,0.22729429857581107,0.5141815746249653,935414.3466934855,,6.0,,20941908.263100214,530981446.83316976,0.24942064468953087,,,83.541064316921,17869207855.85833,1478524116.543739,270985188.58297503,1749509305.1267142,39.982967786062694,10.724577171816112,32.833519359042185,31.77536358673466,8.207604199328037,0.39509984506461093,8.723660721481677,21.635553743405442,,2.0792050490904552,,6.490666123021632,0.9649167769615348,2.8847404991207255,0.3842537727122189
hydrogen_central_nt400_tc15_A200_552d6f7c,hydrogen_central,400,15.0,200.0,6000.0,1.0,150.0,8.0,0.21372529357021974,0.5232107979722366,1000000.0000000002,,5.0,,19881875.769947138,504104355.2217834,0.5099711401120122,,,84.81309646021538,17258735677.9392,1428012765.1277614,258230682.35878405,1686243447.4865453,42.114720620470024,7.848993304346293,34.849382535399066,33.46951550043919,8.645205120030827,0.4161651951681111,9.819080229786927,22.789086249127884,,1.8250508613161436,,3.4183629373691824,1.0163627848032026,3.0385448332170513,0.37572274895685676
hydrogen_central_nt400_tc15_A200_2f14588b,hydrogen_central,400,15.0,200.0,6000.0,1.2,150.0,8.0,0.21372529357021974,0.5232107979722366,1000000.0000000002,,5.0,,20325497.441348176,515352369.20254,0.4248171485658411,,,83.63994672931354,17392859501.804142,1439110364.4050772,260913158.83608282,1700023523.24116,41.19553018952717,8.355652108434173,34.08876443135219,32.73901419536004,8.456515994167125,0.4070820275855139,9.604770258002539,22.291694607879574,,1.7852175378845636,,4.012505029418324,0.9941797824611796,2.9722259477172766,0.3767413488373938
hydrogen_central_nt400_tc15_A200_4ed750a6,hydrogen_central,400,15.0,200.0,6000.0,1.4,150.0,8.0,0.21372529357021974,0.5232107979722366,1000000.0000000002,,5.0,,20651944.898299813,523629434.5410703,0.36388362768541405,,,82.98252654651357,17526467144.15742,1450165254.0771513,263585311.6831484,1713750565.7602997,40.54434812728699,8.888258659116685,33.549919760109894,32.22150516752709,8.322842959759893,0.4006472393207559,9.45294664813092,21.93932745545298,,1.7569984172052393,,4.607258765645125,0.9784646784680491,2.925243660727064,0.37729155427644817
hydrogen_central_nt400_tc15_A200_66e04dc5,hydrogen_central,400,15.0,200.0,6000.0,1.6,150.0,8.0,0.21372529357021974,0.5232107979722366,1000000.0000000002,,5.0,,20906638.4585275,530087182.01134634,0.3180412734641185,,,82.62657599197689,17659747197.69353,1461193038.5764387,266250912.75387064,1727443951.3303094,40.05041963695919,9.434955984493389,33.141200370524324,31.828969089415263,8.221450547543926,0.39576638427653543,9.337786832207819,21.67205323871484,,1.7355939153251252,,5.201292777291562,0.966544605663881,2.889607098495312,0.3775115030426335
hydrogen_central_nt400_tc15_A200_648728e9,hydrogen_central,400,15.0,200.0,6000.0,1.8,150.0,8.0,0.21372529357021974,0.5232107979722366,1000000.0000000002,,5.0,,21117396.29015673,535430940.4197954,0.2823806665139363,,,82.44954202400112,17792855129.48077,1472206581.473147,268913071.3896154,1741119652.8627625,39.650704658722944,9.988395930737697,32.81044143454047,31.511306607918634,8.139398050804308,0.39181651925360444,9.244592970714136,21.455759767456087,,1.718272177116646,,5.793055137213143,0.9568982059627209,2.860767968994145,0.3776746185676892
hydrogen_central_nt400_tc15_A200_b50cfc87,hydrogen_central,400,15.0,200.0,6000.0,2.0,150.0,8.0,0.21372529357021974,0.5232107979722366,1000000.0000000002,,6.0,,21289346.89996303,539790742.8996711,0.25379755806100623,,,82.7663217741011,18011296293.13266,1490280719.4601486,271760216.4226532,1762040935.8828018,39.33045233358803,10.54955383779771,32.886315602715364,31.25679488369875,8.073657449889282,0.3886518806324941,9.16992588927689,21.282465067848467,,2.0452727649575158,,6.38473952035454,0.9491694940012408,2.837662009046462,0.3779828143954676
hydrogen_central_nt400_tc15_A225_f46478ee,hydrogen_central,400,15.0,225.0,6000.0,1.0,150.0,8.0,0.2023517328735166,0.5307791067569974,1060660.1717798214,,5.0,,20148108.332501553,510854673.7449684,0.5173893946244618,,,84.27656752652068,17392188055.85481,1439054807.9955792,258958604.4201419,1698013412.4157212,41.55822619394542,7.745278475817321,34.973062856757934,33.027256865926965,8.530969328018456,0.4106660820738642,10.273505324519148,22.48795639960292,,1.8009350505620123,,3.3731934599404374,1.0029327960311747,2.9983941866137225,0.3707580332319858
hydrogen_central_nt400_tc15_A225_676c00fc,hydrogen_central,400,15.0,225.0,6000.0,1.2,150.0,8.0,0.2023517328735166,0.5307791067569974,1060660.1717798214,,5.0,,20601292.73774953,522345150.55145866,0.4310123485329818,,,83.09155692126389,17526311879.719746,1450152407.2728946,261641080.89744067,1711793488.1703353,40.64403404782084,8.24379264508848,34.20373022835458,32.30072781018809,8.343306237632746,0.4016323060613939,10.04751016685737,21.99326942651204,,1.7613183289237793,,3.958788496772167,0.9808704182736745,2.9324359235349386,0.37169780650769996
hydrogen_central_nt400_tc15_A225_eaf7570b,hydrogen_central,400,15.0,225.0,6000.0,1.4,150.0,8.0,0.2023517328735166,0.5307791067569974,1060660.1717798214,,5.0,,20934867.426515643,530802926.6357922,0.369207154082005,,,82.42328434829106,17659919522.073025,1461207296.9449687,264313233.74450627,1725520530.689475,39.99641489975166,8.768139025204485,33.658730423334916,31.786050310365216,8.210364589386447,0.3952327254591706,9.887413854399297,21.6428302355475,,1.7332536079289547,,4.544994349464974,0.9652412987846677,2.885710698073,0.37219267888184343
hydrogen_central_nt400_tc15_A225_7d365e13,hydrogen_central,400,15.0,225.0,6000.0,1.6,150.0,8.0,0.2023517328735166,0.5307791067569974,1060660.1717798214,,5.0,,21192323.500145897,537330717.5493382,0.32266340534478627,,,82.06810906069414,17793199575.60914,1472235081.4442565,266978834.8152285,1739213916.259485,39.51051631768699,9.30776720346713,33.24982553954002,31.399895780916662,8.11062053677033,0.3904312195900193,9.767296079239177,21.379901156786886,,1.7121970839239398,,5.131176277628853,0.9535150133262017,2.8506534875715848,0.3724224249404888
hydrogen_central_nt400_tc15_A225_f42e881b,hydrogen_central,400,15.0,225.0,6000.0,1.8,150.0,8.0,0.2023517328735166,0.5307791067569974,1060660.1717798214,,5.0,,21401065.82323947,542623372.8001895,0.28641020295003755,,,81.90665045702868,17926307507.396378,1483248624.3409648,269640993.4509733,1752889617.791938,39.12513752249519,9.856000486822884,32.9255124477106,31.093626586459667,8.03151093603552,0.3866230204816844,9.672027549589165,21.171365270217517,,1.6954966074222406,,5.716268622958729,0.9442145915327144,2.822848702695669,0.3726685696357729
hydrogen_central_nt400_tc15_A225_e0a774a1,hydrogen_central,400,15.0,225.0,6000.0,2.0,150.0,8.0,0.2023517328735166,0.5307791067569974,1060660.1717798214,,6.0,,21582397.849458374,547221040.8077681,0.2574880068004034,,,82.18785109906092,18144748671.048267,1501322762.3279665,272488138.48401105,1773810900.8119774,38.796414064029925,10.40630947771858,32.985127557312424,30.83238266209386,7.964031401936062,0.38337467263007735,9.590764644260226,20.993486677252676,,2.017501563169443,,6.298046003175802,0.9362814440547396,2.7991315569670236,0.3728504735210131
hydrogen_central_nt400_tc15_A250_e16af0ab,hydrogen_central,400,15.0,250.0,6000.0,1.0,150.0,8.0,0.19272857397932652,0.5371826456256262,1118033.9887498948,,5.0,,20373078.862952307,516558794.6996022,0.5236658883841243,,,83.892362736561,17518410453.188972,1449498631.8075757,259647090.22378278,1709145722.0313585,41.0993178348144,7.659750931408605,35.13329397033798,32.66255207356628,8.43676576124812,0.4061312855934808,10.706482280654736,22.239632250170015,,1.7810481539197451,,3.335944837525502,0.9918578708984845,2.965284300022669,0.3666639229619493
hydrogen_central_nt400_tc15_A250_eab59046,hydrogen_central,400,15.0,250.0,6000.0,1.2,150.0,8.0,0.19272857397932652,0.5371826456256262,1118033.9887498948,,5.0,,20832396.573731285,528204781.28121924,0.43621669790999185,,,82.70415704156211,17652534277.05391,1460596231.084891,262329566.70108157,1722925797.7859726,40.19315014951465,8.152340272022556,34.35866662002491,31.942400237288975,8.250749912225674,0.39717680492610796,10.47042317366524,21.74928746734291,,1.7417791740906512,,3.914871744121724,0.969989149022593,2.8999049956457212,0.3675743832325185
hydrogen_central_nt400_tc15_A250_61474bf8,hydrogen_central,400,15.0,250.0,6000.0,1.4,150.0,8.0,0.19272857397932652,0.5371826456256262,1118033.9887498948,,5.0,,21171397.207887046,536800132.0458176,0.3736724839178013,,,82.0282583739042,17786141919.40719,1471651120.7569652,265001719.54814714,1736652840.3051124,39.549569413882935,8.670180161823797,33.808508798197465,31.43093215464093,8.118637259242,0.39081713071944996,10.302768669765547,21.401033539108145,,1.713889458604322,,4.49421704321271,0.9544574893303188,2.8534711385477527,0.36803449073301575
hydrogen_central_nt400_tc15_A250_5e6afde5,hydrogen_central,400,15.0,250.0,6000.0,1.6,150.0,8.0,0.19272857397932652,0.5371826456256262,1118033.9887498948,,5.0,,21430799.98597954,543377281.5917733,0.32653476782184576,,,81.674329797312,17919421972.943302,1482678905.256253,267667320.61886936,1750346225.8751223,39.07085335171843,9.204192739840357,33.399283705753206,31.0504857352686,8.020367616449832,0.3860866003845541,10.178061854493604,21.141991060165353,,1.6931441907096911,,5.074077854439685,0.9429045410285547,2.8189321413553805,0.36827820301673636
hydrogen_central_nt400_tc15_A250_8f0cb7d6,hydrogen_central,400,15.0,250.0,6000.0,1.8,150.0,8.0,0.19272857397932652,0.5371826456256262,1118033.9887498948,,5.0,,21648837.424779974,548905614.2185591,0.28991696872802664,,,81.48344840856986,18052529904.73054,1493692448.1529613,270329479.2546142,1764021927.4075754,38.677349135792035,9.743198262043421,33.0629010107344,30.737759086239492,7.939590049552544,0.38219810827519685,10.075552953199624,20.92905835198105,,1.6760915972785255,,5.650845755034883,0.9334080268682219,2.790541113597473,0.368403366542845
hydrogen_central_nt400_tc15_A250_550271d1,hydrogen_central,400,15.0,250.0,6000.0,2.0,150.0,8.0,0.19272857397932652,0.5371826456256262,1118033.9887498948,,6.0,,21833452.505933926,553586523.984126,0.2606461602764961,,,81.75267791213967,18270971068.38243,1511766586.139963,273176624.28765196,1784943210.427615,38.35030869417689,10.286651239957196,33.11571797800557,30.47785269321006,7.872456000966831,0.37896639149760813,9.990358042975492,20.752090471840393,,1.9943030716920767,,6.225627141552118,0.9255154959648664,2.766945396245386,0.3685632061948252
hydrogen_central_nt400_tc15_A275_40a0328c,hydrogen_central,400,15.0,275.0,6000.0,1.0,150.0,8.0,0.18448766503890957,0.5426663938722286,1172603.9399558576,,5.0,,20563985.471093554,521399225.940506,0.5290048199145638,,,83.62843849853267,17638464345.842087,1459432064.6158123,260301929.63825434,1719733994.2540667,40.71777062083719,7.588641317390568,35.32202656030491,32.35932792286035,8.358442697976843,0.4023609490358284,11.121982185446779,22.033169705973183,,1.764513719849122,,3.304975455895977,0.9826499174033997,2.9377559607964248,0.3632599832947663
hydrogen_central_nt400_tc15_A275_b2f17068,hydrogen_central,400,15.0,275.0,6000.0,1.2,150.0,8.0,0.18448766503890957,0.5426663938722286,1172603.9399558576,,5.0,,21031847.902047776,533261863.64218503,0.44070485954680894,,,82.42328862790497,17772588169.707027,1470529663.8931282,262984406.1155531,1733514070.0086813,39.811986438941965,8.075029181541316,34.53627300742168,31.639480865362366,8.172505573579597,0.3934102580355088,10.87456894593747,21.543032444222646,,1.7252613592260544,,3.877745839960076,0.9607904506901321,2.8724043258963525,0.36408856499475434
hydrogen_central_nt400_tc15_A275_2bf06127,hydrogen_central,400,15.0,275.0,6000.0,1.4,150.0,8.0,0.18448766503890957,0.5426663938722286,1172603.9399558576,,5.0,,21371529.759168882,541874486.7943429,0.3774598177477584,,,81.75554732006088,17906195812.060307,1481584553.5652022,265656558.9626187,1747241112.527821,39.179209579182626,8.588988721837405,33.98734901904085,31.1365988658142,8.042610713368427,0.38715734453021033,10.701727141135791,21.20062470125168,,1.6978398321231682,,4.452131187262853,0.9455195230460952,2.826749960166891,0.364588051361566
hydrogen_central_nt400_tc15_A275_566856ec,hydrogen_central,400,15.0,275.0,6000.0,1.6,150.0,8.0,0.18448766503890957,0.5426663938722286,1172603.9399558576,,5.0,,21639129.70469267,548659475.2711123,0.3299116288536603,,,81.37732534206094,18039475865.596416,1492612338.0644896,268322160.03334093,1760934498.0978305,38.69470052118753,9.115579800658402,33.56704502021501,30.751548622389624,7.943151898797909,0.38236956952635004,10.569384406512905,20.938447520720484,,1.6768435234552763,,5.025227404972917,0.9338267712436075,2.791793002762731,0.36473262167914605
hydrogen_central_nt400_tc15_A275_3599101b,hydrogen_central,400,15.0,275.0,6000.0,1.8,150.0,8.0,0.18448766503890957,0.5426663938722286,1172603.9399558576,,5.0,,21860773.40866703,554279244.641659,0.29292020553777387,,,81.17783238751804,18172583797.383656,1503625880.9611979,270984318.66908574,1774610199.6302836,38.30237969212233,9.648739833182246,33.22671286221346,30.439762437509636,7.8626172546126964,0.3784927712954465,10.462222712605971,20.726155165952957,,1.659842212359087,,5.596061894807297,0.9243588159897099,2.763487355460394,0.3648317669248458
hydrogen_central_nt400_tc15_A275_0a345fb3,hydrogen_central,400,15.0,275.0,6000.0,2.0,150.0,8.0,0.18448766503890957,0.5426663938722286,1172603.9399558576,,6.0,,22048414.55325498,559036880.1535239,0.26335085747869413,,,81.43585464222191,18391024961.035545,1521700018.9481995,273831463.7021235,1795531482.650323,37.97641056865032,10.186361053319153,33.27308302025246,30.18070744509902,7.795703123551301,0.37527164096643345,10.373184861835082,20.549766996687847,,1.9748595207630912,,6.164930099006353,0.916492139416511,2.739968932891713,0.3649698820045761
hydrogen_central_nt400_tc15_A300_7cbe6908,hydrogen_central,400,15.0,300.0,6000.0,1.0,150.0,8.0,0.17732518576251488,0.5474325226399696,1224744.8713915893,,5.0,,20731137.749753777,525637366.88016677,0.5336758726082204,,,83.44216230564868,17753174395.000698,1468923340.080232,260927620.81548312,1729850960.895715,40.38946890274562,7.527455158509731,35.52523824439334,32.09841916505309,8.291049737692532,0.39911676869767854,11.52031545956873,21.855519324845186,,1.7502866912817434,,3.2783278987267774,0.9747269478682998,2.9140692433126913,0.36033106860196246
hydrogen_central_nt400_tc15_A300_7206744c,hydrogen_central,400,15.0,300.0,6000.0,1.2,150.0,8.0,0.17732518576251488,0.5474325226399696,1224744.8713915893,,5.0,,21205057.290874843,537653582.4258327,0.44460563767363015,,,82.22713160981012,17887298218.865635,1480020939.3575475,263610097.2927819,1743631036.6503294,39.48678996602094,8.009069875225393,34.7312717685638,31.381039915719025,8.105750050301918,0.39019676281038845,11.26284373755088,21.36706237104811,,1.7111688971544194,,3.8460712267886596,0.9529424206437085,2.848941649473081,0.3611145783199433
hydrogen_central_nt400_tc15_A300_e14e6dbb,hydrogen_central,400,15.0,300.0,6000.0,1.4,150.0,8.0,0.17732518576251488,0.5474325226399696,1224744.8713915893,,5.0,,21549139.706175007,546377781.5967294,0.380811274975687,,,81.55119429969123,18020905861.218914,1491075829.0296216,266282250.1398475,1757358079.169469,38.85629101111067,8.518197504530265,34.1767057840503,30.879968218377098,7.976322792733575,0.38396635888611347,11.083006095343086,21.025887246252164,,1.6838460835689337,,4.415436321712954,0.9377264661226511,2.803451632833622,0.361583083861038
hydrogen_central_nt400_tc15_A300_c0ec5c10,hydrogen_central,400,15.0,300.0,6000.0,1.6,150.0,8.0,0.17732518576251488,0.5474325226399696,1224744.8713915893,,5.0,,21820089.929334823,553247716.261025,0.3328466930296398,,,81.16609374549304,18154185914.755028,1502103613.5289092,268947851.21056974,1771051464.739479,38.373794341540616,9.039981699375923,33.75231770457651,30.49651726528598,7.877277076254635,0.3791984697086179,10.945383244816806,20.76479900784641,,1.6629369822046711,,4.983551761883139,0.9260822796833817,2.7686398677128548,0.3617077900965481
hydrogen_central_nt400_tc15_A300_e5324e15,hydrogen_central,400,15.0,300.0,6000.0,1.8,150.0,8.0,0.17732518576251488,0.5474325226399696,1224744.8713915893,,5.0,,22044699.463191792,558942684.1580069,0.29553053064908386,,,80.95946915728676,18287293846.542267,1513117156.4256175,271610009.8463145,1784727166.271932,37.98281055544872,9.56823727738119,33.40842132445686,30.185793658522638,7.797016896926086,0.37533488374035645,10.833862675774391,20.553230152776578,,1.6459936121655303,,5.549372141249676,0.9166465915489077,2.740430687036877,0.3617878575457307
hydrogen_central_nt400_tc15_A300_b72da559,hydrogen_central,400,15.0,300.0,6000.0,2.0,150.0,8.0,0.17732518576251488,0.5474325226399696,1224744.8713915893,,6.0,,22235229.99276591,563773579.9382838,0.265701708179689,,,81.20664593437657,18505735010.19416,1531191294.4126196,274457154.8793523,1805648449.291972,37.657341243361664,10.100777521338062,33.44852716967684,29.927135877458777,7.7302053659028855,0.3721186923994098,10.741028844344713,20.377112441075763,,1.9582671918569483,,6.113133732322728,0.9087919770215588,2.7169483254767686,0.3619034865170044
hydrogen_central_nt400_tc15_A325_6f2be10a,hydrogen_central,400,15.0,325.0,6000.0,1.0,150.0,8.0,0.1710308190509875,0.551620983241509,1274754.878398196,,5.0,,20877968.362391282,529360252.5961278,0.5377806597240684,,,83.32010239472021,17863196410.415234,1478026720.8486083,261527740.89956242,1739554461.7481706,40.105417774773976,7.474516058625075,35.74016856132116,31.872677346266254,8.23274042850772,0.3963098595844649,11.904067639698575,21.70181379007876,,1.737977271959358,,3.2552720685118137,0.9678718864741271,2.8935751720105016,0.3577969316286323
hydrogen_central_nt400_tc15_A325_8b84ce50,hydrogen_central,400,15.0,325.0,6000.0,1.2,150.0,8.0,0.1710308190509875,0.551620983241509,1274754.878398196,,5.0,,21353639.317894056,541420875.2001536,0.4479670215612726,,,82.10940118453318,17997320234.28017,1489124320.1259236,264210217.37686116,1753334537.5027847,39.21203458562464,7.953341490059577,34.94402510884898,31.16268563656151,8.049348949063138,0.3874817115213972,11.638894141905155,21.218386944284862,,1.6992623111375629,,3.819309649971276,0.9463116953427905,2.829118259237982,0.35860188550752875
hydrogen_central_nt400_tc15_A325_0d98bbc8,hydrogen_central,400,15.0,325.0,6000.0,1.4,150.0,8.0,0.1710308190509875,0.551620983241509,1274754.878398196,,5.0,,21705157.322298452,550333603.506553,0.383756621084967,,,81.41206045102292,18130927876.63345,1500179209.7979977,266882370.22392678,1767061580.0219245,38.57699029907555,8.45696832988797,34.37810182205942,30.65800166195645,7.918988637119098,0.38120639197615386,11.45040065247841,20.874752253018528,,1.6717425245863258,,4.38369797313389,0.9309860474448275,2.78330030040247,0.3589840089067824
hydrogen_central_nt400_tc15_A325_f336fa57,hydrogen_central,400,15.0,325.0,6000.0,1.6,150.0,8.0,0.1710308190509875,0.551620983241509,1274754.878398196,,5.0,,21979066.869002856,557278571.7292814,0.3354261062540149,,,81.0204990141478,18264207930.169563,1511206994.2972856,269547971.294649,1780754965.5919347,38.096232585883364,8.97459454559968,33.94967188266475,30.275932696602315,7.820299889281049,0.37645568665052115,11.307702417335069,20.614604997392544,,1.6509087812866179,,4.947505199374211,0.9193838275797352,2.7486139996523393,0.35909151899339525
hydrogen_central_nt400_tc15_A325_8b95866b,hydrogen_central,400,15.0,325.0,6000.0,1.8,150.0,8.0,0.1710308190509875,0.551620983241509,1274754.878398196,,5.0,,22202935.319322586,562954749.4757248,0.29778465529919884,,,80.8195241447533,18397315861.956802,1522220537.1939938,272210129.93039376,1794430667.1243875,37.71211470104678,9.500046373995033,33.60736306971149,29.970665575958392,7.741449125088384,0.3726599474848461,11.193688761913462,20.406751413695286,,1.6342629466178915,,5.509822881697727,0.9101138355823177,2.720900188492705,0.359209468222286
hydrogen_central_nt400_tc15_A325_117234f6,hydrogen_central,400,15.0,325.0,6000.0,2.0,150.0,8.0,0.1710308190509875,0.551620983241509,1274754.878398196,,6.0,,22388826.339835763,567668010.644923,0.2676514272440747,,,81.0829439019957,18615757025.608692,1540294675.1809955,275057274.9634316,1815351950.144427,37.39899674742657,10.031482127899666,33.65246502666947,29.721823697210098,7.677173050216472,0.36956580860990706,11.100749266306376,20.23731725988701,,1.9448326918661745,,6.071195177966103,0.9025572988031415,2.698308967984935,0.35942068314548725
hydrogen_decentral_nt66_tc15_A50_bd393109,hydrogen_decentral,66,15.0,50.0,990.0,1.0,150.0,8.0,0.121245570478824,0.5847495824698424,,77781.74593052024,1.0,,3979312.5935468823,100895349.73496152,0.5845511656892561,0.8042854956836121,0.803803284443518,55.14599846825325,2286449129.1620154,189184109.66987368,30259056.518563543,219443166.18843722,34.718996792388566,11.811967643797816,8.61503403206686,27.591967468442366,7.127029323946198,1.593151964780473,3.2020600593199524,,,3.8198220079664362,,2.8755792368358915,9.316876727348289,-1.2780352163715074,0.8975468959851439
hydrogen_decentral_nt66_tc15_A50_d3aca8b6,hydrogen_decentral,66,15.0,50.0,990.0,1.2,150.0,8.0,0.121245570478824,0.5847495824698424,,77781.74593052024,1.0,,4121706.5887007834,104505745.14961419,0.49134211363642166,0.8335991907364562,0.8330392187100935,53.826779744583035,2309954993.6548576,191129018.91337338,30729173.808420386,221858192.72179377,33.519547837298816,11.989824377204606,8.31740753007961,26.63873841211926,6.880809425179557,1.5381128036295366,3.0914374046605317,,,3.687857321789542,,3.3314827510290863,8.995003427778533,-1.233882500381143,0.8972206987781293
hydrogen_decentral_nt66_tc15_A50_2f2dd927,hydrogen_decentral,66,15.0,50.0,990.0,1.4,150.0,8.0,0.121245570478824,0.5847495824698424,,77781.74593052024,1.0,,4174088.736655911,105833892.91723913,0.42115038311693287,0.8443939130967857,0.8438800083799746,53.710717272303754,2332682990.4674973,193009566.25936,31183733.74467318,224193300.00403318,33.09889891846221,12.398788976535158,8.213029377306372,26.304439257291158,6.794459661171053,1.5188104702258756,3.052641839510501,,,3.6415770675699957,,3.837953898428775,8.88212187922088,-1.218398062993262,0.8971112618787659
hydrogen_decentral_nt66_tc15_A50_f9eb07f3,hydrogen_decentral,66,15.0,50.0,990.0,1.6,150.0,8.0,0.121245570478824,0.5847495824698424,,77781.74593052024,1.0,,4220972.5984710185,107022631.8070745,0.3685065852273163,0.8540546346944553,0.8529766234620305,53.665655176654525,2355341421.3277287,194884357.61777532,31636902.361877806,226521259.97965312,32.7312575356,12.812593336980928,8.121804304073597,26.012266383269314,6.718991152330684,1.5019404957002882,3.018735047927332,,,3.6011287604459787,,4.337513557904823,8.783464954757267,-1.2048648771957842,0.8964797015146215
hydrogen_decentral_nt66_tc15_A50_0bdf0607,hydrogen_decentral,66,15.0,50.0,990.0,1.8,150.0,8.0,0.121245570478824,0.5847495824698424,,77781.74593052024,1.0,,4260156.079653659,108016127.7802652,0.3275614090909478,0.8621352778429392,0.8608779565140213,53.71734680782166,2377951786.200893,196755171.92686442,32089109.659341093,228844281.5862055,32.430206449735884,13.240037675306674,8.047102682779096,25.77301431567147,6.657192134064414,1.4881261527395246,2.990969739395384,,,3.568006790644189,,4.834820889769816,8.70267760158567,-1.1937829357456335,0.8963221196968215
hydrogen_decentral_nt66_tc15_A50_7b85a99c,hydrogen_decentral,66,15.0,50.0,990.0,2.0,150.0,8.0,0.121245570478824,0.5847495824698424,,77781.74593052024,1.0,,4294950.772777811,108898346.165766,0.29480526818185304,0.8693134552544168,0.8679751796325781,53.82216175768886,2400525476.887484,198622951.76068518,32540583.473072916,231163535.2337581,32.167479554581824,13.67277152908401,7.981910674023022,25.564219344217545,6.6032602103642795,1.4760703934179555,2.966738990375977,,,3.5391012902290906,,5.328502828674895,8.632174582453331,-1.1841117397055323,0.8962058576613149
hydrogen_decentral_nt66_tc15_A75_67ded012,hydrogen_decentral,66,15.0,75.0,990.0,1.0,150.0,8.0,0.1029698016132915,0.5969108278125926,,95262.79441628825,1.0,,4057966.0765940053,102889606.40451331,0.5966908769031316,0.802852052142998,0.8022588151617921,54.78108345435845,2320799389.4365497,192026299.91328746,30273478.3835643,222299778.29685175,34.0460562172137,11.583022310276348,9.152004926868399,27.057166461101904,6.988889756111798,1.562272714267239,3.843947862879216,,,3.745784349721943,,2.8198433537639054,9.136292466195053,-1.2532637127839579,0.8801502031013486
hydrogen_decentral_nt66_tc15_A75_459ce21c,hydrogen_decentral,66,15.0,75.0,990.0,1.2,150.0,8.0,0.1029698016132915,0.5969108278125926,,95262.79441628825,1.0,,4204342.1370171495,106600966.96290949,0.5019319022099409,0.8323475679163058,0.8319199591790416,53.448267887550294,2344305253.929392,193971209.15678716,30743595.673421144,224714804.8302083,32.860727473831204,11.754166650183807,8.833373763535285,26.11515905454027,6.745568419290931,1.5078814878236053,3.7101190910277855,,,3.615373184683894,,3.2660030886072455,8.818208339239563,-1.209630773558239,0.8795859958952364
hydrogen_decentral_nt66_tc15_A75_154c44d0,hydrogen_decentral,66,15.0,75.0,990.0,1.4,150.0,8.0,0.1029698016132915,0.5969108278125926,,95262.79441628825,1.0,,4258179.443954006,107966010.24224155,0.4302273447513779,0.8432072460749837,0.8426768724635131,53.32088868044898,2367033250.7420316,195851756.50277373,31198155.60967394,227049912.11244768,32.44526046628436,12.153937168761525,8.72169104540309,25.784978081138508,6.6602823851458535,1.4888169369861277,3.663211058403759,,,3.5696630500132027,,3.7621618229316764,8.70671736164188,-1.1943370866449767,0.8793950708329461
hydrogen_decentral_nt66_tc15_A75_09acf949,hydrogen_decentral,66,15.0,75.0,990.0,1.6,150.0,8.0,0.1029698016132915,0.5969108278125926,,95262.79441628825,1.0,,4305986.520590374,109178157.21578029,0.37644892665745566,0.8528509190886201,0.851752685856916,53.2695285949522,2389691681.602263,197726547.8611891,31651324.226878565,229377872.08806765,32.085038007114676,12.559631836314704,8.624858751522813,25.498701192602624,6.58633681451205,1.47228739490241,3.62254037563063,,,3.5300309809897734,,4.251877191408996,8.610051312603217,-1.18107699761361,0.8787803299161016
hydrogen_decentral_nt66_tc15_A75_d1b02026,hydrogen_decentral,66,15.0,75.0,990.0,1.8,150.0,8.0,0.1029698016132915,0.5969108278125926,,95262.79441628825,1.0,,4346256.507404301,110199201.50619428,0.3346212681399606,0.8609800454015119,0.8598195828384934,53.310450798265904,2412302046.475427,199597362.17027816,32103531.52434185,231700893.69462,31.787755954095093,12.977749219635347,8.544945624535462,25.262444460159646,6.525311493935449,1.4586460016993108,3.5889759385314752,,,3.497323684304675,,4.7390418794887275,8.53027538307971,-1.1701337974046242,0.8785657544715327
hydrogen_decentral_nt66_tc15_A75_1ed4b8ee,hydrogen_decentral,66,15.0,75.0,990.0,2.0,150.0,8.0,0.1029698016132915,0.5969108278125926,,95262.79441628825,1.0,,4382076.500189392,111107416.33340244,0.30115914132596455,0.8682135286073424,0.8668914131356549,53.40393928131066,2434875737.1620183,201465142.00409895,32555005.338073675,234020147.34217262,31.527916312116982,13.400925484143372,8.475097485050306,25.055944053729597,6.471972258387385,1.4467227298772392,3.5596389125305588,,,3.4687358426425074,,5.222559976024353,8.460547161159452,-1.1605688835609675,0.8783872305205319
hydrogen_decentral_nt66_tc15_A100_5a340deb,hydrogen_decentral,66,15.0,100.0,990.0,1.0,150.0,8.0,0.09102643490588402,0.6048583026256029,,110000.0,1.0,,4109035.926727594,104184480.90080106,0.6045978714894849,0.8019649380590735,0.8015792310734042,54.68631029536684,2349757998.408543,194422377.12566456,30285636.578170862,224708013.70383543,33.62290903143634,11.439060752376093,9.624340511554395,26.720881877358075,6.902027154078272,1.5428557427906808,4.382255535323122,,,3.6992292334405943,,2.784796452241288,9.022740505261774,-1.2376873121072391,0.8692111069802713
hydrogen_decentral_nt66_tc15_A100_63b1225d,hydrogen_decentral,66,15.0,100.0,990.0,1.2,150.0,8.0,0.09102643490588402,0.6048583026256029,,110000.0,1.0,,4258129.7268668655,107964749.66700977,0.5088006666950493,0.831601434631307,0.831132468568244,53.33868501096824,2373263862.9013853,196367286.36916426,30755753.868027706,227123040.23719198,32.445639290779,11.60569106692099,9.287354653268249,25.78527914148293,6.66036014929607,1.4888343201205412,4.228815604449191,,,3.569704728698518,,3.224747785024193,8.706819019565321,-1.1943510314904418,0.8684752938219161
hydrogen_decentral_nt66_tc15_A100_9122eeba,hydrogen_decentral,66,15.0,100.0,990.0,1.4,150.0,8.0,0.09102643490588402,0.6048583026256029,,110000.0,1.0,,4312840.900255332,109351949.8036342,0.43611485716718507,0.8424875147334251,0.8418588049065151,53.20348068157274,2395991859.714025,198247833.71515086,31210313.8042805,229458147.51943135,32.03404539293029,11.999896729801677,9.16953855884078,25.458176215451935,6.575869177478354,1.4699474948193825,4.175170346227592,,,3.524420717793806,,3.7144797384683885,8.59636739474113,-1.1791999169740917,0.8682495135662519
hydrogen_decentral_nt66_tc15_A100_d5f50438,hydrogen_decentral,66,15.0,100.0,990.0,1.6,150.0,8.0,0.09102643490588402,0.6048583026256029,,110000.0,1.0,,4361256.796450536,110579533.37856328,0.381600500021287,0.8521225258724647,0.851013563602269,53.14663142140435,2418650290.5742564,200122625.0735662,31663482.421485126,231786107.49505132,31.678423816663827,12.400463424846674,9.06774417989385,25.175555752018166,6.502868064645661,1.4536290736295325,4.1288202633237905,,,3.4852948429405277,,4.197993085000961,8.500935997126946,-1.166109190278045,0.8676435329968106
hydrogen_decentral_nt66_tc15_A100_d90eeb6e,hydrogen_decentral,66,15.0,100.0,990.0,1.8,150.0,8.0,0.09102643490588402,0.6048583026256029,,110000.0,1.0,,4402222.233969541,111618210.80044478,0.33920044446336617,0.8602801730929074,0.8592573103304436,53.179761642906534,2441260655.4474206,201993439.3826553,32115689.718948413,234109129.10160372,31.383636224718032,12.812762282207737,8.98336313598076,24.941281423882856,6.442354800835177,1.440102143859364,4.090399002529812,,,3.4528619895915846,,4.678794143706082,8.421829458670947,-1.155257813260761,0.8673964930914682
hydrogen_decentral_nt66_tc15_A100_1713e717,hydrogen_decentral,66,15.0,100.0,990.0,2.0,150.0,8.0,0.09102643490588402,0.6048583026256029,,110000.0,1.0,,4438657.03897132,112542014.17270082,0.30528040001702955,0.8675382847586525,0.8662170677626183,53.265746975564866,2463834346.1340117,203861219.21647605,32567163.532680236,236428382.7491563,31.12602301963036,13.230100935769382,8.909623020165125,24.736550416914977,6.389472602715382,1.428281036634031,4.0568228805793805,,,3.4245191029517152,,5.155986853868272,8.3526987032666,-1.1457748564151715,0.8671902350496821
hydrogen_decentral_nt66_tc15_A125_86fbdd15,hydrogen_decentral,66,15.0,125.0,990.0,1.0,150.0,8.0,0.08248425636905343,0.6105425247074379,,122983.73876248844,1.0,,4145894.541411779,105119029.95465972,0.6103037338573554,0.8013313884626141,0.8009584668551528,54.71188652385864,2375271045.076833,196533363.5269563,30296348.162649915,226829711.6896062,33.32398829523038,11.337363053988126,10.050535174640139,26.483322846538208,6.840665448692171,1.5291391552680664,4.855054372333381,,,3.666341647038691,,2.7600385288590656,8.942524833503374,-1.226683790604029,0.8614834822297175
hydrogen_decentral_nt66_tc15_A125_2e0dd9e5,hydrogen_decentral,66,15.0,125.0,990.0,1.2,150.0,8.0,0.08248425636905343,0.6105425247074379,,122983.73876248844,1.0,,4296794.443224839,108945092.37385496,0.5137631653805628,0.8310363481727892,0.8305280359985805,53.35250295355286,2398776909.569675,198478272.770456,30766465.45250676,229244738.22296274,32.15367711832526,11.501257224629947,9.697568610597656,25.55325023775247,6.600426880572792,1.4754370404851969,4.6845488390195,,,3.53758273109296,,3.195729883404402,8.628470685191886,-1.1836036605201488,0.8606603165538087
hydrogen_decentral_nt66_tc15_A125_e82635ac,hydrogen_decentral,66,15.0,125.0,990.0,1.4,150.0,8.0,0.08248425636905343,0.6105425247074379,,122983.73876248844,1.0,,4352360.276451168,110353962.38466452,0.4403684274690537,0.8419852879618115,0.8412723982753879,53.20787591004023,2421504906.3823147,200358820.11644256,31221025.388759553,231579845.5052021,31.743176666412563,11.89093781945088,9.573761424176794,25.227016297794872,6.516160368617689,1.4566003901805036,4.624742011689986,,,3.4924190223063034,,3.6807523094798964,8.518312487653475,-1.1684927966602845,0.8603658189777943
hydrogen_decentral_nt66_tc15_A125_362b9f0e,hydrogen_decentral,66,15.0,125.0,990.0,1.6,150.0,8.0,0.08248425636905343,0.6105425247074379,,122983.73876248844,1.0,,4401148.511306403,111590986.59498994,0.385322374035422,0.8516005867812119,0.8507679909711868,53.146992172593315,2444163337.242546,202233611.47485793,31674194.00596418,233907805.48082212,31.391292708333523,12.28806645624773,9.467633008012058,24.94736620358155,6.443926504751975,1.4404534772227175,4.573475166494564,,,3.453704364294776,,4.159942757300465,8.42388408353344,-1.1555396548056847,0.8597792702195084
hydrogen_decentral_nt66_tc15_A125_ef43314a,hydrogen_decentral,66,15.0,125.0,990.0,1.8,150.0,8.0,0.08248425636905343,0.6105425247074379,,122983.73876248844,1.0,,4442622.351885518,112642554.56099184,0.3425087769203752,0.8597795516054259,0.8587046614945142,53.1737357750236,2466773702.1157103,204104425.78394702,32126401.303427465,236230827.08737448,31.09824113513257,12.696246164917039,9.379248474973997,24.71447152858019,6.383769606552382,1.4270062082126447,4.530779757134092,,,3.421462509627259,,4.636246337446996,8.345243407404594,-1.144752182085678,0.8595086021511259
hydrogen_decentral_nt66_tc15_A125_41991540,hydrogen_decentral,66,15.0,125.0,990.0,2.0,150.0,8.0,0.08248425636905343,0.6105425247074379,,122983.73876248844,1.0,,4479516.516583363,113578004.9843652,0.30825789922833763,0.8670580434905921,0.8656752756292032,53.25353302120986,2489347392.8023014,205972205.61776778,32577875.11715929,238550080.73492706,30.84211000446136,13.109423846849428,9.301999169899075,24.51091835947812,6.331191644983244,1.415253108994071,4.493463378468999,,,3.3932826824360047,,5.108957017357187,8.276510368118643,-1.1353237816349304,0.8592802430085276
hydrogen_decentral_nt66_tc15_A150_9c7c34ec,hydrogen_decentral,66,15.0,150.0,990.0,1.0,150.0,8.0,0.07597080125588018,0.6148767733096776,,134721.9358530748,1.0,,4174429.955748442,105842544.51694834,0.6146715449649301,0.8008398261933014,0.8004399054067307,54.79739167140529,2398336602.359835,198441841.1147448,30306032.175249647,228747873.28999445,33.09619340504542,11.259863525750688,10.441334740609182,26.30228912494062,6.793904280104799,1.5186863222258202,5.281369014359181,,,3.641279404024182,,2.741171559274945,8.881395852050822,-1.2182984707888644,0.8555945852137873
hydrogen_decentral_nt66_tc15_A150_a87bed02,hydrogen_decentral,66,15.0,150.0,990.0,1.2,150.0,8.0,0.07597080125588018,0.6148767733096776,,134721.9358530748,1.0,,4326695.814379086,109703240.72969285,0.5176110697850083,0.8305901994781347,0.8300534492484298,53.42712077311232,2421842466.8526773,200386750.3582445,30776149.46510649,231162899.823351,31.931466203868627,11.42177316201773,10.073881407225961,25.376654227231672,6.554811976636958,1.4652404395557639,5.095506124473523,,,3.513134843196675,,3.1736445070683015,8.568840169084414,-1.1754238915067783,0.8547123773717934
hydrogen_decentral_nt66_tc15_A150_668e49be,hydrogen_decentral,66,15.0,150.0,990.0,1.4,150.0,8.0,0.07597080125588018,0.6148767733096776,,134721.9358530748,1.0,,4382874.836088793,111127658.11584163,0.4436666312442927,0.8415774568190576,0.8408704141243291,53.27507990485081,2444570463.665317,202267297.70423108,31230709.401359286,233498007.10559037,31.522173536343868,11.808150437924207,9.944755930582735,25.05138014068632,6.47079339565755,1.446459210900555,5.030192703512545,,,3.468104016169636,,3.65512608467098,8.459006081667125,-1.1603574871971365,0.8543757587832391
hydrogen_decentral_nt66_tc15_A150_54e5d774,hydrogen_decentral,66,15.0,150.0,990.0,1.6,150.0,8.0,0.07597080125588018,0.6148767733096776,,134721.9358530748,1.0,,4432023.452203283,112373819.78203051,0.38820830233875614,0.8511916294344724,0.850326160272545,53.20954855597045,2467228894.5255485,204142089.06264645,31683878.01856391,235825967.08121037,31.172610583227748,12.20246372204176,9.834474250700938,24.77357460130889,6.399035981918855,1.4304188019883508,4.974410731049393,,,3.4296447176631935,,4.130963220492688,8.365200521497693,-1.1474897834701911,0.8537897635215704
hydrogen_decentral_nt66_tc15_A150_88eae0b0,hydrogen_decentral,66,15.0,150.0,990.0,1.8,150.0,8.0,0.07597080125588018,0.6148767733096776,,134721.9358530748,1.0,,4473883.313357203,113435175.28796156,0.34507404652333884,0.8593852326253129,0.8582706466246449,53.23093429297682,2489839259.3987126,206012903.3717355,32136085.316027198,238148988.6877627,30.880944247871327,12.60753199103335,9.742458054072145,24.541780805972085,6.339163441899241,1.417035097441471,4.927867688251962,,,3.397555268378713,,4.603850875165837,8.286931575298507,-1.136753302510083,0.8535028430790892
hydrogen_decentral_nt66_tc15_A150_992be3e5,hydrogen_decentral,66,15.0,150.0,990.0,2.0,150.0,8.0,0.07597080125588018,0.6148767733096776,,134721.9358530748,1.0,,4511140.602925032,114379832.73136492,0.3105666418710049,0.8666806216151275,0.8652507734301159,53.30541951616299,2512412950.085304,207880683.2055563,32587559.12975902,240468242.33531532,30.62590003993311,13.017523906653926,9.661995569575954,24.339091438807287,6.286808601125824,1.4053318738888905,4.887168670071481,,,3.369495025615583,,5.073142106660761,8.218490212790433,-1.1273649125912801,0.8532564997940126
hydrogen_decentral_nt66_tc15_A175_57fc094f,hydrogen_decentral,66,15.0,175.0,990.0,1.0,150.0,8.0,0.0707506472391698,0.6183504205302816,,145516.32210855247,1.0,,4196470.524592321,106401382.46937934,0.6181074292379223,0.8004682686884353,0.8000501769043332,54.92992350991536,2419547571.3518486,200196867.38356018,30314937.543910418,230511804.9274706,32.92236663206097,11.200724829134655,10.806832048719734,26.164145079650037,6.75822155241093,1.5107099262899695,5.673967330127238,,,3.6221547923025277,,2.726774465309665,8.834749267603316,-1.211899762359851,0.8511008585815273
hydrogen_decentral_nt66_tc15_A175_fd199ab8,hydrogen_decentral,66,15.0,175.0,990.0,1.2,150.0,8.0,0.0707506472391698,0.6183504205302816,,145516.32210855247,1.0,,4349834.831608784,110289929.80752498,0.5205810748803585,0.830261929928067,0.8297557285414866,53.54843125725748,2443053435.844691,202141776.62705988,30785054.83376726,232926831.46082714,31.761606249349946,11.361014853663322,10.425810154244209,25.241662701776704,6.5199435475732415,1.4574460691741205,5.473917419887962,,,3.494446665182128,,3.1567622534258493,8.523258084249793,-1.1691712049725367,0.8501657209602147
hydrogen_decentral_nt66_tc15_A175_1716da91,hydrogen_decentral,66,15.0,175.0,990.0,1.4,150.0,8.0,0.0707506472391698,0.6183504205302816,,145516.32210855247,1.0,,4406454.362208542,111725516.28317806,0.4462123498974501,0.8412720092459424,0.8407026716429771,53.39030417760909,2465781432.6573305,204022323.97304645,31239614.770020057,235261938.74306652,31.353494173492383,11.74496344702629,10.291846557090413,24.91732685797695,6.436167315515434,1.438719014374955,5.403581814573634,,,3.4495457281418234,,3.6355670165631513,8.413740809760437,-1.1541482592263974,0.8498038799291002
hydrogen_decentral_nt66_tc15_A175_9a432d83,hydrogen_decentral,66,15.0,175.0,990.0,1.6,150.0,8.0,0.0707506472391698,0.6183504205302816,,145516.32210855247,1.0,,4455906.528723108,112979374.46052504,0.39043580616026885,0.8508902402051907,0.8499999903130411,53.320216029480015,2488439863.517562,205897115.33146182,31692783.38722468,237589898.7186865,31.005529465371517,12.137060111592278,10.177626452516218,24.640791479836594,6.364737985534925,1.4227519441934067,5.343612238024652,,,3.4112622702981596,,4.108821797628533,8.320364140197778,-1.141339388230148,0.8492135619961152
hydrogen_decentral_nt66_tc15_A175_26eaf922,hydrogen_decentral,66,15.0,175.0,990.0,1.8,150.0,8.0,0.0707506472391698,0.6183504205302816,,145516.32210855247,1.0,,4498064.826121541,114048296.80835551,0.34705404992023897,0.859095096607271,0.8579508289819668,53.336919230687016,2511050228.390726,207767929.64055088,32144990.68468797,239912920.32523885,30.714928866508185,12.539754133765152,10.082236230413681,24.4098446492558,6.3050842172523875,1.4094171431387,5.29352901276647,,,3.3792900745085124,,4.5791006585712655,8.242381185428279,-1.1306421379188312,0.848914427684438
hydrogen_decentral_nt66_tc15_A175_128684eb,hydrogen_decentral,66,15.0,175.0,990.0,2.0,150.0,8.0,0.0707506472391698,0.6183504205302816,,145516.32210855247,1.0,,4535595.961276328,114999897.59828418,0.31234864492821507,0.8664021100245931,0.8651423430682563,53.40691191210663,2533623919.077317,209635709.47437167,32596464.49841979,242232173.97279146,30.4607690700006,12.947335068251707,9.998807773854322,24.207858143742467,6.252910926258137,1.3977545026080544,5.2497261355877844,,,3.3513271356584826,,5.0457883676494655,8.174177155592135,-1.1212863039221035,0.8486558489322099
hydrogen_decentral_nt66_tc15_A200_d9345dee,hydrogen_decentral,66,15.0,200.0,990.0,1.0,150.0,8.0,0.0662868865746602,0.6213207409032208,,155563.49186104047,1.0,,4215918.3505601715,106894481.50507534,0.6211093355895125,0.8001281365744092,0.7996988689859424,55.06596977455493,2439290259.915488,201830406.00498167,30323226.45895622,232153632.46393788,32.77049735863801,11.149056431153976,11.146415984762935,26.043451153013862,6.72704620562415,1.5037410949959555,6.037228921063931,,,3.6054459687030493,,2.714195987539128,8.793994999626776,-1.206309327795168,0.8471747717832423
hydrogen_decentral_nt66_tc15_A200_62be260d,hydrogen_decentral,66,15.0,200.0,990.0,1.2,150.0,8.0,0.0662868865746602,0.6213207409032208,,155563.49186104047,1.0,,4370269.399847928,110808047.66348702,0.523211854844919,0.829962416499757,0.8294374557247158,53.673729817538636,2462796124.40833,203775315.24848136,30793343.748813063,234568658.99729443,31.613094876044276,11.307892857728428,10.752742083765927,25.123637373872008,6.489457502172267,1.450631321974223,5.824003480364775,,,3.4781072814269303,,3.1420018192785566,8.483404912052103,-1.1637043775105764,0.8461905039083444
hydrogen_decentral_nt66_tc15_A200_147d0462,hydrogen_decentral,66,15.0,200.0,990.0,1.4,150.0,8.0,0.0662868865746602,0.6213207409032208,,155563.49186104047,1.0,,4427239.966752455,112252534.6539669,0.4484673041527878,0.8409848605679059,0.8403978468918469,53.5104869080118,2485524121.2209697,205655862.59446794,31247903.685065858,236903766.2795338,31.20629155157575,11.689821605286081,10.614373751149962,24.80034162423069,6.405949927345059,1.4319643219012734,5.749059094602532,,,3.433350334646157,,3.6184982651815534,8.37423884227731,-1.148729607994144,0.845814105821363
hydrogen_decentral_nt66_tc15_A200_78f763fd,hydrogen_decentral,66,15.0,200.0,990.0,1.6,150.0,8.0,0.0662868865746602,0.6213207409032208,,155563.49186104047,1.0,,4476997.867452801,113514144.7122921,0.39240889113368926,0.8506137760378296,0.8497022053345297,53.4357471988847,2508182552.081201,207530653.9528833,31701072.302270483,239231726.25515378,30.85946101865597,12.079881874395152,10.496404305833568,24.524707600626556,6.334753418029414,1.4160492956615711,5.685163350173149,,,3.395191659998848,,4.089464952957298,8.28116652973853,-1.1359624869325828,0.845212878631908
hydrogen_decentral_nt66_tc15_A200_9610af41,hydrogen_decentral,66,15.0,200.0,990.0,1.8,150.0,8.0,0.0662868865746602,0.6213207409032208,,155563.49186104047,1.0,,4519424.6772232745,114589875.18314591,0.34880790322994604,0.8588292966374257,0.8576595074962453,53.448118978302546,2530792916.9543653,209401468.26197237,32153279.59973377,241554747.86170614,30.569762976147103,12.480488342148034,10.397867660007403,24.29447805187622,6.275284924270886,1.4027559102456295,5.631792985315103,,,3.3633187644466713,,4.557458764916115,8.203425776849006,-1.1252984604731147,0.8449022608560279
hydrogen_decentral_nt66_tc15_A200_79e6614e,hydrogen_decentral,66,15.0,200.0,990.0,2.0,150.0,8.0,0.0662868865746602,0.6213207409032208,,155563.49186104047,1.0,,4557187.818654608,115547358.4851574,0.3139271129069514,0.8661444427325884,0.8649384313644735,53.514143198349956,2553366607.6409564,211269248.09579316,32604753.413465593,243874001.50925875,30.316446604575788,12.885990874563191,10.31170571921097,24.093161835125624,6.223284769450162,1.391131971988048,5.585125127092128,,,3.335448620130795,,5.021881531431459,8.135448080918964,-1.1159736736514354,0.8446349358642037
hydrogen_decentral_nt66_tc15_A225_d58b33d6,hydrogen_decentral,66,15.0,225.0,990.0,1.0,150.0,8.0,0.06243926651421838,0.6238810628182657,,165000.0,1.0,,4232051.206589583,107303529.57884338,0.6236374169551385,0.7998632025627603,0.7994204940106179,55.22042602778654,2457832998.408543,203364659.021114,30331011.578170862,233695670.59928486,32.6455740791002,11.106555498748545,11.468296449937792,25.94417181364614,6.701402265454062,1.4980087355780671,6.378585941531325,,,3.591701772828401,,2.7038492948917434,8.760471715449249,-1.2017107977296637,0.8439452861372162
hydrogen_decentral_nt66_tc15_A225_27e625c8,hydrogen_decentral,66,15.0,225.0,990.0,1.2,150.0,8.0,0.06243926651421838,0.6238810628182657,,165000.0,1.0,,4387239.766750134,111238330.79995269,0.5253847275691371,0.829735152740149,0.8292454067274132,53.817595956817605,2481338862.9013853,205309568.2646137,30801128.868027706,236110697.1326414,31.4908116529967,11.264152578899623,11.062631724921282,25.026456146763376,6.464355506233324,1.4450201069318391,6.152958070534013,,,3.464653547455429,,3.12984818133867,8.450590089614408,-1.1592030301254332,0.8429173380719752
hydrogen_decentral_nt66_tc15_A225_37d1fe6b,hydrogen_decentral,66,15.0,225.0,990.0,1.4,150.0,8.0,0.06243926651421838,0.6238810628182657,,165000.0,1.0,,4444489.069173918,112689885.12104253,0.4503297664878318,0.8407655466088402,0.8402193685677031,53.649767319418764,2504066859.714025,207190115.6106003,31255688.8042805,238445804.41488078,31.08517965079494,11.644453301523845,10.920134367099973,24.704091273266695,6.381088377528248,1.4264068553695923,6.073702040898567,,,3.420025470831814,,3.604454840568158,8.34173834531488,-1.1442713779581453,0.8425314935989544
hydrogen_decentral_nt66_tc15_A225_d11e6646,hydrogen_decentral,66,15.0,225.0,990.0,1.6,150.0,8.0,0.06243926651421838,0.6238810628182657,,165000.0,1.0,,4494496.795656036,113957829.50446337,0.39403854567685287,0.8504026783217289,0.8494701271546874,53.570794537713404,2526725290.5742564,209064906.96901563,31708857.421485126,240773764.39050075,30.73931241975656,12.032849916150594,10.79863220180625,24.42922280732924,6.310089612427321,1.4105360322010272,6.006123389893922,,,3.3819727797113015,,4.073542980630918,8.248924535777608,-1.1315397168419215,0.8419221165839911
hydrogen_decentral_nt66_tc15_A225_2a767fa5,hydrogen_decentral,66,15.0,225.0,990.0,1.8,150.0,8.0,0.06243926651421838,0.6238810628182657,,165000.0,1.0,,4537142.835865084,115039118.55641693,0.3502564850460914,0.8586264408914368,0.8574989018189965,53.57926668638868,2549335655.4474206,210935721.27810472,32161064.718948413,243096785.99705315,30.450383902212657,12.431750341081495,10.697132443094521,24.199604817372673,6.250779084839982,1.3972779580072736,5.949669936949656,,,3.3501845481375923,,4.539661269813695,8.17139028566465,-1.1209040172379492,0.8416028028410993
hydrogen_decentral_nt66_tc15_A225_3a42702b,hydrogen_decentral,66,15.0,225.0,990.0,2.0,150.0,8.0,0.06243926651421838,0.6238810628182657,,165000.0,1.0,,4575094.715009453,116001387.29739992,0.3152308365414823,0.8659476898960307,0.8647954912633616,53.64173966485821,2571909346.1340117,212803501.11192548,32612538.532680236,245416039.64460573,30.197788193982817,12.835555174890512,10.608396295984878,23.998861327984933,6.198926865997884,1.3856870888566504,5.900315515137313,,,3.322393691990915,,5.002225913856017,8.103605980446748,-1.1116057586346704,0.841329039222418
hydrogen_decentral_nt66_tc15_A250_a5453f83,hydrogen_decentral,66,15.0,250.0,990.0,1.0,150.0,8.0,0.059058874836072084,0.6261304769389521,,173925.27130926086,1.0,,4247174.235591585,107686973.51905641,0.6259457277705394,0.7996042992855654,0.7992002282467099,55.36720499010095,2475371156.5312405,204815791.60367358,30338374.927001003,235154166.53067458,32.52933209414748,11.067008084019863,11.770864811933608,25.851791694299322,6.677540399848159,1.4926747350646075,6.699277374388088,,,3.578912702480912,,2.6942216250492805,8.72927806515967,-1.1974318333552358,0.8409402271661476
hydrogen_decentral_nt66_tc15_A250_4e5efa97,hydrogen_decentral,66,15.0,250.0,990.0,1.2,150.0,8.0,0.059058874836072084,0.6261304769389521,,173925.27130926086,1.0,,4403102.387388532,111640527.06360376,0.5274297360377574,0.8295020959251415,0.8289961650034015,53.954955429717536,2498877021.0240827,206760700.84717327,30808492.216857847,237569193.06403112,31.37736282648803,11.223572332643279,11.354020270586227,24.936295813241113,6.4410670132469185,1.4398142761892312,6.4620342109414635,,,3.452171783455532,,3.1185725874531953,8.420145986123627,-1.1550268842419242,0.8398806433083782
hydrogen_decentral_nt66_tc15_A250_2361584f,hydrogen_decentral,66,15.0,250.0,990.0,1.4,150.0,8.0,0.059058874836072084,0.6261304769389521,,173925.27130926086,1.0,,4460629.516262685,113099125.66588958,0.4520826308895064,0.8405428590296636,0.8400348839259183,53.78261060947134,2521605017.8367224,208641248.19315985,31263052.153110642,239904300.3462705,30.972700303301668,11.602318736950473,11.207591569219204,24.6147014065184,6.3579988967832675,1.421245511148511,6.37869568809694,,,3.407650369973753,,3.5914123961270907,8.311554402465553,-1.1401309194054257,0.8394828577632557
hydrogen_decentral_nt66_tc15_A250_05f83314,hydrogen_decentral,66,15.0,250.0,990.0,1.6,150.0,8.0,0.059058874836072084,0.6261304769389521,,173925.27130926086,1.0,,4510872.874780719,114373044.49241175,0.3955723020283181,0.8501877342941524,0.8492363539575335,53.699642407605154,2544263448.696954,210516039.5515752,31716220.770315267,242232260.32189047,30.62771774032353,11.989166374673735,11.08275829260789,24.340536006181733,6.287181734141796,1.4054152827778539,6.307647998829023,,,3.3696950110010113,,4.058754565168898,8.218977994467018,-1.1274318236580272,0.8388656386958461
hydrogen_decentral_nt66_tc15_A250_de3976dc,hydrogen_decentral,66,15.0,250.0,990.0,1.8,150.0,8.0,0.059058874836072084,0.6261304769389521,,173925.27130926086,1.0,,4553725.47000965,115459570.74060981,0.35161982402517167,0.8584192255899932,0.8573367881143861,53.70444124026752,2566873813.570118,212386853.86066428,32168428.067778554,244555281.92844284,30.33949720534489,12.386479459241905,10.978464575680725,24.111480665890017,6.228016539454876,1.3921896958077844,6.24829020742931,,,3.3379846724436306,,4.523129851204171,8.14163373216751,-1.1168221854825116,0.838538061352736
hydrogen_decentral_nt66_tc15_A250_81a8d619,hydrogen_decentral,66,15.0,250.0,990.0,2.0,150.0,8.0,0.059058874836072084,0.6261304769389521,,173925.27130926086,1.0,,4591859.899289729,116426468.03472944,0.3164578416226545,0.8657471123753899,0.8646432748233136,53.76351652501029,2589447504.256709,214254633.69448504,32619901.881510377,246874535.57599542,30.08753407146327,12.78869171377316,10.887290739773862,23.911239897561348,6.176294173901924,1.3806278536210381,6.196399473334074,,,3.31026341281875,,4.983962456107591,8.074019178894298,-1.1075472124683536,0.8382572912396249
hydrogen_decentral_nt66_tc15_A275_abbcadd9,hydrogen_decentral,66,15.0,275.0,990.0,1.0,150.0,8.0,0.05609115376159768,0.6281052876493021,,182414.363469547,1.0,,4260286.135855382,108019425.3513028,0.6279492515893865,0.7993867892389547,0.7989718912545614,55.52241751764401,2492052222.626203,206196007.15155956,30345378.42803324,236541385.5795928,32.42921643419762,11.032947107458913,12.060253975987479,25.772227528060974,6.656988906136643,1.4880807238577691,7.00427538407807,,,3.56789786805164,,2.6859296080087116,8.702411929948227,-1.1937464924483163,0.8383520619502909
hydrogen_decentral_nt66_tc15_A275_ad74f638,hydrogen_decentral,66,15.0,275.0,990.0,1.2,150.0,8.0,0.05609115376159768,0.6281052876493021,,182414.363469547,1.0,,4416841.888101684,111988891.68614818,0.5291993103508453,0.8293043842332931,0.8288811542369738,54.1011922470357,2515558087.1190453,208140916.39505926,30815495.717890084,238956412.11294934,31.279757046192227,11.188659088299199,11.632776112544272,24.858726304802893,6.421030741389336,1.4353354359283201,6.756007587884468,,,3.4414330887314843,,3.1088716220632513,8.393953379570778,-1.1514339340975006,0.8372680207626666
hydrogen_decentral_nt66_tc15_A275_6c5d4ee1,hydrogen_decentral,66,15.0,275.0,990.0,1.4,150.0,8.0,0.05609115376159768,0.6281052876493021,,182414.363469547,1.0,,4474620.939822598,113453877.78454866,0.45359940887215316,0.8403563247074574,0.8398342387760146,53.92446033758449,2538286083.931685,210021463.74104586,31270055.65414288,241291519.39518875,30.87585362632819,11.566040143096615,11.482566568159678,24.537735174560204,6.338118451767989,1.4168015038914643,6.668769871640565,,,3.396995192627649,,3.580182624334504,8.28556550203128,-1.1365659124871441,0.8368579292179747
hydrogen_decentral_nt66_tc15_A275_53e7c098,hydrogen_decentral,66,15.0,275.0,990.0,1.6,150.0,8.0,0.05609115376159768,0.6281052876493021,,182414.363469547,1.0,,4525065.5714797275,114732899.88538864,0.39689948276313397,0.8500073316800301,0.8490389396573564,53.837778817234565,2560944514.7919164,211896255.0994612,31723224.271347504,243619479.3708087,30.53165506419106,11.951562808638768,11.354560944404735,24.264192837321517,6.267462226869542,1.4010072509980858,6.594427603121556,,,3.3591260902850935,,4.046024435271505,8.193199481424799,-1.1238956764643069,0.8362345684067725
hydrogen_decentral_nt66_tc15_A275_374f9f66,hydrogen_decentral,66,15.0,275.0,990.0,1.8,150.0,8.0,0.05609115376159768,0.6281052876493021,,182414.363469547,1.0,,4568095.060075942,115823911.259532,0.35279954023389687,0.8582451102507292,0.8572757993333967,53.83918192220641,2583554879.6650805,213767069.4085503,32175431.56881079,245942500.97736108,30.244060019400916,12.347516033601,11.24760586920449,24.03563458814784,6.208425431253076,1.3878103659207788,6.532310934441206,,,3.327484568842506,,4.508901705571551,8.116023070028792,-1.1133090631040867,0.8359003211047427
hydrogen_decentral_nt66_tc15_A275_24324bd2,hydrogen_decentral,66,15.0,275.0,990.0,2.0,150.0,8.0,0.05609115376159768,0.6281052876493021,,182414.363469547,1.0,,4606384.842605149,116794747.53055653,0.3175195862105072,0.8655782002544103,0.8644574730628235,53.89513970450388,2606128570.3516717,215634849.24237105,32626905.382542614,248261754.62491366,29.992661467062806,12.748366159446292,11.154112077994785,23.835842505467404,6.156818961595401,1.3762744307094184,6.478012222188701,,,3.299825425096667,,4.968246927632509,8.048560022764665,-1.1040548728072244,0.8356140818563403
hydrogen_decentral_nt66_tc15_A300_6b46b95d,hydrogen_decentral,66,15.0,300.0,990.0,1.0,150.0,8.0,0.05344888001693149,0.6298635359346694,,190525.5888325765,1.0,,4271242.872283208,108297233.07006106,0.6296646837139526,0.7992152114495925,0.7988447719798442,55.69031398900862,2507990780.4645557,207514786.49180916,30352070.18895774,237866856.6807669,32.34602791327877,11.004645019028631,12.339641056701222,25.70611573984698,6.639912173431788,1.4842634489422075,7.296632231782999,,,3.558745375976015,,2.679039570692029,8.680088209042175,-1.190684253640902,0.8362014929353279
hydrogen_decentral_nt66_tc15_A300_a2cd2270,hydrogen_decentral,66,15.0,300.0,990.0,1.2,150.0,8.0,0.05344888001693149,0.6298635359346694,,190525.5888325765,1.0,,4428343.395649375,112280512.06007545,0.5306721018728013,0.8291534804728379,0.8287209140054074,54.25999335331318,2531496644.957398,209459695.73530886,30822187.478814583,240281883.21412343,31.19851574902675,11.159599362018927,11.901878242267511,24.794162019092443,6.404353729934306,1.4316075133453476,7.037775896578791,,,3.4324948323433717,,3.1007971103934713,8.372152198062373,-1.1484433742198041,0.8350934277828848
hydrogen_decentral_nt66_tc15_A300_871ef0f2,hydrogen_decentral,66,15.0,300.0,990.0,1.4,150.0,8.0,0.05344888001693149,0.6298635359346694,,190525.5888325765,1.0,,4486335.8135386845,113750908.0511837,0.45486180160525824,0.8402153924960216,0.8396797063204184,54.079097192012014,2554224641.7700377,211340243.08129543,31276747.41506738,242616990.4963628,30.7952295399597,11.5358385029825,11.74802914906982,24.473661400149187,6.3215681398105135,1.413101903284492,6.946802403338708,,,3.388124842446619,,3.570833928858335,8.263929949643575,-1.1335980726534396,0.8346726971340303
hydrogen_decentral_nt66_tc15_A300_348d2415,hydrogen_decentral,66,15.0,300.0,990.0,1.6,150.0,8.0,0.05344888001693149,0.6298635359346694,,190525.5888325765,1.0,,4536943.25728848,115034058.24767952,0.398004076404601,0.8498705467579482,0.8488865660804942,53.98898257730801,2576883072.630269,213215034.4397108,31729916.032272004,244944950.4719828,30.451723404148563,11.920273700551173,11.616985472608272,24.20066934968219,6.2510540544663735,1.3973394237850374,6.869314127217304,,,3.3503319216059295,,4.0354319715153215,8.171749742318525,-1.1209533254209225,0.8340453121382491
hydrogen_decentral_nt66_tc15_A300_47ff1972,hydrogen_decentral,66,15.0,300.0,990.0,1.8,150.0,8.0,0.05344888001693149,0.6298635359346694,,190525.5888325765,1.0,,4580116.650572775,116128718.32081072,0.35378140124853424,0.8581128962115878,0.8571292322781066,53.98726516007242,2599493437.503433,215085848.74879986,32182123.32973529,247267972.07853514,30.16467738960056,12.315107081442441,11.507480689029423,23.97254742718785,6.192129962412711,1.3841677320799415,6.804562151878287,,,3.3187508050711947,,4.4970670354025994,8.09472066372468,-1.1103869223216296,0.8337063046367919
hydrogen_decentral_nt66_tc15_A300_5f511e26,hydrogen_decentral,66,15.0,300.0,990.0,2.0,150.0,8.0,0.05344888001693149,0.6298635359346694,,190525.5888325765,1.0,,4618534.04532124,117102790.19577181,0.3184032611236808,0.8654499744502936,0.8643140713483538,54.040356372154406,2622067128.1900244,216953628.58262065,32633597.143467113,249587225.72608775,29.91376480405616,12.714831171233534,11.41176039686472,23.77314155324619,6.140623250809969,1.3726540964458656,6.74796117249523,,,3.291145127923623,,4.955177793904124,8.027388026124681,-1.1011506208675832,0.8334159720723111
hydrogen_decentral_nt66_tc15_A325_419168b6,hydrogen_decentral,66,15.0,325.0,990.0,1.0,150.0,8.0,0.05107965129087044,0.6314400918663358,,198305.32015051943,1.0,,4281036.4635471525,108545549.27857892,0.6312071947335781,0.7990463019412558,0.798675792548109,55.859874059006145,2523277952.504314,208779669.22846195,30358488.46729504,239138157.695757,32.27203093168513,10.979470041838209,12.608373085482802,25.647308674622614,6.624722257062517,1.4808679465514365,7.576900991819326,,,3.5506041471120398,,2.6729108168823617,8.660231046698852,-1.1879603630588276,0.8342885413158214
hydrogen_decentral_nt66_tc15_A325_e13846c1,hydrogen_decentral,66,15.0,325.0,990.0,1.2,150.0,8.0,0.05107965129087044,0.6314400918663358,,198305.32015051943,1.0,,4438623.198064847,112541156.13754684,0.5319992046177773,0.8290022394405075,0.8285711631509484,54.42074567952197,2546783816.997156,210724578.47196165,30828605.757151883,241553184.22911352,31.126260330342912,11.133753852869289,12.160731496309772,24.73673901307459,6.389521317268321,1.4282919261199867,7.30789435805387,,,3.424545212135916,,3.093615698454921,8.352762385828287,-1.145783592020341,0.8331593606064212
hydrogen_decentral_nt66_tc15_A325_88cec36e,hydrogen_decentral,66,15.0,325.0,990.0,1.4,150.0,8.0,0.05107965129087044,0.6314400918663358,,198305.32015051943,1.0,,4496843.020763088,114017317.97066654,0.4559993182438091,0.8400798068094449,0.8395353973390103,54.235447042571316,2569511813.809796,212605125.81794822,31283165.69340468,243888291.5113529,30.72327420222489,11.508884160769878,12.003288679576551,24.416476875209373,6.306797327015517,1.409800085885385,7.213280356217717,,,3.3802082374734495,,3.562490410554225,8.244620664425494,-1.130949336683881,0.8327224224740422
hydrogen_decentral_nt66_tc15_A325_123d582a,hydrogen_decentral,66,15.0,325.0,990.0,1.6,150.0,8.0,0.05107965129087044,0.6314400918663358,,198305.32015051943,1.0,,4547596.825057689,115304179.13432273,0.398999403463333,0.8497385669518832,0.8488064646751127,54.14205809325445,2592170244.6700273,214479917.1763636,31736334.310609303,246216251.4869729,30.380384736396024,11.892348304219512,11.86932505263891,24.143974906244193,6.236409830151831,1.394065903545544,7.13277598575455,,,3.342483163338816,,4.0259782425150545,8.152605941092984,-1.118327289587515,0.8320914101989885
hydrogen_decentral_nt66_tc15_A325_4f0d3382,hydrogen_decentral,66,15.0,325.0,990.0,1.8,150.0,8.0,0.05107965129087044,0.6314400918663358,,198305.32015051943,1.0,,4590902.759792919,116402199.79190972,0.3546661364118516,0.8579855588175096,0.8569923887431543,54.13734206488312,2614780609.5431914,216350731.48545265,32188541.60807259,248539273.09352523,30.093806904657132,12.286173318958612,11.757361841267384,23.91622505915616,6.177581845500968,1.3809156953633355,7.065492589115141,,,3.310953556788908,,4.486501388785342,8.075702499813616,-1.1077781206877388,0.8317475510473908
hydrogen_decentral_nt66_tc15_A325_f2a73636,hydrogen_decentral,66,15.0,325.0,990.0,2.0,150.0,8.0,0.05107965129087044,0.6314400918663358,,198305.32015051943,1.0,,4629436.061012973,117379210.47193137,0.3191995227706664,0.8653263843958621,0.8641801754559595,54.187707408618394,2637354300.2297826,218218511.31927344,32640015.421804413,250858526.74107784,29.843319866704274,12.684888584896962,11.659498957017162,23.717157377454686,6.126162489249585,1.3694215868482496,7.006682671316026,,,3.2833946988528857,,4.943508677978879,8.008484058325784,-1.0985574839953065,0.8314533325876036
hydrogen_decentral_nt133_tc15_A50_9a13a08e,hydrogen_decentral,133,15.0,50.0,1995.0,1.0,150.0,8.0,0.19991492829297763,0.5324006296912341,,98994.94936611666,2.0,,7337781.77818482,186049233.72679564,0.5320901952514172,0.8105150502588601,0.8100421390120789,58.12338507541668,4418228387.206484,365570610.3805437,60926105.512268335,426496715.892812,37.941818095339706,12.908423891650777,7.273143088426187,30.15321602868665,7.788602066653062,0.9168584276777487,2.213270796095587,,,4.143013864652851,,3.142507399484601,10.181723974330106,-1.3966699553264892,0.9808624731625569
hydrogen_decentral_nt133_tc15_A50_12b67e61,hydrogen_decentral,133,15.0,50.0,1995.0,1.2,150.0,8.0,0.19991492829297763,0.5324006296912341,,98994.94936611666,2.0,,7591594.249529982,192484641.21526325,0.44621601518835435,0.8390724403165734,0.8385607922394025,56.82118223024677,4465596265.654181,369489897.18941426,61873463.08122227,431363360.27063656,36.673295792701765,13.117908929501974,7.029977508043025,29.145092829831633,7.528202962870132,0.8862047736818259,2.139273726172115,,,4.004499008189083,,3.6449313979355606,9.841314774426014,-1.3499745918279855,0.9816373489683831
hydrogen_decentral_nt133_tc15_A50_61726992,hydrogen_decentral,133,15.0,50.0,1995.0,1.4,150.0,8.0,0.19991492829297763,0.5324006296912341,,98994.94936611666,2.0,,7684902.303858626,194850464.09377855,0.38247087016144654,0.8495817580421176,0.8488977577701597,56.7435912658942,4511396622.86753,373279485.02299327,62789470.22548927,436068955.2484825,36.228018319946166,13.570951568316751,6.944621377631287,28.791220809387884,7.436797510558287,0.8754447093505607,2.1132992295327395,,,3.9558774387479865,,4.200788204039943,9.721824129349582,-1.3335835568380772,0.9819227917653023
hydrogen_decentral_nt133_tc15_A50_1fe7f177,hydrogen_decentral,133,15.0,50.0,1995.0,1.6,150.0,8.0,0.19991492829297763,0.5324006296912341,,98994.94936611666,2.0,,7769943.5747762015,197006682.93043107,0.3346620113912657,0.8591568550891057,0.8576736353571202,56.72629962866371,4557056794.1464815,377057473.66949695,63702673.651068285,440760147.3205652,35.831506210031364,14.026180241358178,6.868613177274164,28.47610371936842,7.355402490662952,0.865863052806371,2.0901693765834826,,,3.91258074788431,,4.748355415832114,9.61541971706003,-1.3189876155089204,0.9813927239749541
hydrogen_decentral_nt133_tc15_A50_78379007,hydrogen_decentral,133,15.0,50.0,1995.0,1.8,150.0,8.0,0.19991492829297763,0.5324006296912341,,98994.94936611666,2.0,,7839764.513670193,198776990.7117189,0.2974773434589029,0.8670263966427743,0.8656637517465607,56.81821017123959,4602620105.178767,380827447.95902497,64613939.871713996,445441387.83073896,35.51239083338862,14.498378026147593,6.807441311703369,28.22249555368154,7.289895279707087,0.8581516768849204,2.071554329146017,,,3.8777353056724304,,5.294324885444439,9.52978479379999,-1.307240712455417,0.9815090593585813
hydrogen_decentral_nt133_tc15_A50_bf609d8e,hydrogen_decentral,133,15.0,50.0,1995.0,2.0,150.0,8.0,0.19991492829297763,0.5324006296912341,,98994.94936611666,2.0,,7901828.376798267,200350618.07297838,0.26772960911301263,0.8740241755471344,0.8724487663392273,56.96340313518767,4648109512.168413,384591307.32111835,65523728.011506915,450115035.33262527,35.23346346886807,14.975966499667633,6.7539731666519645,28.000825704926097,7.232637763941976,0.8514114383378903,2.055283580375518,,,3.847278147938556,,5.836379236343864,9.454934362877058,-1.2969731636319697,0.9816260640786785
hydrogen_decentral_nt133_tc15_A75_35000ca3,hydrogen_decentral,133,15.0,75.0,1995.0,1.0,150.0,8.0,0.16702668286026778,0.5542854556891205,,121243.5565298214,2.0,,7622852.22541163,193277186.24268842,0.5540068348827947,0.8076961236196498,0.8071801395087498,56.42670109711686,4461946900.283164,369187943.4176158,60944460.61317839,430132404.03079414,36.52291468055487,12.425689862054995,7.4780965545069895,29.02558157842546,7.497333102129412,0.8825708363283503,2.607447405250942,,,3.9880783129276978,,3.0249876098711717,9.800959855982596,-1.3444389377205206,0.9441813339217465
hydrogen_decentral_nt133_tc15_A75_7c768912,hydrogen_decentral,133,15.0,75.0,1995.0,1.2,150.0,8.0,0.16702668286026778,0.5542854556891205,,121243.5565298214,2.0,,7891163.35592561,200080206.7932457,0.4651391046693558,0.8366542716738188,0.8361799673073684,55.12483125596056,4509314778.730861,373107230.2264864,61891818.182132326,434999048.4086187,35.28108200194903,12.619918952797303,7.223830301214211,28.038669223951764,7.242412777997271,0.8525621331532844,2.5187903683219988,,,3.8524777997389292,,3.5065603121395745,9.467712842776852,-1.2987260415331758,0.9443718394140521
hydrogen_decentral_nt133_tc15_A75_df120ce5,hydrogen_decentral,133,15.0,75.0,1995.0,1.4,150.0,8.0,0.16702668286026778,0.5542854556891205,,121243.5565298214,2.0,,7989577.605573658,202575497.0987236,0.39869066114516216,0.8472854666164874,0.8467145629054826,55.03477969595284,4555115135.94421,376896818.0600653,62807825.32639933,439704643.38646466,34.84649567168161,13.053435628456233,7.134848395814998,27.693293694852454,7.153201976829159,0.8420604187004345,2.4877643396185274,,,3.805023637496037,,4.040594952695347,9.351091176237802,-1.2827285564112212,0.9444780559343047
hydrogen_decentral_nt133_tc15_A75_f8d7a0cf,hydrogen_decentral,133,15.0,75.0,1995.0,1.6,150.0,8.0,0.16702668286026778,0.5542854556891205,,121243.5565298214,2.0,,8078129.015564289,204820715.40477407,0.3488543285020169,0.8568504487328461,0.8556137136319492,55.01222307818076,4600775307.223162,380674806.7065691,63721028.75197834,444395835.4585474,34.4645128735591,13.491073098116523,7.056637106505121,27.389723375631384,7.074789497927726,0.8328298608287346,2.460493787294693,,,3.763313458381695,,4.567202824182833,9.248585718970237,-1.268667451161898,0.94395200612535
hydrogen_decentral_nt133_tc15_A75_56aebb25,hydrogen_decentral,133,15.0,75.0,1995.0,1.8,150.0,8.0,0.16702668286026778,0.5542854556891205,,121243.5565298214,2.0,,8151736.714983133,206687036.38395366,0.31009273644623725,0.8648085852946781,0.8633086556783746,55.08974242793001,4646338618.255446,384444780.996097,64632294.97262405,449077075.9687211,34.153308820617724,13.943515784342011,6.992917822970267,27.142402516789964,7.010906303827763,0.825309660875485,2.4382762778915454,,,3.729331884203238,,5.091707670643801,9.165073807158842,-1.2572117705293337,0.9439460770686997
hydrogen_decentral_nt133_tc15_A75_5d18309c,hydrogen_decentral,133,15.0,75.0,1995.0,2.0,150.0,8.0,0.16702668286026778,0.5542854556891205,,121243.5565298214,2.0,,8217213.4262473835,208347196.4058667,0.2790834628016135,0.871890233816891,0.8705483490446827,55.21953732164715,4691828025.245093,388208640.3581905,65542083.11241697,453750723.47060746,33.881167131657406,14.401173599685361,6.937196590304371,26.926125396990056,6.955041734667353,0.8187333971756605,2.4188475125001023,,,3.699615680628609,,5.612373036361455,9.092044318905556,-1.2471940080803232,0.943950252498672
hydrogen_decentral_nt133_tc15_A100_8e82d026,hydrogen_decentral,133,15.0,100.0,1995.0,1.0,150.0,8.0,0.14727933892898015,0.5674259312654437,,140000.0,2.0,,7794611.086039956,197632126.9279908,0.5672027859590507,0.8060528455732483,0.8056682532314794,55.57652923675185,4498803311.7020645,372237496.23336846,60959934.67904129,433197430.9124097,35.71811067646636,12.15188244438282,7.70653611590267,28.385985738946868,7.332124937519494,0.8631228664940324,2.9432145984119638,,,3.9001986509966744,,2.9583302206119675,9.584989914782774,-1.3148134313830966,0.9233757403711743
hydrogen_decentral_nt133_tc15_A100_4b1ad0fc,hydrogen_decentral,133,15.0,100.0,1995.0,1.2,150.0,8.0,0.14727933892898015,0.5674259312654437,,140000.0,2.0,,8071176.902063414,204644444.77848417,0.47657114431160147,0.8351842729473054,0.834681980431087,54.27511757030653,4546171190.149761,376156783.042239,61907292.24799523,438064075.2902342,34.494198904252855,12.3384536361241,7.442465029929572,27.41331553176617,7.08088337248669,0.8335472193737962,2.842362819666554,,,3.7665549908892215,,3.428352590490833,9.256551994325248,-1.2697602187003085,0.923309270008326
hydrogen_decentral_nt133_tc15_A100_9d51f8e7,hydrogen_decentral,133,15.0,100.0,1995.0,1.4,150.0,8.0,0.14727933892898015,0.5674259312654437,,140000.0,2.0,,8173352.91631893,207235114.51112905,0.40848955226708694,0.8459571319229863,0.8453485603883666,54.17234209770211,4591971547.3631115,379946370.8758181,62823299.39226223,442769670.2680803,34.06298300117634,12.75993316826963,7.349425928256137,27.07061855694544,6.992364444230906,0.8231269507959724,2.806830118833125,,,3.71946885862704,,3.949743425711266,9.140834785217502,-1.2538868018131002,0.9232417591539633
hydrogen_decentral_nt133_tc15_A100_cedd81b6,hydrogen_decentral,133,15.0,100.0,1995.0,1.6,150.0,8.0,0.14727933892898015,0.5674259312654437,,140000.0,2.0,,8263998.532892934,209533431.36138272,0.3574283582337011,0.8555126091829461,0.8542982562682527,54.14580612026352,4637631718.642062,383724359.52232176,63736502.81784124,447460862.340163,33.68935514001425,13.18763896329528,7.2688120169539845,26.773688094002217,6.915667046012035,0.8140982887413264,2.7760427408190282,,,3.67867098739363,,4.464479695531004,9.040571383450283,-1.240133248758612,0.9227211330726045
hydrogen_decentral_nt133_tc15_A100_8091ad36,hydrogen_decentral,133,15.0,100.0,1995.0,1.8,150.0,8.0,0.14727933892898015,0.5674259312654437,,140000.0,2.0,,8339878.095459492,211457355.361549,0.3177140962077344,0.8635191286859123,0.8623449739398891,54.21447384182965,4683195029.674348,387494333.8118498,64647769.03848695,452142102.85033673,33.38283584777598,13.628960550040894,7.202677444012769,26.53009031983662,6.852745527939361,0.8066912953382085,2.750785188319058,,,3.6452009603555027,,4.976842573196089,8.958316631752961,-1.2288500180731086,0.9226513631649511
hydrogen_decentral_nt133_tc15_A100_885189c8,hydrogen_decentral,133,15.0,100.0,1995.0,2.0,150.0,8.0,0.14727933892898015,0.5674259312654437,,140000.0,2.0,,8407426.251777424,213170036.8097724,0.28594268658696087,0.8706492180678167,0.8691677956919184,54.33479125144238,4728684436.663994,391258193.1739431,65557557.17827987,456815750.352223,33.11462665430197,14.075355942853028,7.144808654287382,26.316938442628743,6.797688211673234,0.8002100598107128,2.728684433304009,,,3.6159141611726597,,5.485396563276218,8.886342432507472,-1.2189770140613818,0.9225939611307152
hydrogen_decentral_nt133_tc15_A125_53d09358,hydrogen_decentral,133,15.0,125.0,1995.0,1.0,150.0,8.0,0.1339689160332087,0.5762830863127762,,156524.75842498528,2.0,,7909862.483661167,200554322.60804176,0.5760540507387131,0.8050060031744536,0.8046691823128608,55.108135533809005,4531274462.00716,374924206.1986488,60973567.6047419,435897773.80339074,35.19767657481729,11.974822294685309,7.935636664306402,27.972385055492868,7.225291519324426,0.8505466533313201,3.241719572410196,,,3.843370438564886,,2.915225591011279,9.445330914876543,-1.295655818227235,0.9099216070247194
hydrogen_decentral_nt133_tc15_A125_1e3ef679,hydrogen_decentral,133,15.0,125.0,1995.0,1.2,150.0,8.0,0.1339689160332087,0.5762830863127762,,156524.75842498528,2.0,,8191904.649232936,207705493.13470933,0.4842347947743474,0.834242825523004,0.8337988612246828,53.80487652801074,4578642340.454857,378843493.00751936,61920925.17369584,440764418.1812152,33.98584253263447,12.156616349824102,7.662417645552163,27.009313291956495,6.97652924067798,0.8212628627725702,3.1301091902673113,,,3.7110455925122823,,3.3778274315106795,9.120134065078833,-1.2510471968558072,0.9097020500903942
hydrogen_decentral_nt133_tc15_A125_9b1f54cc,hydrogen_decentral,133,15.0,125.0,1995.0,1.4,150.0,8.0,0.1339689160332087,0.5762830863127762,,156524.75842498528,2.0,,8295994.41943341,210344686.09111083,0.4150583955208692,0.8450438409229954,0.8443765786941437,53.69700009869165,4624442697.668207,382633080.8410984,62836932.31796284,445470013.15906125,33.559422460436174,12.571300280603852,7.566277357651625,26.670427671777357,6.8889947886588265,0.8109584847392471,3.0908357373399444,,,3.6644831355724343,,3.8913535032794173,9.005703821875223,-1.2353503185014023,0.9095932739506147
hydrogen_decentral_nt133_tc15_A125_927ba795,hydrogen_decentral,133,15.0,125.0,1995.0,1.6,150.0,8.0,0.1339689160332087,0.5762830863127762,,156524.75842498528,2.0,,8388665.492790716,212694358.33647862,0.3631760960807606,0.8546580623298218,0.8536246589397825,53.66302966997742,4670102868.947158,386411069.4876021,63750135.74354185,450161205.23114395,33.188685577038854,12.991652741267893,7.482691351670669,26.375794733872503,6.8128908431663575,0.8019996827350921,3.0566907275530393,,,3.6240009413825374,,4.398131465094882,8.906216216817135,-1.2217031847485782,0.9090082441044536
hydrogen_decentral_nt133_tc15_A125_a337a4da,hydrogen_decentral,133,15.0,125.0,1995.0,1.8,150.0,8.0,0.1339689160332087,0.5762830863127762,,156524.75842498528,2.0,,8466101.639727429,214657749.4859896,0.3228231965162316,0.8626991961331593,0.8614229076368813,53.72513408142377,4715666179.979444,390181043.7771301,64661401.96418756,454842445.7413177,32.88512154694027,13.425762457397934,7.4142500770855575,26.134545572983562,6.750575973956708,0.7946641028048858,3.0287323634332215,,,3.5908536108474505,,4.902641395890995,8.824754512603791,-1.2105287397261717,0.9088952886293196
hydrogen_decentral_nt133_tc15_A125_c7dd15ea,hydrogen_decentral,133,15.0,125.0,1995.0,2.0,150.0,8.0,0.1339689160332087,0.5762830863127762,,156524.75842498528,2.0,,8534974.400605777,216404016.24254,0.29054087686460844,0.869853770676837,0.8684308124517123,53.83918822423057,4761155586.9690895,393944903.13922346,65571190.10398048,459516093.24320394,32.61975588719123,13.865011364141267,7.354420972898069,25.923653515968763,6.696102371222475,0.7882515808496701,3.0042920839384823,,,3.561877308109917,,5.403421838526531,8.753543378412978,-1.2007604085614512,0.908806555763209
hydrogen_decentral_nt133_tc15_A150_6fd0a0e6,hydrogen_decentral,133,15.0,150.0,1995.0,1.0,150.0,8.0,0.12390330405546612,0.5829810467480888,,171464.28199482246,2.0,,7996740.1529779425,202757103.2702318,0.5827382519210567,0.804259617180052,0.8038421311806891,54.81471974832995,4560630625.821891,377353177.67401606,60985892.71168701,438339070.3857031,34.81528424398145,11.844726201584496,8.154709302763989,27.66848927141545,7.146794972566005,0.8413061991621182,3.511787562612239,,,3.8016155409896326,,2.8835541849089608,9.342715559105033,-1.2815796377373159,0.9000360953078176
hydrogen_decentral_nt133_tc15_A150_d8212c41,hydrogen_decentral,133,15.0,150.0,1995.0,1.2,150.0,8.0,0.12390330405546612,0.5829810467480888,,171464.28199482246,2.0,,8282883.137836709,210012249.94514984,0.48999914470289985,0.8335714188851665,0.8330600527278424,53.50862826241471,4607998504.2695875,381272464.4828866,61933250.28064095,443205714.7635276,33.612544909561585,12.02308910289354,7.872994249959578,26.71264527664875,6.899899632912841,0.8122421808725513,3.390468287833939,,,3.6702837812530884,,3.3407256603798765,9.019959283025665,-1.237305800140695,0.8997099596286913
hydrogen_decentral_nt133_tc15_A150_166be71f,hydrogen_decentral,133,15.0,150.0,1995.0,1.4,150.0,8.0,0.12390330405546612,0.5829810467480888,,171464.28199482246,2.0,,8388398.397792014,212687586.15091315,0.4199992668881999,0.8443913099167514,0.8438990856215208,53.39652320987428,4653798861.482937,385062052.3164656,62849257.42490795,447911309.74137354,33.18974233799735,12.432818760773536,7.773962111103396,26.376634565569343,6.813107772428014,0.8020252192074985,3.3478205586970895,,,3.624116333198809,,3.8484875677514436,8.906499799653341,-1.2217420850004583,0.8995734783692094
hydrogen_decentral_nt133_tc15_A150_7a3d21bd,hydrogen_decentral,133,15.0,150.0,1995.0,1.6,150.0,8.0,0.12390330405546612,0.5829810467480888,,171464.28199482246,2.0,,8482466.65127334,215072683.8558149,0.3674993585271749,0.8540360535136342,0.8529305671916412,53.35741599945037,4699459032.7618885,388840040.9629693,63762460.850486964,452602501.8134563,32.82167710136457,12.847987917362934,7.687750980722858,26.08412484542493,6.737552255939642,0.7931309771526238,3.3106941371180274,,,3.5839258664522076,,4.349495868452382,8.807729133616075,-1.2081932967923286,0.8989562120868029
hydrogen_decentral_nt133_tc15_A150_35402aba,hydrogen_decentral,133,15.0,150.0,1995.0,1.8,150.0,8.0,0.12390330405546612,0.5829810467480888,,171464.28199482246,2.0,,8561063.188534634,217065496.66669965,0.3266660964685999,0.8621014479389276,0.8609007559347381,53.41436364306307,4745022343.794174,392610015.2524973,64673727.071132675,457283742.32363,32.52035119003029,13.276840393771586,7.617172059261193,25.84465436784601,6.675696822184279,0.7858494810316341,3.2802996534682363,,,3.5510229247613236,,4.8482600170893955,8.726868030760912,-1.197101238787505,0.8988135847087828
hydrogen_decentral_nt133_tc15_A150_9d48d4d4,hydrogen_decentral,133,15.0,150.0,1995.0,2.0,150.0,8.0,0.12390330405546612,0.5829810467480888,,171464.28199482246,2.0,,8631045.10993618,218839886.15456846,0.29399948682173993,0.8692855345410243,0.8677728140913795,53.5227639227264,4790511750.783819,396373874.61459064,65583515.210925594,461957389.8255162,32.25667087878833,13.71068225802946,7.555410785908608,25.635101695187803,6.621569183600531,0.7794776852740508,3.2537024488888906,,,3.5222306517456667,,5.343277260178652,8.656109161489415,-1.187394946706367,0.8986907830677587
hydrogen_decentral_nt133_tc15_A175_acb5beb5,hydrogen_decentral,133,15.0,175.0,1995.0,1.0,150.0,8.0,0.11588358610864546,0.5883176078661756,,185202.59177452134,2.0,,8066833.395607948,204534315.30446118,0.5880996188713724,0.8036604913030524,0.8031803013700847,54.61673158241063,4587626404.538999,379586847.47069013,60997226.817255266,440584074.2879454,34.51277196362685,11.741806601436851,8.362153017346923,27.428075959698496,7.084696003928359,0.8339960346090602,3.7595739276609397,,,3.768583055076924,,2.8584987941245625,9.261536092963581,-1.2704439084998054,0.8922156228485101
hydrogen_decentral_nt133_tc15_A175_d4c70fb2,hydrogen_decentral,133,15.0,175.0,1995.0,1.2,150.0,8.0,0.11588358610864546,0.5883176078661756,,185202.59177452134,2.0,,8356525.732395847,211879455.6895499,0.49465558641927865,0.8330559094310365,0.8324630200810834,53.305731703653535,4634994282.986695,383506134.2795607,61944584.386209205,445450718.6657699,33.316331495501295,11.917134606430936,8.072265601721305,26.477237815616938,6.8390936798843605,0.8050842274927227,3.629242281315527,,,3.637939092913056,,3.3112852310412917,8.940470123811487,-1.2264019374227006,0.8917811890008578
hydrogen_decentral_nt133_tc15_A175_7eb777bc,hydrogen_decentral,133,15.0,175.0,1995.0,1.4,150.0,8.0,0.11588358610864546,0.5883176078661756,,185202.59177452134,2.0,,8463143.191126686,214582738.11173138,0.42399050264509597,0.8438853807442999,0.8433274644933235,53.19020409764416,4680794640.200045,387295722.1131397,62860591.530476205,450156313.6436159,32.89661715083455,12.323014584257207,7.970572362552406,26.143681387897164,6.7529357629373905,0.7949418923743059,3.5835216098801124,,,3.5921088602979885,,3.814498492840809,8.827839369145872,-1.2109519024891457,0.8916286247596716
hydrogen_decentral_nt133_tc15_A175_da1e2363,hydrogen_decentral,133,15.0,175.0,1995.0,1.6,150.0,8.0,0.11588358610864546,0.5883176078661756,,185202.59177452134,2.0,,8558167.561208751,216992078.12395415,0.37099168981445896,0.8535369319565722,0.8525175278587741,53.14776819483729,4726454811.478996,391073710.75964344,63773794.95605522,454847505.71569866,32.53135434191761,12.734341582533965,7.882072270385702,25.853398820076038,6.6779555218415805,0.7861153705710748,3.5437324983420537,,,3.5522244014725746,,4.311022586333605,8.72982073732555,-1.197506273981557,0.891004532856366
hydrogen_decentral_nt133_tc15_A175_e18c0fd0,hydrogen_decentral,133,15.0,175.0,1995.0,1.8,150.0,8.0,0.11588358610864546,0.5883176078661756,,185202.59177452134,2.0,,8637763.901747735,219010240.91652477,0.32977039094618577,0.8616278491253369,0.8603582133881854,53.19996603899915,4772018122.511282,394843685.0491714,64685061.17670093,459528746.22587234,32.2315803740427,13.158946093927069,7.809439571029384,25.615161706862448,6.6164186671802545,0.7788713769344527,3.511077271604492,,,3.5194909224904403,,4.8052089444526365,8.649376100014745,-1.186471344309293,0.8908323937689797
hydrogen_decentral_nt133_tc15_A175_53707c45,hydrogen_decentral,133,15.0,175.0,1995.0,2.0,150.0,8.0,0.11588358610864546,0.5883176078661756,,185202.59177452134,2.0,,8708510.67155737,220804023.1125094,0.2967933518515672,0.8688218934764009,0.867538932703972,53.30445253329911,4817507529.500928,398607544.4112648,65594849.31649385,464202393.72775865,31.969735348719283,13.588720450622269,7.745996733957558,25.407067577193327,6.5626677715259625,0.7725439305898941,3.4825537519251366,,,3.490899051442528,,5.295746747847838,8.579109731513498,-1.1768326106328528,0.8906965818937844
hydrogen_decentral_nt133_tc15_A200_45114047,hydrogen_decentral,133,15.0,200.0,1995.0,1.0,150.0,8.0,0.10931753704434866,0.5926868540626541,,197989.89873223333,2.0,,8124813.402684935,206004396.6198006,0.5925142345404165,0.8031758939376742,0.8026322200828081,54.48416487010465,4612753462.710903,381665896.62522656,61007776.34549538,442673672.97072196,34.266483136607604,11.658015134961701,8.559666598535335,27.232344690630097,7.034138445977511,0.8280445014978095,3.9899322715492778,,,3.7416898254882462,,2.8381000757665347,9.195444245483571,-1.261377811451793,0.8858486251633867
hydrogen_decentral_nt133_tc15_A200_a5ef8c64,hydrogen_decentral,133,15.0,200.0,1995.0,1.2,150.0,8.0,0.10931753704434866,0.5926868540626541,,197989.89873223333,2.0,,8417166.32137261,213416995.97800738,0.498505886480649,0.8326114245556713,0.8320685451616455,53.16995058208198,4660121341.1586,385585183.4340971,61955133.91444932,447540317.34854645,33.07630749130616,11.831278864265743,8.262364226510075,26.28648534212239,6.789822149183776,0.7992840828992749,3.8513502000519244,,,3.611729943558875,,3.28742942505935,8.876059447660245,-1.2175664537256852,0.8853564452718317
hydrogen_decentral_nt133_tc15_A200_5724f610,hydrogen_decentral,133,15.0,200.0,1995.0,1.4,150.0,8.0,0.10931753704434866,0.5926868540626541,,197989.89873223333,2.0,,8524924.39538381,216149198.6659181,0.4272907598405563,0.8434718998818564,0.8429819482951686,53.04984435654122,4705921698.371949,389374771.2676761,62871141.05871632,452245912.3263924,32.65821120970214,12.233708140494986,8.157925006344101,25.954214825503545,6.703996384198596,0.7891808480356702,3.802667764800654,,,3.5660763935077764,,3.7868543402835964,8.763862901799179,-1.2021759810424115,0.8851668794546217
hydrogen_decentral_nt133_tc15_A200_b0ed9e9a,hydrogen_decentral,133,15.0,200.0,1995.0,1.6,150.0,8.0,0.10931753704434866,0.5926868540626541,,197989.89873223333,2.0,,8620584.024928262,218574645.66248134,0.3738794148604867,0.8531132039691746,0.8520561180029169,53.00535359056229,4751581869.650901,393152759.91417986,63784344.48429533,456937104.39847517,32.295814372449506,12.642139874728592,8.067399343384185,25.66620990981044,6.629604462639068,0.7804235820142075,3.760470880156926,,,3.52650488121305,,4.279809064827894,8.666613356276486,-1.1888358513410817,0.8845533049652938
hydrogen_decentral_nt133_tc15_A200_14934410,hydrogen_decentral,133,15.0,200.0,1995.0,1.8,150.0,8.0,0.10931753704434866,0.5926868540626541,,197989.89873223333,2.0,,8701076.208971288,220615522.53984,0.332337257653766,0.8612319017008963,0.8599061949341222,53.05301710065417,4797145180.683187,396922734.2037079,64695610.70494104,461618344.9086489,31.997051257191842,13.063196646637103,7.992769196825218,25.428776143902574,6.568275113289271,0.7732040154817094,3.72568340020566,,,3.493881781137848,,4.770244434585354,8.586439982253637,-1.1778381319963838,0.8843503617944933
hydrogen_decentral_nt133_tc15_A200_13978b35,hydrogen_decentral,133,15.0,200.0,1995.0,2.0,150.0,8.0,0.10931753704434866,0.5926868540626541,,197989.89873223333,2.0,,8772534.755139254,222427351.80373365,0.2991035318883894,0.8684420394015809,0.8671022218255104,53.153621550187104,4842634587.6728325,400686593.56580126,65605398.84473396,466291992.4105352,31.736412476232744,13.489546677227777,7.927662396726578,25.221640643754295,6.514771832478452,0.7669057178539699,3.695335054295163,,,3.4654216245774436,,5.257097105312758,8.516497310606667,-1.1682438011806129,0.8841960624889617
hydrogen_decentral_nt133_tc15_A225_53c43447,hydrogen_decentral,133,15.0,225.0,1995.0,1.0,150.0,8.0,0.1037841879182213,0.596368910712913,,210000.0,2.0,,8171205.466520801,207180665.98683575,0.596067431318428,0.8027856386739968,0.802204175329098,54.415014869340226,4636353311.7020645,383618582.28212225,61017684.67904129,444636266.9611635,34.071934990729076,11.591826690116376,8.75125318849477,27.07773290434418,6.994202086384898,0.8233432743006943,4.20746355320434,,,3.7204463609897367,,2.821986747026118,9.143237060364621,-1.254216332011608,0.8808192147372416
hydrogen_decentral_nt133_tc15_A225_4cb76de2,hydrogen_decentral,133,15.0,225.0,1995.0,1.2,150.0,8.0,0.1037841879182213,0.596368910712913,,210000.0,2.0,,8465721.720931778,214648116.65648523,0.5015915382635547,0.832255788580062,0.8319079115556955,53.09682105750974,4683721190.149761,387537869.0909928,61965042.24799523,449502911.33898807,32.88659734264733,11.763420211278135,8.446803503584277,26.13571842101782,6.750878921629513,0.7946997651900711,4.0610889797055965,,,3.591014758688611,,3.2685742754905127,8.825150543824384,-1.2105830649964862,0.8802784569597226
hydrogen_decentral_nt133_tc15_A225_1cc3c817,hydrogen_decentral,133,15.0,225.0,1995.0,1.4,150.0,8.0,0.1037841879182213,0.596368910712913,,210000.0,2.0,,8574362.318381282,217402695.69932255,0.42993560422590404,0.8431378108512392,0.8426127599759058,52.972861357062676,4729521547.3631115,391327456.92457193,62881049.39226223,454208506.31683415,32.46991101068218,12.163171219081395,8.339779127299092,25.80456842308218,6.665342587600005,0.7846306015511443,4.009633359256132,,,3.5455151664918154,,3.765020155264818,8.713332359327149,-1.1952444937348627,0.8800631982242896
hydrogen_decentral_nt133_tc15_A225_07400f44,hydrogen_decentral,133,15.0,225.0,1995.0,1.6,150.0,8.0,0.1037841879182213,0.596368910712913,,210000.0,2.0,,8670547.9113187,219841478.48171148,0.376193653697666,0.8527725587959338,0.8516931777843414,52.92626291700208,4775181718.642062,395105445.57107556,63794252.81784124,458899698.3889168,32.10971028575329,12.569289756501531,8.247262874747253,25.51830880723619,6.591401478517104,0.775926404259469,3.965153014292206,,,3.5061834561955787,,4.255146737132469,8.616672142693249,-1.181985204759019,0.8794560814348317
hydrogen_decentral_nt133_tc15_A225_1abf95ef,hydrogen_decentral,133,15.0,225.0,1995.0,1.8,150.0,8.0,0.1037841879182213,0.596368910712913,,210000.0,2.0,,8751685.347169159,221898715.6990152,0.3343943588423698,0.8609059045001959,0.8597592645287454,52.97047602940176,4820745029.674348,398875419.8606036,64705519.03848695,463580938.8990905,31.812019103410925,12.987654954017923,8.170801971972896,25.281726930520406,6.530292172890526,0.7687327408274715,3.928391826524132,,,3.4736774046212924,,4.742659123842247,8.536786422916046,-1.1710269441585797,0.8792363514182094
hydrogen_decentral_nt133_tc15_A225_6859f2da,hydrogen_decentral,133,15.0,225.0,1995.0,2.0,150.0,8.0,0.1037841879182213,0.596368910712913,,210000.0,2.0,,8823834.514507517,223728055.64167133,0.30095492295813286,0.8681408909337103,0.8668321097783404,53.067018157594205,4866234436.663994,402639279.22269696,65615307.17827987,468254586.40097684,31.551904219582426,13.411121532536884,8.103992405474882,25.075007783202555,6.476896436379874,0.7624471030964775,3.8962708479635606,,,3.4452744544148444,,5.226533542948263,8.466984339576184,-1.1614518984329472,0.8790555484453819
hydrogen_decentral_nt133_tc15_A250_0093e657,hydrogen_decentral,133,15.0,250.0,1995.0,1.0,150.0,8.0,0.09883434743332886,0.5996626831931385,,221359.43621178655,2.0,,8212674.276014061,208232106.38980886,0.5993121153952589,0.8024394539332735,0.8018854584388561,54.366278206628905,4658674603.858225,385465478.296289,61027056.21391601,446492534.51020503,33.89989327402252,11.533295298691874,8.93308963391451,26.94100748341776,6.958885790604758,0.8191859116387841,4.412243261735537,,,3.7016604605401877,,2.8077374992327764,9.097069497514195,-1.2478833329923449,0.8763716349372462
hydrogen_decentral_nt133_tc15_A250_de39cd09,hydrogen_decentral,133,15.0,250.0,1995.0,1.2,150.0,8.0,0.09883434743332886,0.5996626831931385,,221359.43621178655,2.0,,8509486.479137298,215757770.76920128,0.5043505845830284,0.8319763292140259,0.8315860239797178,53.04188213879022,4706042482.305922,389384765.1051596,61974413.78286995,451359178.8880295,32.71745975903028,11.702920292454747,8.621502087305196,26.001300979962156,6.716158779068125,0.7906125804751302,4.258343535066702,,,3.5725459717633634,,3.251763817750867,8.77976230792734,-1.2043569695373582,0.8757511363138972
hydrogen_decentral_nt133_tc15_A250_35c21b76,hydrogen_decentral,133,15.0,250.0,1995.0,1.4,150.0,8.0,0.09883434743332886,0.5996626831931385,,221359.43621178655,2.0,,8618714.732753402,218527249.8162627,0.4323005010711672,0.8428572143457668,0.8423005492412966,52.91563626450107,4751842839.519271,393174352.9387386,62890420.92713695,456064773.86587554,32.30281893344951,12.10057882256807,8.512238508483497,25.67177659194698,6.63104234150253,0.7805928461957208,4.204375925967733,,,3.5272697363200427,,3.7456451394737638,8.668493037067853,-1.189093695071036,0.8755343410974884
hydrogen_decentral_nt133_tc15_A250_06f7943d,hydrogen_decentral,133,15.0,250.0,1995.0,1.6,150.0,8.0,0.09883434743332886,0.5996626831931385,,221359.43621178655,2.0,,8715484.824969131,220980852.5600693,0.37826293843727127,0.8524975866708366,0.851385899592916,52.86636087276879,4797503010.798223,396952341.5852423,63803624.35271596,460755965.93795824,31.94415308412551,12.504482680386044,8.417725108257233,25.38673677625857,6.557416307866945,0.7719257389462321,4.157693744283487,,,3.4881056250275133,,4.233207262124879,8.57224470580288,-1.1758909061457998,0.8749216186040822
hydrogen_decentral_nt133_tc15_A250_5ff3ed39,hydrogen_decentral,133,15.0,250.0,1995.0,1.8,150.0,8.0,0.09883434743332886,0.5996626831931385,,221359.43621178655,2.0,,8797166.099950805,223051878.80199814,0.33623372305535226,0.8606405720453228,0.8595297403891421,52.90762970256237,4843066321.830508,400722315.8747703,64714890.57336167,465437206.448132,31.647553119719277,12.920509657741169,8.339566925101916,25.151022114974577,6.496531004744706,0.7647584446344137,4.119089752707348,,,3.455718727760155,,4.7181398974586175,8.492651815425512,-1.164972814187313,0.8746907590443526
hydrogen_decentral_nt133_tc15_A250_d61924c0,hydrogen_decentral,133,15.0,250.0,1995.0,2.0,150.0,8.0,0.09883434743332886,0.5996626831931385,,221359.43621178655,2.0,,8869821.383827081,224894051.31407407,0.302610350749817,0.8678863923511192,0.8666272249997403,53.00116356426318,4888555728.820154,404486175.2368637,65624678.71315459,470110853.9500183,31.38831881765145,13.341589637061503,8.271255109550221,24.94500278578336,6.443316031868093,0.7584940860315443,4.085349091836713,,,3.4274119316819633,,5.199435825346855,8.423086037061903,-1.1554301834104121,0.8744979580631556
hydrogen_decentral_nt133_tc15_A275_35bab752,hydrogen_decentral,133,15.0,275.0,1995.0,1.0,150.0,8.0,0.09442380476302625,0.602597590714834,,232163.735324878,2.0,,8253508.034977105,209267445.1059104,0.6023924286036357,0.8020711357835066,0.8015530566253126,54.31121943873571,4679905051.615449,387222116.26632565,61035969.76068431,448258086.02700996,33.73217549087405,11.476234979821328,9.102808968040334,26.807718389721188,6.924457101152868,0.8151330361923651,4.604329224728529,,,3.6833467071194397,,2.793846378537273,9.052062266460764,-1.2417095015721211,0.8720358363954113
hydrogen_decentral_nt133_tc15_A275_75af0767,hydrogen_decentral,133,15.0,275.0,1995.0,1.2,150.0,8.0,0.09442380476302625,0.602597590714834,,232163.735324878,2.0,,8552492.884381032,216848196.86564484,0.507086749696243,0.831663211336145,0.8312311206791383,52.981596889995934,4727272930.063146,391141403.0751962,61983327.32963825,453124730.40483445,32.55293926752399,11.644071891241625,8.784585731230331,25.87055284583033,6.682386421693662,0.7866369671087862,4.443367421138419,,,3.5545813429831266,,3.23541224933758,8.735613073211466,-1.1983008330879927,0.871347401780571
hydrogen_decentral_nt133_tc15_A275_4e7d0ab6,hydrogen_decentral,133,15.0,275.0,1995.0,1.4,150.0,8.0,0.09442380476302625,0.602597590714834,,232163.735324878,2.0,,8662371.927385658,219634176.65785137,0.43464578545392263,0.8425495024746233,0.8419581597332785,52.85276702738574,4773073287.276496,394930990.90877527,62899334.47390525,457830325.38268054,32.140017051335704,12.039593525556093,8.673156450493941,25.54239427534531,6.597622775990399,0.7766587627713903,4.387004918576147,,,3.5094927691464033,,3.726767589508448,8.624804992862407,-1.1831008220661738,0.8711217652514114
hydrogen_decentral_nt133_tc15_A275_9417a18c,hydrogen_decentral,133,15.0,275.0,1995.0,1.6,150.0,8.0,0.09442380476302625,0.602597590714834,,232163.735324878,2.0,,8759680.462408235,222101431.6026429,0.3803150622721823,0.8521913667710265,0.8510498945760127,52.80118600668746,4818733458.555447,398708979.55527896,63812537.89948426,462521517.45476323,31.782983711102844,12.441393212079804,8.576809083504807,25.258651851341455,6.524331859761394,0.7680311048628559,4.3382710608063935,,,3.470506917835558,,4.211849257781646,8.528994747007832,-1.1699581271615682,0.870507334451892
hydrogen_decentral_nt133_tc15_A275_21c382f1,hydrogen_decentral,133,15.0,275.0,1995.0,1.8,150.0,8.0,0.09442380476302625,0.602597590714834,,232163.735324878,2.0,,8841899.313149527,224186088.06160057,0.3380578331308287,0.8603436098663594,0.8593512381824715,52.83963788980503,4864296769.587732,402478953.8448069,64723804.12012997,467202757.96493685,31.487440830404147,12.855141811683895,8.497055247717004,25.02377727825022,6.463663552153931,0.7608893548226267,4.2979304452676885,,,3.438235447626687,,4.694269736709272,8.449685526076689,-1.1590789473356227,0.8702654962335566
hydrogen_decentral_nt133_tc15_A275_2fac6e68,hydrogen_decentral,133,15.0,275.0,1995.0,2.0,150.0,8.0,0.09442380476302625,0.602597590714834,,232163.735324878,2.0,,8915055.198209578,226040953.3014599,0.30425204981774584,0.8675999086435892,0.8663107715873843,52.93028421872147,4909786176.577378,406242813.2069003,65633592.25992289,471876405.4668232,31.22905862737675,13.273896170695588,8.427329420649132,24.818435131327377,6.410623496049379,0.7546455870671561,4.262662138043607,,,3.4100216955383673,,5.173054573656492,8.380348409323515,-1.1495676830347759,0.870060870750354
hydrogen_decentral_nt133_tc15_A300_abe614b5,hydrogen_decentral,133,15.0,300.0,1995.0,1.0,150.0,8.0,0.09047155110015204,0.6052275389706167,,242487.1130596428,2.0,,8286637.337848237,210107437.572217,0.6049674192407049,0.8018024015741466,0.8014213012678545,54.297663925946814,4700190488.864263,388900562.6993707,61044486.54731549,449945049.24668616,33.59731699366009,11.430353924700182,9.269993007586539,26.700543309455437,6.896773684204659,0.8118742005349942,4.789497820832452,,,3.6686209862190933,,2.78267680768768,9.015872856908084,-1.236745247861191,0.8685495079656063
hydrogen_decentral_nt133_tc15_A300_620d3ac2,hydrogen_decentral,133,15.0,300.0,1995.0,1.2,150.0,8.0,0.09047155110015204,0.6052275389706167,,242487.1130596428,2.0,,8587470.90715047,217735063.5687239,0.5092896624240179,0.8314484299171233,0.8309776297968332,52.962239819153936,4747558367.311958,392819849.5082412,61991844.11626943,454811693.6245106,32.4203463931815,11.596643886402425,8.945249539570021,25.76517830700704,6.655168086174463,0.7834328798933171,4.6217136454698835,,,3.540103014206821,,3.2222339428781526,8.700031645771011,-1.19341997884376,0.8677982765970209
hydrogen_decentral_nt133_tc15_A300_fa15124a,hydrogen_decentral,133,15.0,300.0,1995.0,1.4,150.0,8.0,0.09047155110015204,0.6052275389706167,,242487.1130596428,2.0,,8697859.946830893,220533974.3111281,0.43653399636344387,0.8423376003119971,0.8417125606307757,52.831074702436894,4793358724.525309,396609437.34182024,62907851.26053643,459517288.6023567,32.00888300720758,11.990470944627052,8.831720750602262,25.43817910169773,6.570703905509853,0.7734899279724826,4.563057086946287,,,3.495173735683493,,3.711562056021727,8.589615043935996,-1.178273668578326,0.8675675132476558
hydrogen_decentral_nt133_tc15_A300_32450dcc,hydrogen_decentral,133,15.0,300.0,1995.0,1.6,150.0,8.0,0.09047155110015204,0.6052275389706167,,242487.1130596428,2.0,,8795559.2223618,223011136.4696197,0.3819672468180134,0.8519764371263441,0.8508078146744775,52.77759707355928,4839018895.80426,400387425.988324,63821054.68611544,464208480.67443943,31.653334871915963,12.390642401442404,8.733619800200906,25.15561700345812,6.497717868457847,0.7648981598218871,4.512371580734539,,,3.4563500596444796,,4.194668323100841,8.494203354279204,-1.1651856453057892,0.8669563693681471
hydrogen_decentral_nt133_tc15_A300_6ead871e,hydrogen_decentral,133,15.0,300.0,1995.0,1.8,150.0,8.0,0.09047155110015204,0.6052275389706167,,242487.1130596428,2.0,,8878203.804762037,225106587.34183666,0.3395264416160119,0.8601353723204508,0.8591198148358369,52.813579356346025,4884582206.836546,404157400.27785194,64732320.906761155,468889721.1846131,31.358683307298662,12.802574941363844,8.652321107683518,24.921450779299576,6.43723252799909,0.7577779483030568,4.470367243694598,,,3.4241759156858627,,4.675074066049874,8.415133318889774,-1.15433927556787,0.8667068319920666
hydrogen_decentral_nt133_tc15_A300_64792029,hydrogen_decentral,133,15.0,300.0,1995.0,2.0,150.0,8.0,0.09047155110015204,0.6052275389706167,,242487.1130596428,2.0,,8951754.17514197,226971454.74497896,0.30557379745441077,0.8673991912132033,0.8660832226974917,52.90173963909022,4930071613.826191,407921259.63994527,65642109.04655407,473563368.68649936,31.101030703490178,13.21947796395751,8.58123097164254,24.71668846128232,6.384342242207862,0.7515518112048996,4.433637329079529,,,3.396041831358112,,5.151846907901348,8.345991990800183,-1.1448548684225217,0.8664939336784994
hydrogen_decentral_nt133_tc15_A325_3219a874,hydrogen_decentral,133,15.0,325.0,1995.0,1.0,150.0,8.0,0.08691217180771105,0.6075960568240525,,252388.58928247925,2.0,,8317745.451742898,210896182.85352176,0.6073579521782049,0.8015370464659176,0.8011932091427559,54.28911852858992,4719646889.642136,390510413.4551105,61052655.26519933,451563068.72030985,33.47166405445229,11.387604750202259,9.429849723935366,26.600684093140295,6.870979961311999,0.8088378158265528,4.966111452307218,,,3.6549004558015947,,2.772269681433601,8.982153767844867,-1.2321198584149338,0.8653011593387215
hydrogen_decentral_nt133_tc15_A325_4d2204cf,hydrogen_decentral,133,15.0,325.0,1995.0,1.2,150.0,8.0,0.08691217180771105,0.6075960568240525,,252388.58928247925,2.0,,8620125.188931508,218563011.8897441,0.5113676732992577,0.8312140611762259,0.8307262377459312,52.94931373899342,4767014768.089832,394429700.26398104,62000012.83415327,456429713.09813434,32.29753342894274,11.55271412101257,9.099066189038107,25.66757608266162,6.62995734628113,0.7804651227603447,4.791908474637454,,,3.526692591640308,,3.2100276543580883,8.667074666766839,-1.1888991312437365,0.8645109311313791
hydrogen_decentral_nt133_tc15_A325_4d084a62,hydrogen_decentral,133,15.0,325.0,1995.0,1.4,150.0,8.0,0.08691217180771105,0.6075960568240525,,252388.58928247925,2.0,,8731211.80190232,221379609.58170184,0.438315148542221,0.8421272736741925,0.8414694681878686,52.814582733580025,4812815125.303183,398219288.09756017,62916019.97842027,461135308.0759804,31.88661411128845,11.94466923253295,8.983299389758624,25.341009260680245,6.545604850608209,0.7705353181700579,4.730941349547483,,,3.4818227220410822,,3.697384473048184,8.556804066197225,-1.1737728485867251,0.8642535418742652
hydrogen_decentral_nt133_tc15_A325_4eb6d268,hydrogen_decentral,133,15.0,325.0,1995.0,1.6,150.0,8.0,0.08691217180771105,0.6075960568240525,,252388.58928247925,2.0,,8829269.943776421,223865870.78540623,0.3835257549744433,0.8517622643262885,0.8508236764011298,52.759345123026286,4858475296.582134,401997276.74406385,63829223.403999284,465826500.1480631,31.5324804003112,12.343334130565756,8.883530592149327,25.059571237249074,6.472909163062131,0.7619777293740121,4.678399370311819,,,3.443153492463496,,4.178652809228546,8.461771938687805,-1.160736891452374,0.8636462741017766
hydrogen_decentral_nt133_tc15_A325_84a824a7,hydrogen_decentral,133,15.0,325.0,1995.0,1.8,150.0,8.0,0.08691217180771105,0.6075960568240525,,252388.58928247925,2.0,,8912318.691688502,225971569.26187885,0.34091178219950513,0.8599277041684996,0.8588906365566014,52.792966335127296,4904038607.61442,405767251.03359187,64740489.624644995,470507740.65823686,31.23864743647764,12.753568794747977,8.800750103901674,24.82605557354104,6.412591862936601,0.7548772992221575,4.634804069988974,,,3.4110687346905415,,4.6571786531216,8.38292157561888,-1.1499206550917531,0.8633892210992493
hydrogen_decentral_nt133_tc15_A325_eba5767a,hydrogen_decentral,133,15.0,325.0,1995.0,2.0,150.0,8.0,0.08691217180771105,0.6075960568240525,,252388.58928247925,2.0,,8986239.590187365,227845831.39420295,0.3068206039795547,0.8671983907320904,0.8658579343924845,52.87878020512643,4949528014.604065,409531110.3956852,65650277.764437914,475181388.1601231,30.981678004134086,13.16874715718397,8.728355043808376,24.621836187249272,6.359841816884815,0.7486676708614993,4.596678124449542,,,3.383009248497335,,5.132076282259081,8.31396357725971,-1.1404613960575734,0.8631686937227508
hydrogen_decentral_nt200_tc15_A50_b1bdce07,hydrogen_decentral,200,15.0,50.0,3000.0,1.0,150.0,8.0,0.262823585469372,0.4905393203403621,,120208.15280171309,3.0,,10214944.054233767,258999595.69558233,0.4901756684202619,0.8159330517766117,0.8152731246786085,62.0219026392612,6550007645.250952,541957111.0912137,91593154.50597312,633550265.5971868,40.9850332520996,13.943775206082858,7.093094181078745,32.57172754579356,8.41330570630604,0.6966033698191217,1.9323647992013309,,,4.4641260120582915,,3.3945597951898105,10.998373736414985,-1.5086932423065822,1.0595349167846486
hydrogen_decentral_nt200_tc15_A50_f538aa85,hydrogen_decentral,200,15.0,50.0,3000.0,1.2,150.0,8.0,0.262823585469372,0.4905393203403621,,120208.15280171309,3.0,,10557614.146728871,267687985.464728,0.4103915069630182,0.8438177067669106,0.8434343543353746,60.702022153181595,6621237537.653503,547850775.4654552,93017752.35402416,640868527.8194793,39.65477577723598,14.18437383446522,6.862872541480386,31.51454201734719,8.140233759888796,0.673993608006385,1.8696457402099806,,,4.31923319326402,,3.9412584602583274,10.641397842697486,-1.4597253556512326,1.0614428871606418
hydrogen_decentral_nt200_tc15_A50_e48c6712,hydrogen_decentral,200,15.0,50.0,3000.0,1.4,150.0,8.0,0.262823585469372,0.4905393203403621,,120208.15280171309,3.0,,10683006.920633323,270867315.4318794,0.35176414882544416,0.8540323064441213,0.8535486189273763,60.65189466848344,6690110255.267563,553549403.7866266,94395206.70630535,647944610.492932,39.189324208196666,14.680251514935483,6.782318945351301,31.144637188936827,8.044687019259838,0.6660825461930149,1.8477006017929334,,,4.268535797365352,,4.54416384037906,10.516493459162968,-1.442591695358432,1.0621859107518854
hydrogen_decentral_nt200_tc15_A50_28c286a3,hydrogen_decentral,200,15.0,50.0,3000.0,1.6,150.0,8.0,0.262823585469372,0.4905393203403621,,120208.15280171309,3.0,,10800833.980522271,273854816.9503619,0.30779363022226364,0.8636228529229363,0.8621544872835574,60.643375858074705,6758772166.965233,559230589.7212185,95768444.94025877,654999034.6614772,38.76180510561499,15.173240602973733,6.7083301494860015,30.804878144598387,7.956926961016601,0.6588162047046818,1.8275439055732796,,,4.22197003920804,,5.136675698805759,10.401768290081662,-1.4268543607793776,1.0616509748656884
hydrogen_decentral_nt200_tc15_A50_f25cef44,hydrogen_decentral,200,15.0,50.0,3000.0,1.8,150.0,8.0,0.262823585469372,0.4905393203403621,,120208.15280171309,3.0,,10894801.701630706,276237365.6600078,0.2735943379753455,0.8712821347404033,0.869578873886606,60.766456536439776,6827288424.156641,564899723.9911855,97138770.08408691,662038494.0752724,38.4274843358043,15.68850143343597,6.650470767199507,30.539185911041013,7.88829842476329,0.6531339115266297,1.81178132992157,,,4.185555525751307,,5.7289183248342255,10.312052984701607,-1.4145477345269695,1.062077858427109
hydrogen_decentral_nt200_tc15_A50_3b97a9c3,hydrogen_decentral,200,15.0,50.0,3000.0,2.0,150.0,8.0,0.262823585469372,0.4905393203403621,,120208.15280171309,3.0,,10978297.19238917,278354391.2877579,0.2462349041778109,0.8780903459846414,0.8760750316245589,60.9444728728359,6895693547.449341,570559662.8815514,98506872.54994091,669066535.4314923,38.13522392355608,16.20935836867494,6.599890580604895,30.30691998943943,7.82830393411665,0.6481664985008904,1.7980018185239648,,,4.153722263580041,,6.317052232955427,10.23362461738779,-1.4037893851012058,1.0624709034329303
hydrogen_decentral_nt200_tc15_A75_922e0eb5,hydrogen_decentral,200,15.0,75.0,3000.0,1.0,150.0,8.0,0.21729339526662605,0.5208364759693075,,147224.31864335458,3.0,,10807695.330612129,274028786.273127,0.5204851417187173,0.8118035205081942,0.8111762429463216,59.02877627922579,6603094411.129777,546349586.921944,91615442.84279247,637965029.7647365,38.73719686983403,13.179024692851057,7.1125547165406955,30.785321426263923,7.951875443570108,0.658397950073415,2.2348670780298496,,,4.219289688437432,,3.208384149986138,10.395164645955086,-1.4259485111049501,1.0014244080147858
hydrogen_decentral_nt200_tc15_A75_82c84ac4,hydrogen_decentral,200,15.0,75.0,3000.0,1.2,150.0,8.0,0.21729339526662605,0.5208364759693075,,147224.31864335458,3.0,,11179168.891174499,283447487.0987449,0.43637306220798666,0.8402269502342198,0.8397922624874911,57.721937853220375,6674324303.532329,552243251.2961855,93040040.69084351,645283291.987029,37.44999523726875,13.39573158926554,6.876211026686086,29.762353343878164,7.68764189339059,0.6365199881997178,2.1606044884812854,,,4.0790865500050835,,3.722126973928071,10.049742829605794,-1.3785655458992858,1.0024273316309633
hydrogen_decentral_nt200_tc15_A75_63263f87,hydrogen_decentral,200,15.0,75.0,3000.0,1.4,150.0,8.0,0.21729339526662605,0.5208364759693075,,147224.31864335458,3.0,,11315497.416929428,286904092.7213344,0.3740340533211315,0.8506691078942554,0.8501502487226986,57.651851317156314,6743197021.146389,557941879.617357,94417495.0431247,652359374.6604817,36.99879963780819,13.859684886327406,6.7933667930207235,29.403778055062517,7.595021582745672,0.6288512284088327,2.1345736377107793,,,4.029941926901113,,4.29016347815441,9.928664049443064,-1.3619566597315589,1.0028140184614893
hydrogen_decentral_nt200_tc15_A75_b3167422,hydrogen_decentral,200,15.0,75.0,3000.0,1.6,150.0,8.0,0.21729339526662605,0.5208364759693075,,147224.31864335458,3.0,,11440549.977286914,290074796.58435386,0.32727979665599,0.860243045764054,0.8589051122684187,57.63829537375131,6811858932.844059,563623065.5519489,95790733.27707812,659413798.829027,36.59437899071979,14.324805452937094,6.719110930094435,29.082375872713865,7.512003118005924,0.621977480524981,2.111241376657135,,,3.985892072912321,,4.849450554801143,9.820137373472315,-1.347069598555873,1.0022871232195092
hydrogen_decentral_nt200_tc15_A75_29ad75f2,hydrogen_decentral,200,15.0,75.0,3000.0,1.8,150.0,8.0,0.21729339526662605,0.5208364759693075,,147224.31864335458,3.0,,11542422.718191005,292657776.83040076,0.2909153748053245,0.8680511222773805,0.8664654413426238,57.739460294803045,6880375190.035466,569292199.8219159,97161058.42090626,666453258.2428222,36.27139916399828,14.808252676767502,6.659808454037257,28.825696541650455,7.445702622347827,0.6164879440326257,2.0926076850135926,,,3.9507128249910397,,5.407480789586725,9.733465421256106,-1.3351804418732656,1.0024869077979373
hydrogen_decentral_nt200_tc15_A75_427f26f5,hydrogen_decentral,200,15.0,75.0,3000.0,2.0,150.0,8.0,0.21729339526662605,0.5208364759693075,,147224.31864335458,3.0,,11632873.284999022,294951148.19977236,0.261823837324792,0.8749863230205147,0.8731740824384282,57.894664808867006,6948780313.328167,574952138.7122818,98529160.88676026,673481299.599042,35.98937351711583,15.29726569778147,6.60802559396972,28.601564418231696,7.387809098884131,0.611694486509112,2.0763367649597853,,,3.919994342500824,,5.96159479211899,9.657783563232762,-1.3247988426931088,1.0026861851228275
hydrogen_decentral_nt200_tc15_A100_d0784353,hydrogen_decentral,200,15.0,100.0,3000.0,1.0,150.0,8.0,0.19084460713814055,0.538436293728852,,170000.0,3.0,,11154965.380528556,282833807.8227322,0.5381734613241491,0.8095783568702326,0.8090475173835596,57.524772711627996,6647848624.995585,550052615.3410723,91634232.7799117,641686848.1209841,37.531252446726164,12.768742777415891,7.224777487485933,29.826930275444827,7.704322171281337,0.6379010788427815,2.498939251632949,,,4.087937157010203,,3.108502555923856,10.071548281193293,-1.3815566915217137,0.9702486318204587
hydrogen_decentral_nt200_tc15_A100_ba3af6f1,hydrogen_decentral,200,15.0,100.0,3000.0,1.2,150.0,8.0,0.19084460713814055,0.538436293728852,,170000.0,3.0,,11542710.157480415,292665064.84483814,0.4516096655927318,0.8382421683129692,0.8376608635183055,56.226406232913995,6719078517.398137,555946279.7153138,93058830.62796274,649005110.3432765,36.27049592506572,12.97382883344699,6.982081474401295,28.82497871735983,7.445517207705882,0.6164725921045131,2.414994438887849,,,3.9506144434089343,,3.6048974208168985,9.733223036205628,-1.335147192895148,0.970855569319613
hydrogen_decentral_nt200_tc15_A100_134e1806,hydrogen_decentral,200,15.0,100.0,3000.0,1.4,150.0,8.0,0.19084460713814055,0.538436293728852,,170000.0,3.0,,11685374.437383499,296282313.32108265,0.3870939990794844,0.8487996035277878,0.848098661715823,56.14550021758943,6787951235.0121975,561644908.0364853,94436284.98024394,656081193.0167292,35.82767706542155,13.420984442652538,6.896838709515349,28.473060612041962,7.354616453379586,0.6089462078278385,2.3855102794849916,,,3.90238222220252,,4.154366983736218,9.614392162360964,-1.3188466615035614,0.9710719580589162
hydrogen_decentral_nt200_tc15_A100_464f2946,hydrogen_decentral,200,15.0,100.0,3000.0,1.6,150.0,8.0,0.19084460713814055,0.538436293728852,,170000.0,3.0,,11814640.322521338,299559845.90571344,0.33870724919454887,0.8583631521320353,0.8572128013828677,56.12829498678773,6856613146.7098675,567326093.9710772,95809523.21419735,663135617.1852746,35.43568067265231,13.871235029206954,6.82137928492847,28.161532263981893,7.274148408670415,0.6022836291621008,2.3594100268014437,,,3.8596856289649257,,4.695901010953864,9.509199547181574,-1.3044169474871843,0.9705514185587018
hydrogen_decentral_nt200_tc15_A100_d4d8a164,hydrogen_decentral,200,15.0,100.0,3000.0,1.8,150.0,8.0,0.19084460713814055,0.538436293728852,,170000.0,3.0,,11921359.860004645,302265716.5315579,0.3010731103951545,0.8662662254977814,0.8649415577583051,56.216328042194384,6925129403.901275,572995228.2410442,97179848.35802549,670175076.5990696,35.11846187410912,14.337551598158651,6.760314569926611,27.90943135155862,7.209030522550505,0.5968920101611858,2.3382886824455467,,,3.8251338773198795,,5.235596429171372,9.42407357250847,-1.29273985905466,0.9706214555334675
hydrogen_decentral_nt200_tc15_A100_4fc88ce9,hydrogen_decentral,200,15.0,100.0,3000.0,2.0,150.0,8.0,0.19084460713814055,0.538436293728852,,170000.0,3.0,,12016213.735392759,304670733.65600306,0.2709657993556391,0.8732931348120383,0.871651957080322,56.35744610306357,6993534527.193975,578655167.1314101,98547950.8238795,677203117.9552896,34.84124291980429,14.809253346177895,6.706949837081393,27.68911921481821,7.152123704986082,0.5921802497349187,2.3198306433168945,,,3.794938944029581,,5.771408392059824,9.349681595136914,-1.2825351982355164,0.9706985572166734
hydrogen_decentral_nt200_tc15_A125_13f8db91,hydrogen_decentral,200,15.0,125.0,3000.0,1.0,150.0,8.0,0.17268877379871672,0.5505177303714018,,190065.77808748212,3.0,,11391350.215778297,288827338.128253,0.5502678174433924,0.8080599878704082,0.8075596160707068,56.6189102871954,6687277878.937489,553315048.8703414,91650787.04683387,644965835.9171753,36.75243178382991,12.503775315208905,7.362703188156568,29.207983981492717,7.544447802337196,0.6246638296518101,2.734932035804512,,,4.003107322700248,,3.043997220679429,9.862550995001348,-1.3528876536353016,0.950114753163433
hydrogen_decentral_nt200_tc15_A125_82c8e349,hydrogen_decentral,200,15.0,125.0,3000.0,1.2,150.0,8.0,0.17268877379871672,0.5505177303714018,,190065.77808748212,3.0,,11791355.701984372,298969465.0604557,0.46203041563986547,0.8369613601971764,0.8363410248095423,55.31883819175217,6758507771.34004,559208713.2445829,93075384.89488491,652284098.1394678,35.50565620377745,12.700248354991007,7.11293363298371,28.21714339208958,7.28851281168787,0.603472970414719,2.6421532369647442,,,3.8673074256042472,,3.528880573837286,9.527977549360674,-1.3069928051249209,0.9503830369179699
hydrogen_decentral_nt200_tc15_A125_ae5f29ae,hydrogen_decentral,200,15.0,125.0,3000.0,1.4,150.0,8.0,0.17268877379871672,0.5505177303714018,,190065.77808748212,3.0,,11937879.63813839,302684575.00350887,0.3960260705484561,0.8475585666633502,0.847035100357532,55.23260418093327,6827380488.954101,564907341.5657544,94452839.24716611,659360180.8129206,35.06986453386578,13.13710920904793,7.02563043801955,27.870809952470815,7.199054581394971,0.5960660239830234,2.609723801927944,,,3.819840612108584,,4.066495493904261,9.411032428749863,-1.2909509504457974,0.9505322368396003
hydrogen_decentral_nt200_tc15_A125_436a17c7,hydrogen_decentral,200,15.0,125.0,3000.0,1.6,150.0,8.0,0.17268877379871672,0.5505177303714018,,190065.77808748212,3.0,,12070125.939712822,306037675.95620745,0.3465228117298991,0.8571223552711152,0.8559307052474739,55.211901541875825,6896042400.651771,570588527.5003463,95826077.48111953,666414604.9814658,34.685621659807545,13.577625744569332,6.948654137498948,27.565443500081845,7.120178159725702,0.589535228234938,2.581130370288576,,,3.7779885389754346,,4.596503939701581,9.307920477895701,-1.2768066499171058,0.9500079768891577
hydrogen_decentral_nt200_tc15_A125_fcb5c6b5,hydrogen_decentral,200,15.0,125.0,3000.0,1.8,150.0,8.0,0.17268877379871672,0.5505177303714018,,190065.77808748212,3.0,,12179964.68785268,308822634.0733438,0.30802027709324364,0.8650726015107614,0.8636177558899463,55.291955408287016,6964558657.843178,576257661.7703133,97196402.62494767,673454064.3952609,34.372827217524346,14.033136917342542,6.885991273420129,27.316858723067785,7.055968494456557,0.5842188079403658,2.5578537733587825,,,3.7439186921209813,,5.124434324194338,9.22398178354981,-1.265292425726997,0.9500132353253927
hydrogen_decentral_nt200_tc15_A125_c7a30a33,hydrogen_decentral,200,15.0,125.0,3000.0,2.0,150.0,8.0,0.17268877379871672,0.5505177303714018,,190065.77808748212,3.0,,12277694.893740002,311300580.4700812,0.2772182493839193,0.8721489997002997,0.870359049324136,55.424256070936956,7032963781.135879,581917600.6606792,98564505.09080167,680482105.7514809,34.09922020008569,14.49385695029655,6.831178920554708,27.099417073775665,6.9998031263100255,0.5795684379093946,2.537493308461787,,,3.7141171741835275,,5.648493254917896,9.15055907296699,-1.2552207233150878,0.9500253457267521
hydrogen_decentral_nt200_tc15_A150_54380b6b,hydrogen_decentral,200,15.0,150.0,3000.0,1.0,150.0,8.0,0.1592964384045905,0.5594293924546059,,208206.62813657013,3.0,,11564024.375660406,293205486.1982862,0.5591261342361045,0.8069483459573914,0.8063978421576513,56.02982546847227,6722924649.283946,556264514.2332872,91665753.24812438,647930267.4814116,36.203644002367376,12.317068782277973,7.509112683826921,28.771849991108738,7.431794011258637,0.6153363413579515,2.950443469511329,,,3.943332872957641,,2.9985442152472883,9.715283257401213,-1.3326863178876835,0.9359276275171569
hydrogen_decentral_nt200_tc15_A150_59c8de54,hydrogen_decentral,200,15.0,150.0,3000.0,1.2,150.0,8.0,0.1592964384045905,0.5594293924546059,,208206.62813657013,3.0,,11972887.661446376,303572202.36933,0.4696681072126385,0.8360087446446177,0.8355336301064635,54.7276937888305,6794154541.686498,562158178.6075287,93090351.09617542,655248529.7037041,34.967322300970466,12.507688211212201,7.252683276647828,27.789317334146965,7.178004966823502,0.5943231617888102,2.849688493303323,,,3.8086716215556953,,3.475375970487596,9.383515120316511,-1.2871762853657767,0.9359734057738716
hydrogen_decentral_nt200_tc15_A150_40bd4578,hydrogen_decentral,200,15.0,150.0,3000.0,1.4,150.0,8.0,0.1592964384045905,0.5594293924546059,,208206.62813657013,3.0,,12122739.807812564,307371698.9810488,0.40257266332511876,0.846669367556768,0.8460374928568891,54.63489465890526,6863027259.300558,567856806.9287002,94467805.44845662,662324612.3771569,34.53508269321267,12.936780877671247,7.163031088021341,27.445806798196227,7.089275895016446,0.5869765880900332,2.814462798124967,,,3.7615917018063416,,4.004485332925804,9.267523199056862,-1.271265185055811,0.9360375307443907
hydrogen_decentral_nt200_tc15_A150_ad3bf8fd,hydrogen_decentral,200,15.0,150.0,3000.0,1.6,150.0,8.0,0.1592964384045905,0.5594293924546059,,208206.62813657013,3.0,,12257015.889572963,310776264.9486046,0.3522510804094789,0.8562219760642358,0.8550227766818066,54.61190901409718,6931689170.998228,573537992.8632921,95841043.68241003,669379036.5457021,34.15674953046783,13.370599677418602,7.084559806210761,27.145136926278234,7.011612604189593,0.5805462369308357,2.783630249632138,,,3.720383319647788,,4.526418333338489,9.16599712501044,-1.2573384259273581,0.93552264499703
hydrogen_decentral_nt200_tc15_A150_4b4c36f9,hydrogen_decentral,200,15.0,150.0,3000.0,1.8,150.0,8.0,0.1592964384045905,0.5594293924546059,,208206.62813657013,3.0,,12369183.822511027,313620279.47543174,0.31311207147509235,0.8642085301154079,0.8628286285256976,54.68578247891054,7000205428.189635,579207127.133259,97211368.82623817,676418495.9594972,33.84700459938005,13.818463252358347,7.020314627172147,26.898975664384785,6.9480289349952615,0.5752816477464635,2.7583873511801915,,,3.6866456282454925,,5.04604264998598,9.082876769974765,-1.2459364567866618,0.9354802891842662
hydrogen_decentral_nt200_tc15_A150_7201b56f,hydrogen_decentral,200,15.0,150.0,3000.0,2.0,150.0,8.0,0.1592964384045905,0.5594293924546059,,208206.62813657013,3.0,,12468970.793547817,316150375.0899548,0.2818008643275831,0.8713161360950902,0.8699264041750597,54.81178427888956,7068610551.482336,584867066.0236251,98579471.29209217,683446537.3157173,33.57613299950525,14.271518990271149,6.964132289113157,26.683707912941323,6.892425086563929,0.5706777703236872,2.736312464384972,,,3.6571420544044977,,5.5618445131908025,9.0101881113691,-1.2359654473757338,0.9354518130869816
hydrogen_decentral_nt200_tc15_A175_a0b2b538,hydrogen_decentral,200,15.0,175.0,3000.0,1.0,150.0,8.0,0.14894842293495658,0.566315272652737,,224888.8614404902,3.0,,11699427.9849592,296638640.5922718,0.5660373958237541,0.8061015817579947,0.805670164626101,55.614372299646185,6755705237.72615,558976827.5578202,91679516.0906001,650656343.6484203,35.78464026355285,12.174516892455152,7.655215143638168,28.438858297838944,7.3457819657139085,0.608214731510043,3.149305796387118,,,3.897694615741008,,2.9638404921329213,9.602843194510664,-1.317262440947965,0.9250956467595333
hydrogen_decentral_nt200_tc15_A175_8d904961,hydrogen_decentral,200,15.0,175.0,3000.0,1.2,150.0,8.0,0.14894842293495658,0.566315272652737,,224888.8614404902,3.0,,12114669.49790488,307167076.51888645,0.47565724596938774,0.8352431323520563,0.8347293328990079,54.312220897524554,6826935130.128701,564870491.9320617,93104113.93865114,657974605.8707128,34.558088588674366,12.361306751549375,7.392825557300816,27.46409010064754,7.093998488026824,0.5873676084951099,3.0413604245512174,,,3.76409752425449,,3.434702538367578,9.273696853592464,-1.2721120512472515,0.9250194108365858
hydrogen_decentral_nt200_tc15_A175_4a9a4743,hydrogen_decentral,200,15.0,175.0,3000.0,1.4,150.0,8.0,0.14894842293495658,0.566315272652737,,224888.8614404902,3.0,,12267750.16353966,311048432.1384295,0.40770621083090375,0.8459961223197708,0.8453961399849446,54.21130033449229,6895807847.742761,570569120.2532331,94481568.29093234,665050688.5441654,34.126862395305785,12.783862276295581,7.300575662890929,27.12138494790031,7.005477447405474,0.5800382593249606,3.003409417070703,,,3.717127986495266,,3.9571505050323124,9.157976883074781,-1.2562382555658136,0.9249731437542995
hydrogen_decentral_nt200_tc15_A175_a2d03eff,hydrogen_decentral,200,15.0,175.0,3000.0,1.6,150.0,8.0,0.14894842293495658,0.566315272652737,,224888.8614404902,3.0,,12403492.676539753,314490179.42545015,0.3567429344770408,0.855530992882164,0.8543468886426145,54.18676257083181,6964469759.440431,576250306.187825,95854806.52488576,672105112.7127107,33.753381619918294,13.212702016522506,7.220678934391017,26.824571377329644,6.928810242588646,0.5736903819157294,2.9705404218229017,,,3.676448130652387,,4.472964420700718,9.057752951918953,-1.2424901168613105,0.9244747607641458
hydrogen_decentral_nt200_tc15_A175_45d8e30c,hydrogen_decentral,200,15.0,175.0,3000.0,1.8,150.0,8.0,0.14894842293495658,0.566315272652737,,224888.8614404902,3.0,,12517445.343669701,317379445.83341026,0.3171048306462585,0.8635422419984127,0.862389422358725,54.25584482140053,7032986016.631839,581919440.457792,97225131.6687139,679144572.126506,33.44610743140427,13.654791965955969,7.154945424040281,26.580373670118544,6.865733761285728,0.5684677867829968,2.943498082544366,,,3.6429795547129182,,4.986275346148954,8.975295623068119,-1.2311790978145567,0.9244000945534538
hydrogen_decentral_nt200_tc15_A175_26854a4b,hydrogen_decentral,200,15.0,175.0,3000.0,2.0,150.0,8.0,0.14894842293495658,0.566315272652737,,224888.8614404902,3.0,,12618865.104141781,319950940.7743859,0.2853943475816326,0.8706750207889714,0.8692122187537646,54.376729430090286,7101391139.924539,587579379.3481579,98593234.1345679,686172613.4827257,33.17729591971745,14.101993483617367,7.097440026755481,26.36674311708276,6.810552802634691,0.5638989237120459,2.919840735546997,,,3.6137003674964387,,5.495777648852747,8.90315979114145,-1.221283921967277,0.9243399655904484
hydrogen_decentral_nt200_tc15_A200_a7d9763f,hydrogen_decentral,200,15.0,200.0,3000.0,1.0,150.0,8.0,0.14055492220723298,0.5719005600562623,,240416.30560342618,3.0,,11810168.472426526,299446462.2826199,0.5716843100756184,0.8054072641972764,0.8050531956523368,55.307738835608696,6786216665.506318,561501387.2454715,91692326.23203453,653193713.477506,35.44909818251643,12.060360016666513,7.798280636425749,28.17219546078715,7.276902721729279,0.6025116802784299,3.3346218801601824,,,3.861147075987136,,2.936049428725105,9.512800149069339,-1.3049108572111576,0.9164212960832298
hydrogen_decentral_nt200_tc15_A200_c7eb433c,hydrogen_decentral,200,15.0,200.0,3000.0,1.2,150.0,8.0,0.14055492220723298,0.5719005600562623,,240416.30560342618,3.0,,12230596.424739037,310106400.221578,0.4805656851734862,0.8346109127349944,0.8341927944833828,54.004886823325286,6857446557.90887,567395051.619713,93116924.08008558,660511975.6997986,34.23053195380379,12.244140895233253,7.530213974288237,27.20377347723051,7.026758476573282,0.5818002821432212,3.219993925796775,,,3.7284197663482406,,3.402146929790957,9.185796710435584,-1.2600544184410953,0.9162516734478087
hydrogen_decentral_nt200_tc15_A200_df6fdfb2,hydrogen_decentral,200,15.0,200.0,3000.0,1.4,150.0,8.0,0.14055492220723298,0.5719005600562623,,240416.30560342618,3.0,,12386064.971989062,314048300.50682205,0.41191344443441674,0.8454201502145571,0.844762180275312,53.898317171998826,6926319275.52293,573093679.9408845,94494378.43236677,667588058.3732512,33.80087402075657,12.661747607925601,7.435695543316659,26.862314656225745,6.938559364530823,0.5744975879575361,3.1795769104711127,,,3.6816210448880096,,3.9193508079479553,9.070497584108127,-1.2442383517295097,0.9161375675990295
hydrogen_decentral_nt200_tc15_A200_7706bd91,hydrogen_decentral,200,15.0,200.0,3000.0,1.6,150.0,8.0,0.14055492220723298,0.5719005600562623,,240416.30560342618,3.0,,12523406.031527825,317530578.89269334,0.3604242638801146,0.8549683224229431,0.8539307800023288,53.87052698310476,6994981187.2206,578774865.8754764,95867616.66632019,674642482.5417966,33.43018829519117,13.086188556584357,7.354150131329232,26.567722374600297,6.862465920590875,0.568197216697999,3.144707286291419,,,3.6412456283398136,,4.430135164100861,8.971023707304242,-1.230593101139128,0.9156227863183808
hydrogen_decentral_nt200_tc15_A200_4d667bbc,hydrogen_decentral,200,15.0,200.0,3000.0,1.8,150.0,8.0,0.14055492220723298,0.5719005600562623,,240416.30560342618,3.0,,12638796.75903056,320456307.27765113,0.3203771234489908,0.8629976070061335,0.8617882175418355,53.93566768676159,7063497444.412007,584444000.1454433,97237941.81014833,681681941.9555917,33.124974608992815,13.523685471950289,7.28700760581848,26.325162194913464,6.799812414079354,0.5630096429558258,3.11599647873064,,,3.6080014841320134,,4.938399620146652,8.889119316263974,-1.219357930900408,0.9155244664400719
hydrogen_decentral_nt200_tc15_A200_80983117,hydrogen_decentral,200,15.0,200.0,3000.0,2.0,150.0,8.0,0.14055492220723298,0.5719005600562623,,240416.30560342618,3.0,,12741517.952461215,323060800.0116941,0.28833941110409167,0.8701479691021721,0.86862281483091,54.05242812366614,7131902567.704708,590103939.0358093,98606044.27600233,688709983.3118116,32.85792346666494,13.966244377882783,7.228260279118419,26.112930646992226,6.744992819672716,0.558470700056466,3.0908755411614157,,,3.5789140379005366,,5.442874000725652,8.817455881175556,-1.2095275557168115,0.9154420516983869
hydrogen_decentral_nt200_tc15_A225_af976d6c,hydrogen_decentral,200,15.0,225.0,3000.0,1.0,150.0,8.0,0.13345905432566008,0.5766223636018465,,255000.0,3.0,,11900374.31118743,301733628.579803,0.576330417663026,0.8048918368371958,0.8045573388222701,55.088759914613824,6814873624.995585,563872505.5431305,91704357.7799117,655576863.3230422,35.18039103505592,11.9689414727944,7.9394274067635076,27.95864784834883,7.221743186707091,0.59794459103724,3.5096035595119264,,,3.8318792562143416,,2.9137939269706234,9.44069232338482,-1.2950195230980548,0.9094747455370148
hydrogen_decentral_nt200_tc15_A225_74217d3d,hydrogen_decentral,200,15.0,225.0,3000.0,1.2,150.0,8.0,0.13345905432566008,0.5766223636018465,,255000.0,3.0,,12325031.225045444,312500791.7100772,0.48454035195889866,0.834146778775066,0.8336972280948831,53.78445810330111,6886103517.398137,569766169.917372,93128955.62796274,662895125.5453347,33.968256476329074,12.150325879331692,7.665875747640348,26.995337257557278,6.972919218771799,0.5773425089774413,3.388680748913372,,,3.6998524897495346,,3.37607956654769,9.115414829678764,-1.2503998394621074,0.9092313225673478
hydrogen_decentral_nt200_tc15_A225_229b0aa1,hydrogen_decentral,200,15.0,225.0,3000.0,1.4,150.0,8.0,0.13345905432566008,0.5766223636018465,,255000.0,3.0,,12481990.56992973,316480491.123979,0.415320301679056,0.8449702369307228,0.8442807681222074,53.675029192283645,6954976235.0121975,575464798.2385435,94506409.98024394,669971208.2187874,33.54111024083757,12.564440555540052,7.569478395906029,26.655874539079964,6.885235701757603,0.5700825049359979,3.3460685463651028,,,3.653327344604929,,3.8892301258592035,9.000789719845587,-1.2346762304314933,0.9090969402667545
hydrogen_decentral_nt200_tc15_A225_13192e61,hydrogen_decentral,200,15.0,225.0,3000.0,1.6,150.0,8.0,0.13345905432566008,0.5766223636018465,,255000.0,3.0,,12620985.810654996,320004711.223504,0.36340526396917405,0.8545540367362728,0.853530218635454,53.64284870804374,7023638146.7098675,581145984.1731354,95879648.21419735,677025632.3873328,33.17172113272352,12.985012039303909,7.486115536016318,26.36231270849982,6.809408424223699,0.5638041716745861,3.3092182075672714,,,3.6130931567744615,,4.395883353877643,8.901663791602228,-1.2210787094104565,0.9085436032344949
hydrogen_decentral_nt200_tc15_A225_c58886ab,hydrogen_decentral,200,15.0,225.0,3000.0,1.8,150.0,8.0,0.13345905432566008,0.5766223636018465,,255000.0,3.0,,12737600.402586844,322961470.6538246,0.3230269013059325,0.8626017629325936,0.861331270638996,53.70439252138912,7092154403.901275,586815118.4431024,97249973.35802549,684065091.8011279,32.86802918123288,13.418784285172086,7.417579054984152,26.12096188560408,6.747067295628798,0.5586424621428635,3.2789218315865547,,,3.580014761254734,,4.9000931997546004,8.82016775955828,-1.2098995554949632,0.9084228813541689
hydrogen_decentral_nt200_tc15_A225_6c91d528,hydrogen_decentral,200,15.0,225.0,3000.0,2.0,150.0,8.0,0.13345905432566008,0.5766223636018465,,255000.0,3.0,,12841320.21185128,325591283.2619493,0.2907242111753392,0.8697622668817144,0.8683421808748848,53.817919166873246,7160559527.193975,592475057.3334683,98618075.8238795,691093133.1573478,32.60255291700662,13.857699250036807,7.357666999829823,25.909981928724093,6.692570988282527,0.5541302867072726,3.2524378609858307,,,3.55109885213672,,5.400572187992524,8.748926944547888,-1.2001271528872275,0.9083272703836233
hydrogen_decentral_nt200_tc15_A250_19940db1,hydrogen_decentral,200,15.0,250.0,3000.0,1.0,150.0,8.0,0.12733702219305276,0.5806961476001357,,268793.60111431225,3.0,,11982057.494482005,303804703.2069474,0.5804631823487044,0.8044200684078578,0.8040352482090976,54.901330826753316,6841978051.185209,566115164.9889045,91715737.50083101,657830902.4897355,34.940561913002824,11.887347703058731,8.073421210691754,27.768050252074826,7.1725116609279995,0.5938683280371511,3.673796026186063,,,3.80575685646854,,2.8939302296441025,9.376333944046891,-1.2861912131751565,0.9032747425428963
hydrogen_decentral_nt200_tc15_A250_4a67d353,hydrogen_decentral,200,15.0,250.0,3000.0,1.2,150.0,8.0,0.12733702219305276,0.5806961476001357,,268793.60111431225,3.0,,12410448.486555442,314666543.77676076,0.48814692346311006,0.8337134413343449,0.8332251913489614,53.59590069872183,6913207943.587761,572008829.363146,93140335.34888205,665149164.712028,33.734463519562,12.066698960917673,7.794738218242146,26.809536737569836,6.9249267819921645,0.5733688398450495,3.5469818239404103,,,3.674387554456687,,3.352843059702126,9.05267626119574,-1.2417937258156024,0.9029733658354092
hydrogen_decentral_nt200_tc15_A250_f4494631,hydrogen_decentral,200,15.0,250.0,3000.0,1.4,150.0,8.0,0.12733702219305276,0.5806961476001357,,268793.60111431225,3.0,,12568612.15828027,318676778.86106163,0.4184116486826658,0.8445396017815637,0.8438224371311206,53.48444513363515,6982080661.201821,577707457.6843175,94517789.70116325,672225247.3854808,33.309948342649164,12.477847717448553,7.696649073537428,26.47216498050896,6.837783362140204,0.5661535546711209,3.5023465323305842,,,3.628148986535724,,3.862425949970878,8.938757198504032,-1.2261669682447232,0.9028315372183644
hydrogen_decentral_nt200_tc15_A250_17d08d38,hydrogen_decentral,200,15.0,250.0,3000.0,1.6,150.0,8.0,0.12733702219305276,0.5806961476001357,,268793.60111431225,3.0,,12709105.437550295,322238981.68230975,0.3661101925973326,0.8541549950884404,0.8530870717819811,53.44826784952368,7050742572.899491,583388643.6189094,95891027.93511666,679279671.554026,32.941722278433275,12.894979391313306,7.611566179777102,26.179527447067763,6.762194831365511,0.5598949891208568,3.463629712182622,,,3.5880414784736248,,4.365404135421051,8.83994337422763,-1.2126122598391809,0.9022441415038063
hydrogen_decentral_nt200_tc15_A250_c3e6c5b7,hydrogen_decentral,200,15.0,250.0,3000.0,1.8,150.0,8.0,0.12733702219305276,0.5806961476001357,,268793.60111431225,3.0,,12826835.93825395,325224034.945587,0.3254312823087401,0.8622195704125039,0.8610531787832406,53.50650263803453,7119258830.0908985,589057777.8888763,97261353.0789448,686319130.9678211,32.63936825468573,13.325430600019107,7.541703783329694,25.939239905435112,6.700128349250615,0.5547560197188953,3.4318389523857187,,,3.5551088112250806,,4.866003542445211,8.75880637640138,-1.2014823561593113,0.9021030373318301
hydrogen_decentral_nt200_tc15_A250_67c24855,hydrogen_decentral,200,15.0,250.0,3000.0,2.0,150.0,8.0,0.12733702219305276,0.5806961476001357,,268793.60111431225,3.0,,12931594.18640748,327880177.1401491,0.292888154077866,0.8693982078892388,0.8679214631617508,53.61652726875893,7187663953.383599,594717716.7792423,98629455.5447988,693347172.3240411,32.37495823764446,13.760960242341977,7.4806087887724955,25.729107319169472,6.645850918474983,0.5502619667861594,3.404037783294373,,,3.5263090386919633,,5.362871413497126,8.687851689865342,-1.191749202999361,0.9019863419788715
hydrogen_decentral_nt200_tc15_A275_fd192a6e,hydrogen_decentral,200,15.0,275.0,3000.0,1.0,150.0,8.0,0.12204322198007922,0.5842188012109991,,281913.107180209,3.0,,12050441.764226472,305538584.2856611,0.5839681932898286,0.80404012090902,0.8036158438799719,54.76768398928415,6867757880.604696,568248225.3810918,91726561.09333538,659974786.4744272,34.74227998627917,11.819888965215155,8.205515037789826,27.61047114619068,7.131808840088492,0.5904982232118037,3.830857000653367,,,3.7841598139246555,,2.8775076528359107,9.32312479518835,-1.2788922901492936,0.8981488073401895
hydrogen_decentral_nt200_tc15_A275_9fd5f960,hydrogen_decentral,200,15.0,275.0,3000.0,1.2,150.0,8.0,0.12204322198007922,0.5842188012109991,,281913.107180209,3.0,,12482190.17539669,316485552.11452055,0.4911604640413247,0.8333813492181584,0.832850566010706,53.459612401355905,6938987773.007248,574141889.7553333,93151158.94138642,667293048.6967198,33.54057387751688,11.99734531784456,7.921693205994471,26.655448279087942,6.885125598428935,0.5700733886204311,3.6983508939356144,,,3.653268923438424,,3.333572513416362,9.00064578622418,-1.2346564864505047,0.8977835046545256
hydrogen_decentral_nt200_tc15_A275_839e97da,hydrogen_decentral,200,15.0,275.0,3000.0,1.4,150.0,8.0,0.12204322198007922,0.5842188012109991,,281913.107180209,3.0,,12641387.935375344,320522006.47503406,0.42099468346399266,0.844211421607495,0.8436985194900568,53.34613056870399,7007860490.621308,579840518.0765048,94528613.29366761,674369131.3701725,33.11818479674537,12.4060134324196,7.821932339539027,26.31976617843958,6.798418618305789,0.5628942397045238,3.6517761680479603,,,3.6072619317865415,,3.840190175590858,8.887297263510272,-1.2191079922510661,0.8976339855695347
hydrogen_decentral_nt200_tc15_A275_2caa9c09,hydrogen_decentral,200,15.0,275.0,3000.0,1.6,150.0,8.0,0.12204322198007922,0.5842188012109991,,281913.107180209,3.0,,12783035.94308046,324113487.4006202,0.36837034803099356,0.8538465037477819,0.8528038078884629,53.30686376639476,7076522402.318978,585521704.0110967,95901851.52762103,681423555.5387177,32.751204298829435,12.820401462451509,7.735258005113825,26.028118524545704,6.723085774283734,0.5566568444599307,3.611311068748211,,,3.567290091905683,,4.340156883045934,8.788817688168017,-1.205599134179426,0.8970260254169847
hydrogen_decentral_nt200_tc15_A275_d468ec9e,hydrogen_decentral,200,15.0,275.0,3000.0,1.8,150.0,8.0,0.12204322198007922,0.5842188012109991,,281913.107180209,3.0,,12901625.55191156,327120323.3243296,0.32744030936088314,0.8619199568506297,0.8607117874681595,53.36250166170008,7145038659.5103855,591190838.2810637,97272176.67144917,688463014.9525129,32.45016064422034,13.248184224949023,7.6641567925307195,25.788872362733322,6.661288281487014,0.5515401467870644,3.5781164945228863,,,3.5345001512207683,,4.837795738433869,8.708032329180964,-1.1945174662799676,0.8968736236141603
hydrogen_decentral_nt200_tc15_A275_c1c97709,hydrogen_decentral,200,15.0,275.0,3000.0,2.0,150.0,8.0,0.12204322198007922,0.5842188012109991,,281913.107180209,3.0,,13007206.645370124,329797328.73656505,0.29469627842479484,0.8691105025856477,0.8675877667757249,53.46967071952308,7213443782.803086,596850777.1714298,98640279.13730317,695491056.308733,32.18675870580781,13.680966122929643,7.6019458907856245,25.57954091922236,6.607217786585447,0.5470632276935401,3.5490724835900456,,,3.5058101795020384,,5.331696396006393,8.637348161530356,-1.1848214213347539,0.8967429867276486
hydrogen_decentral_nt200_tc15_A300_6340429e,hydrogen_decentral,200,15.0,300.0,3000.0,1.0,150.0,8.0,0.11735847435264701,0.5873361729443175,,294448.63728670916,3.0,,12111114.323943185,307076935.19125724,0.5870804328745095,0.8037046745504939,0.8032438844323813,54.66245500662248,6892390197.263968,570286338.9069321,91736902.90567324,662023241.8126054,34.56823299103324,11.760675345402387,8.333546670186855,27.472152085316814,7.096080905716423,0.5875400281397282,3.980804180530089,,,3.7652024615170387,,2.8630923190992923,9.276419113881705,-1.2724854751552408,0.893649387576633
hydrogen_decentral_nt200_tc15_A300_fe9e3c04,hydrogen_decentral,200,15.0,300.0,3000.0,1.2,150.0,8.0,0.11735847435264701,0.5873361729443175,,294448.63728670916,3.0,,12545982.893395318,318103014.53842086,0.4938354721829921,0.8330975098703467,0.8325187434583232,53.351061429173846,6963620089.66652,576180003.2811736,93161500.75372428,669341504.0348978,33.37002969703605,11.936342264269832,8.044689467867972,26.51991298387484,6.850116713161211,0.5671747292465266,3.8428216379133984,,,3.634693100708047,,3.3166222550680664,8.954880088683781,-1.228378612988173,0.8932185335061594
hydrogen_decentral_nt200_tc15_A300_9b446aa9,hydrogen_decentral,200,15.0,300.0,3000.0,1.4,150.0,8.0,0.11735847435264701,0.5873361729443175,,294448.63728670916,3.0,,12706102.561316373,322162843.846764,0.42328754758542186,0.8439310126504609,0.843380651691921,53.23564668584515,7032492807.2805805,581878631.6023451,94538955.10600547,676417586.7083505,32.949507507181195,12.342827218171442,7.943311960492526,26.185714543418257,6.763792963762937,0.5600273109991204,3.7943951970301137,,,3.5888894524632917,,3.8206313478892477,8.84203254797226,-1.2128988405997614,0.8930621629096939
hydrogen_decentral_nt200_tc15_A300_16e5271e,hydrogen_decentral,200,15.0,300.0,3000.0,1.6,150.0,8.0,0.11735847435264701,0.5873361729443175,,294448.63728670916,3.0,,12848678.77880636,325777859.50320387,0.37037660413724405,0.8535770412530724,0.8525704897624333,53.19395267350518,7101154718.9782505,587559817.536937,95912193.33995889,683472010.8768959,32.58388110859142,12.754903093192878,7.855168471720895,25.895143022708172,6.6887380858832435,0.5538129307450939,3.7522904386990796,,,3.549065102276722,,4.317983380991516,8.74391634650782,-1.1994398280531988,0.8924431937467409
hydrogen_decentral_nt200_tc15_A300_87348a80,hydrogen_decentral,200,15.0,300.0,3000.0,1.8,150.0,8.0,0.11735847435264701,0.5873361729443175,,294448.63728670916,3.0,,12968050.167440576,328804517.43003494,0.3292236481219948,0.8616595656911267,0.8604098701899844,53.24713132467569,7169670976.169658,593228951.806904,97282518.48378703,690511470.290691,32.28394525973185,13.18032471390169,7.7828613510421585,25.656777259035902,6.6271680006959475,0.5487150619264946,3.7177504643434127,,,3.5163958247722515,,4.81301570459808,8.663428268276544,-1.1883989394069334,0.8922796804340004
hydrogen_decentral_nt200_tc15_A300_8fbee284,hydrogen_decentral,200,15.0,300.0,3000.0,2.0,150.0,8.0,0.11735847435264701,0.5873361729443175,,294448.63728670916,3.0,,13074282.563711675,331498036.6052656,0.2963012833097953,0.8688551725696315,0.8675153554958701,53.35202970012035,7238076099.462358,598888890.6972699,98650620.94964103,697539511.6469109,32.02162869671482,13.610777692931796,7.719623310473743,25.448308387758313,6.573320308956507,0.5442565904490395,3.6875426469247055,,,3.4878240730999983,,5.304342816156965,8.593035362174284,-1.1787428480348812,0.8921423626354288
hydrogen_decentral_nt200_tc15_A325_b6ed6f04,hydrogen_decentral,200,15.0,325.0,3000.0,1.0,150.0,8.0,0.11310746897976642,0.5901649195581166,,306471.8584144391,3.0,,12169323.774341179,308552834.03501976,0.5899969573797337,0.8033755209199845,0.8028744397277517,54.56243847705578,6916015826.779959,572241157.6817591,91746822.06310362,663987979.7448628,34.40288297808671,11.704420580482044,8.455134918487026,27.340744711843183,7.062138266243523,0.5847296515930094,4.123212874793012,,,3.747192392101004,,2.8493973074927403,9.232047276276477,-1.2663988033301066,0.8893748000429345
hydrogen_decentral_nt200_tc15_A325_7ef9a70a,hydrogen_decentral,200,15.0,325.0,3000.0,1.2,150.0,8.0,0.11310746897976642,0.5901649195581166,,306471.8584144391,3.0,,12606908.629146133,319647784.71465856,0.49640845656189203,0.8327983007844378,0.832179694356727,53.249076495656574,6987245719.18251,578134822.0560007,93171419.91115466,671306241.9671553,33.20876148520669,11.878657192059276,8.161657818390598,26.391749509535483,6.81701197567121,0.5644337291572007,3.9800964645594257,,,3.617127624673971,,3.300593928295682,8.911603606398343,-1.2224421956650677,0.88890185303032
hydrogen_decentral_nt200_tc15_A325_2ae579a6,hydrogen_decentral,200,15.0,325.0,3000.0,1.4,150.0,8.0,0.11310746897976642,0.5901649195581166,,306471.8584144391,3.0,,12768067.657049788,323733966.963737,0.42549296276733606,0.8436453042201957,0.8431842160464422,53.131166192250284,7056118436.79657,583833450.3771721,94548874.26343586,678382324.640608,32.78959925466469,12.282925869687224,8.058641067898376,26.058631859325892,6.730967395338793,0.5573094254998039,3.9298595380001418,,,3.5714721043984303,,3.8020893262150968,8.799121012097796,-1.2070124845127292,0.88872801588706
hydrogen_decentral_nt200_tc15_A325_1e11b368,hydrogen_decentral,200,15.0,325.0,3000.0,1.6,150.0,8.0,0.11310746897976642,0.5901649195581166,,306471.8584144391,3.0,,12911355.628644204,327367029.12383884,0.372306342421419,0.8532894609760426,0.8522558050632965,53.08789940604631,7124780348.49424,589514636.311764,95922112.49738927,685436748.8091533,32.42570600427886,12.692985726119916,7.969207675647538,25.769437710466363,6.656268293812495,0.5511245027521758,3.8862466426507374,,,3.5318365302446244,,4.297022174147187,8.701469902648054,-1.1936172705964407,0.8881109199211191
hydrogen_decentral_nt200_tc15_A325_cec70eae,hydrogen_decentral,200,15.0,325.0,3000.0,1.8,150.0,8.0,0.11310746897976642,0.5901649195581166,,306471.8584144391,3.0,,13031651.447458748,330417125.94976544,0.33093897104126135,0.8613922807375731,0.8601020467970808,53.138024065091585,7193296605.685648,595183770.5817311,97292437.64121741,692476208.2229486,32.12638270898116,13.115997830525542,7.895643525584875,25.53155875688405,6.594823952097109,0.5460370452189052,3.8503725077509654,,,3.4992339726150044,,4.789525668757712,8.621146203763882,-1.1825989305574596,0.8879248885614113
hydrogen_decentral_nt200_tc15_A325_1b5e75ad,hydrogen_decentral,200,15.0,325.0,3000.0,2.0,150.0,8.0,0.11310746897976642,0.5901649195581166,,306471.8584144391,3.0,,13138522.624684531,333126841.39666665,0.2978450739371352,0.8685935143380757,0.8672897270702676,53.240708225820335,7261701728.978348,600843709.4720969,98660540.10707141,699504249.5791683,31.865060759916332,13.544228567595649,7.831418898308362,25.323880327679916,6.541180432236417,0.5415954787278756,3.819052864407807,,,3.4707705551726797,,5.278407532893788,8.551020203287935,-1.172979451754175,0.8877802831681002
hydrogen_decentral_nt267_tc15_A50_0bce5cf3,hydrogen_decentral,267,15.0,50.0,4005.0,1.0,150.0,8.0,0.3197382875485123,0.4526665686828744,,134350.28842544404,4.0,,12645352.703540454,320622533.0512285,0.4522569205388748,0.8212591497195134,0.8205186399704455,66.3839386727739,8667892255.045103,717193948.4986919,122254369.86873311,839448318.367425,44.198914424470345,15.037189876041776,7.147834372261784,35.12587118323108,9.073043241239262,0.5934054995157385,1.7462543037116516,,,4.808174569034393,,3.6607474971038574,11.860821890616501,-1.6269988876017147,1.1426193759231351
hydrogen_decentral_nt267_tc15_A50_300362ac,hydrogen_decentral,267,15.0,50.0,4005.0,1.2,150.0,8.0,0.3197382875485123,0.4526665686828744,,134350.28842544404,4.0,,13056864.02598473,331056390.1111747,0.37812865903847015,0.8484887014409391,0.8477755337676954,65.03998178614245,8762984161.40251,725061990.4383043,124156207.99588126,849218198.4341855,42.80590353845528,15.311521152518004,6.922557095169188,34.018814107822145,8.787089430633127,0.5747032229686707,1.6912178557242723,,,4.656636016476245,,4.254446688027601,11.487006057674522,-1.575720995565778,1.1457894023816588
hydrogen_decentral_nt267_tc15_A50_00b4110b,hydrogen_decentral,267,15.0,50.0,4005.0,1.4,150.0,8.0,0.3197382875485123,0.4526665686828744,,134350.28842544404,4.0,,13206832.004939608,334858823.6546554,0.3241102791758316,0.858422819542815,0.8576202394572808,65.0167101756188,8854929239.41728,732669659.2470683,125995109.55617666,858664768.803245,42.31982823753538,15.85293278586179,6.84394915222163,33.632519135925506,8.687309101609866,0.5681772763362587,1.6720135133278136,,,4.603758362557558,,4.907158699303077,11.356567275529981,-1.5578281585089135,1.147034969537648
hydrogen_decentral_nt267_tc15_A50_0fd26531,hydrogen_decentral,267,15.0,50.0,4005.0,1.6,150.0,8.0,0.3197382875485123,0.4526665686828744,,134350.28842544404,4.0,,13351608.496705314,338529627.19841063,0.28359649427885264,0.8680020861744184,0.8662515805662198,65.01706706592422,8946592891.53367,740254042.4697486,127828382.59850445,868082425.068253,41.860938489092746,16.38639092866391,6.769737648167566,33.26782913389738,8.593109355195363,0.5620163173185302,1.6538832445512697,,,4.553838086297766,,5.5473697594897855,11.233423762966819,-1.5409360443027185,1.146533450510027
hydrogen_decentral_nt267_tc15_A50_af842a25,hydrogen_decentral,267,15.0,50.0,4005.0,1.8,150.0,8.0,0.3197382875485123,0.4526665686828744,,134350.28842544404,4.0,,13463870.211962132,341376019.57307637,0.25208577269231347,0.8754424314733736,0.8736705154134954,65.17294727084209,9038062094.8842,747822336.7201544,129657766.66551502,877480103.3856695,41.511902091454985,16.947753586347638,6.71329159303947,32.99044205999912,8.521460031455852,0.5573302267077902,1.6400931703047965,,,4.515868196026883,,6.18875528026373,11.139759504474716,-1.5280877235219088,1.1473265251311053
hydrogen_decentral_nt267_tc15_A50_42bc8417,hydrogen_decentral,267,15.0,50.0,4005.0,2.0,150.0,8.0,0.3197382875485123,0.4526665686828744,,134350.28842544404,4.0,,13563834.84450245,343910619.7896159,0.2268771954230821,0.8820703140867692,0.8800038738807511,65.38435101601645,9129382934.479954,755378355.138793,131484183.45743012,886862538.5962231,41.20596191404977,17.514574057036775,6.6638150449299065,32.747304521413774,8.458657392635994,0.5532227370520135,1.6280057840323328,,,4.482586523845559,,6.825716147412923,11.057660158808936,-1.5168258105362051,1.1480235613511227
hydrogen_decentral_nt267_tc15_A75_534cabbb,hydrogen_decentral,267,15.0,75.0,4005.0,1.0,150.0,8.0,0.26120968809083256,0.49161325611416445,,164544.82671904334,4.0,,13666031.589667657,346501815.1538453,0.4912666314300355,0.8155980655908052,0.8150332896893959,61.78695409961517,8727224522.792027,722103186.1918613,122279280.36282533,844382466.5546865,40.897817215174555,13.914102891172979,6.975033993267644,32.502415000043676,8.395402215130874,0.5490856499461378,1.9768833103090853,,,4.44906503301242,,3.387336181373994,10.974969227651743,-1.505482747277331,1.057280229424576
hydrogen_decentral_nt267_tc15_A75_79a045fd,hydrogen_decentral,267,15.0,75.0,4005.0,1.2,150.0,8.0,0.26120968809083256,0.49161325611416445,,164544.82671904334,4.0,,14125059.363927271,358140450.4038355,0.4114327523518152,0.843506699806637,0.8431429552384274,60.470708449041325,8822316429.149433,729971228.1314737,124181118.48997349,854152346.6214471,39.56874428707761,14.15360067299792,6.748363488965806,31.446170857549383,8.122573429528213,0.5312417912211016,1.9126397328116627,,,4.304481964933042,,3.9327078548951775,10.61831120821698,-1.4565584647759917,1.0591400746617532
hydrogen_decentral_nt267_tc15_A75_b01eede2,hydrogen_decentral,267,15.0,75.0,4005.0,1.4,150.0,8.0,0.26120968809083256,0.49161325611416445,,164544.82671904334,4.0,,14293591.426368047,362413575.71927094,0.3526566448729844,0.8537638433086221,0.8532698508961787,60.4186093774435,8914261507.164204,737578896.9402376,126020020.05026889,863598916.9905065,39.10219939405716,14.647614713699381,6.668795269686964,31.075397139985917,8.026802254071237,0.524978055812794,1.890088289352723,,,4.253728924521447,,4.534061358695293,10.493113430123394,-1.4393845583159663,1.0598244831966608
hydrogen_decentral_nt267_tc15_A75_54a6ec6d,hydrogen_decentral,267,15.0,75.0,4005.0,1.6,150.0,8.0,0.26120968809083256,0.49161325611416445,,164544.82671904334,4.0,,14451048.553200671,366405896.3793274,0.3085745642638614,0.8633399480221212,0.8618841603851988,60.41198810187068,9005925159.280594,745163280.1629179,127853293.09259668,873016573.2555145,38.67614588335458,15.13970945070465,6.596132767811462,30.736802834470193,7.939343048884374,0.5192579493434158,1.8694940833056086,,,4.207380735162437,,5.125324224224924,10.378781554055474,-1.4237011733958125,1.059304845820067
hydrogen_decentral_nt267_tc15_A75_a4d4def4,hydrogen_decentral,267,15.0,75.0,4005.0,1.8,150.0,8.0,0.26120968809083256,0.49161325611416445,,164544.82671904334,4.0,,14576954.707283884,369598243.0852912,0.27428850156787676,0.8710077088462016,0.8693158075327294,60.53488326557,9097394362.631123,752731574.4133238,129682677.15960725,882414251.572931,38.34208675504424,15.653636802265776,6.539159708259977,30.471318533296618,7.870768221747618,0.5147729404583778,1.8533466221357722,,,4.171040145665826,,5.716186922459884,10.289136460427793,-1.4114041783851567,1.0597175977632591
hydrogen_decentral_nt267_tc15_A75_1b9d6fcc,hydrogen_decentral,267,15.0,75.0,4005.0,2.0,150.0,8.0,0.26120968809083256,0.49161325611416445,,164544.82671904334,4.0,,14688897.038538206,372436537.48829126,0.24685965141108912,0.8778276079442818,0.8758181434285023,60.71229748862297,9188715202.226877,760287592.8319622,131509093.95152235,891796686.7834846,38.0498862878986,16.173085648171703,6.48932555255268,30.239100251416026,7.810786036482566,0.5108499173157711,1.8392224887199082,,,4.139253146517,,6.302916160148672,10.21072417944085,-1.400648035588594,1.0600933441707747
hydrogen_decentral_nt267_tc15_A100_d64e98c9,hydrogen_decentral,267,15.0,100.0,4005.0,1.0,150.0,8.0,0.2284434818380432,0.5134168735774408,,190000.0,4.0,,14237590.388712434,360993671.1133985,0.5131285073846191,0.8126394262249209,0.812031402247142,59.59871879491255,8777243938.289106,726241865.0132399,122300280.88078211,848542145.894022,39.25600096306563,13.355530287162036,6.98718754468489,31.197626705374955,8.058374257690668,0.527042963923597,2.189684367645693,,,4.2704602131156,,3.251353775157142,10.534386231509142,-1.4450461222920632,1.014836402787817
hydrogen_decentral_nt267_tc15_A100_c86f85ac,hydrogen_decentral,267,15.0,100.0,4005.0,1.2,150.0,8.0,0.2284434818380432,0.5134168735774408,,190000.0,4.0,,14724342.870616497,373335265.4821627,0.4301715083253325,0.8409409586851795,0.8402821561489424,58.29204287775768,8872335844.646513,734109906.9528522,124202119.00793026,858312025.9607825,37.958288999529934,13.577546480418658,6.756207397809097,30.166305826623784,7.791983172906147,0.5096201510338055,2.1172985022862942,,,4.129288744488997,,3.772645910211111,10.186143957570001,-1.3972762630411524,1.0160328756786987
hydrogen_decentral_nt267_tc15_A100_33e3046d,hydrogen_decentral,267,15.0,100.0,4005.0,1.4,150.0,8.0,0.2284434818380432,0.5134168735774408,,190000.0,4.0,,14902983.626290996,377864696.4069725,0.3687184357074279,0.8513384997150446,0.8507819607343597,58.22717236292144,8964280922.661283,741717575.7616162,126041020.56822567,867758596.3298419,37.50328632348696,14.048664706248655,6.675221333185832,29.804704968439303,7.698581355047654,0.5035113790475688,2.0919186311194466,,,4.079791323018818,,4.348660790913242,10.064043544684933,-1.3805272352105533,1.0164876058610348
hydrogen_decentral_nt267_tc15_A100_2cd04e16,hydrogen_decentral,267,15.0,100.0,4005.0,1.6,150.0,8.0,0.2284434818380432,0.5134168735774408,,190000.0,4.0,,15067502.227956783,382036060.5465716,0.32262863124399943,0.8609088796205226,0.859668616986826,58.21643423866936,9055944574.777674,749301958.9842966,127874293.61055346,877176252.5948501,37.093796540079886,14.520301576431365,6.602336122158106,29.479274229469773,7.614522310610102,0.49801365376102336,2.0690774512886043,,,4.03524501710848,,4.915632869643427,9.954156561027943,-1.3654535749009524,1.0159657206609471
hydrogen_decentral_nt267_tc15_A100_05342a3d,hydrogen_decentral,267,15.0,100.0,4005.0,1.8,150.0,8.0,0.2284434818380432,0.5134168735774408,,190000.0,4.0,,15200933.194154022,385419198.6347369,0.28678100555022173,0.8686801308260426,0.8672116830058405,58.32365155405229,9147413778.1282,756870253.2347022,129703677.67756402,886573930.9122663,36.768194088634985,15.011075422570421,6.544382042846891,29.22051063956437,7.547683449070609,0.4936421824735694,2.0509154739983853,,,3.9998243863749368,,5.481544902724208,9.866780824903575,-1.353467877215854,1.0162175721584972
hydrogen_decentral_nt267_tc15_A100_ccd4c01f,hydrogen_decentral,267,15.0,100.0,4005.0,2.0,150.0,8.0,0.2284434818380432,0.5134168735774408,,190000.0,4.0,,15319712.041383713,388430832.6922848,0.25810290499519956,0.8756006242374879,0.8738157050537209,58.483890800462795,9238734617.723957,764426271.6533409,131530094.46947913,895956366.12282,36.48311799211515,15.507131546579426,6.493641261768225,28.993954255224075,7.489163736891068,0.4898148096600486,2.0350140409225546,,,3.968812411185623,,6.043382947986542,9.790280375738199,-1.342973988441454,1.0164422112961393
hydrogen_decentral_nt267_tc15_A125_47943e82,hydrogen_decentral,267,15.0,125.0,4005.0,1.0,150.0,8.0,0.20638930042434966,0.5280923880785722,,212426.45786248002,4.0,,14620618.919001147,370705347.8448567,0.5277859012628521,0.8107457265198286,0.8102962463461589,58.28801787951768,8821311927.98888,729888114.2518348,122318782.70851867,852206896.9603534,38.2275788123211,13.005644337363439,7.054794729833153,30.380316496302626,7.847262316018465,0.5132355804613068,2.3829757390200674,,,4.1585834103517785,,3.1661753524893705,10.258408142065562,-1.4071890455508314,0.988249888359339
hydrogen_decentral_nt267_tc15_A125_d1ce9459,hydrogen_decentral,267,15.0,125.0,4005.0,1.2,150.0,8.0,0.20638930042434966,0.5280923880785722,,212426.45786248002,4.0,,15125911.994882561,383517038.40980124,0.4427566476521987,0.8392876774665696,0.8388300686544019,56.98676399272587,8916403834.346287,737756156.1914471,124220620.83566682,861976777.0271139,36.95055625076501,13.217084020259685,6.819123721701186,29.36543795054213,7.58511830022287,0.4960905392108476,2.303370546200777,,,4.01966263628956,,3.6724881071747073,9.915717889371711,-1.360180780435077,0.9890588041483431
hydrogen_decentral_nt267_tc15_A125_f604af7c,hydrogen_decentral,267,15.0,125.0,4005.0,1.4,150.0,8.0,0.20638930042434966,0.5280923880785722,,212426.45786248002,4.0,,15311882.71263674,388232320.30012023,0.3795056979875988,0.8498032825581915,0.8491638399545284,56.911574085987255,9008348912.361057,745363825.0002111,126059522.39596222,871423347.3961734,36.50177267552904,13.673499465593963,6.736301944864252,29.008779551616364,7.492993123912667,0.4900652635880165,2.2753949221857583,,,3.9708417590904754,,4.232531151103208,9.795286378267427,-1.3436606828899076,0.9893426191132375
hydrogen_decentral_nt267_tc15_A125_9763971a,hydrogen_decentral,267,15.0,125.0,4005.0,1.6,150.0,8.0,0.20638930042434966,0.5280923880785722,,212426.45786248002,4.0,,15480821.721596174,392515763.73215455,0.332067485739149,0.8593523069208772,0.8579402244615165,56.89885327161825,9100012564.477448,752948208.2228913,127892795.43829001,880841003.6611813,36.103436371942266,14.132626826150533,6.662790073525452,28.692212733865592,7.41122363807667,0.4847172826187307,2.250564007518668,,,3.927508783388052,,4.784391329295227,9.688392441822836,-1.3289975914708965,0.9888406465033678
hydrogen_decentral_nt267_tc15_A125_f1af414a,hydrogen_decentral,267,15.0,125.0,4005.0,1.8,150.0,8.0,0.20638930042434966,0.5280923880785722,,212426.45786248002,4.0,,15619544.860792648,396033084.705696,0.29517109843479916,0.8672015910487725,0.8655250715141792,56.995174309670666,9191481767.827974,760516502.4732971,129722179.50530058,890238681.9785976,35.782787974442044,14.60877104323773,6.603615291990899,28.437386242030612,7.345401732411428,0.4804123234366971,2.230575889627393,,,3.892627078926808,,5.334636739398417,9.602346130917152,-1.3171942566415844,0.9889824295637508
hydrogen_decentral_nt267_tc15_A125_0fe928ac,hydrogen_decentral,267,15.0,125.0,4005.0,2.0,150.0,8.0,0.20638930042434966,0.5280923880785722,,212426.45786248002,4.0,,15742616.314927407,399153557.6807152,0.2656539885913193,0.8741678305557473,0.8725921696310297,57.14559125322236,9282802607.423729,768072520.8919356,131548596.29721569,899621117.1891513,35.503047957858236,15.090553255508823,6.551990039855317,28.215070560406595,7.287977397451638,0.4766565917306814,2.2131378594548563,,,3.862195588669779,,5.881035570381895,9.527277624018671,-1.306896793418199,0.9891368545264555
hydrogen_decentral_nt267_tc15_A150_5d8893bf,hydrogen_decentral,267,15.0,150.0,4005.0,1.0,150.0,8.0,0.1899811006719092,0.5390108968587206,,232701.5255644019,4.0,,14905952.188677115,377939964.2159512,0.5386864446871007,0.8094182455803952,0.8088843542200621,57.394527659164055,8861152436.023155,733184575.539833,122335509.63937275,855520085.1792057,37.49581743832441,12.756687210971904,7.1420230098677555,29.798769277449637,7.697048160874763,0.5034111033374429,2.5596330854510847,,,4.078978821079228,,3.1055676734724265,10.062039262050664,-1.3802522993210786,0.9693325747698939
hydrogen_decentral_nt267_tc15_A150_bda06d2d,hydrogen_decentral,267,15.0,150.0,4005.0,1.2,150.0,8.0,0.1899811006719092,0.5390108968587206,,232701.5255644019,4.0,,15424338.091098653,391083622.9994588,0.4521240487110574,0.8380907990611093,0.8375118621690879,56.09900146997704,8956244342.380562,741052617.4794453,124237347.7665209,865289965.2459662,36.23564646404991,12.96136330380298,6.901991702124165,28.797283067039317,7.438363397010585,0.48649230801855636,2.473608148819585,,,3.9418912452860235,,3.6014337589912575,9.723871149276397,-1.3338643551819473,0.9699227507172735
hydrogen_decentral_nt267_tc15_A150_e80894e5,hydrogen_decentral,267,15.0,150.0,4005.0,1.4,150.0,8.0,0.1899811006719092,0.5390108968587206,,232701.5255644019,4.0,,15615311.869834792,395925757.3487523,0.38753489889519205,0.8486649142396532,0.8479568669313142,56.0178716189983,9048189420.395332,748660286.2882093,126076249.3268163,874736535.6150256,35.79248795476939,13.407802664058543,6.817581000170374,28.44509503451782,7.347392920251562,0.4805425533698615,2.44335615646552,,,3.893682290334992,,4.150286661162879,9.604949130119806,-1.3175513210040886,0.9701181937799497
hydrogen_decentral_nt267_tc15_A150_6ade096f,hydrogen_decentral,267,15.0,150.0,4005.0,1.6,150.0,8.0,0.1899811006719092,0.5390108968587206,,232701.5255644019,4.0,,15787951.32557263,400303025.49626344,0.33909303653329304,0.8582215227511596,0.8570751833008485,56.001831627636165,9139853072.511723,756244669.5108895,127909522.3691441,884154191.8800336,35.401101161601,13.857698940273915,6.743031525761264,28.13405114896846,7.267050012632529,0.4752878750926193,2.416638334227073,,,3.851105316441572,,4.691318568686019,9.499920101589192,-1.303144046857228,0.969604316855931
hydrogen_decentral_nt267_tc15_A150_eeb6c844,hydrogen_decentral,267,15.0,150.0,4005.0,1.8,150.0,8.0,0.1899811006719092,0.5390108968587206,,232701.5255644019,4.0,,15930696.309251443,403922320.2142861,0.30141603247403825,0.8661307255721945,0.8648076236055842,56.08994439737937,9231322275.862251,763812963.7612954,129738906.43615466,893551870.1974502,35.08389408480862,14.323438865530811,6.682611447039938,27.88195955208414,7.2019345327244775,0.4710291183718956,2.3949843529521613,,,3.8165979757158817,,5.230442929144099,9.414797272459378,-1.2914673899121232,0.969666053839461
hydrogen_decentral_nt267_tc15_A150_4e609f1e,hydrogen_decentral,267,15.0,150.0,4005.0,2.0,150.0,8.0,0.1899811006719092,0.5390108968587206,,232701.5255644019,4.0,,16057489.52515762,407137158.34578145,0.2712744292266345,0.8731586119790596,0.8715214013531384,56.23134948918116,9322643115.458006,771368982.179934,131565323.22806977,902934305.4080038,34.806864493691336,14.794640812890218,6.629844182599621,27.661797906527035,7.145066587164293,0.4673097762785843,2.3760730674937456,,,3.7864613388272907,,5.765713648694013,9.340456110884302,-1.2812696997097808,0.9697407530216842
hydrogen_decentral_nt267_tc15_A175_86461b80,hydrogen_decentral,267,15.0,175.0,4005.0,1.0,150.0,8.0,0.17718602589573662,0.5475251237936724,,251346.3745511361,4.0,,15130465.022197288,383632480.2788359,0.54725807876006,0.8083595351589689,0.807866366361651,56.74424909808281,8897789564.28209,736215984.5496051,122350891.63978681,858566876.189392,36.93943716806284,12.567397589809294,7.237414340210676,29.356601365486643,7.58283580257619,0.49594125670219436,2.7230200355397125,,,4.018453047968768,,3.059485824894934,9.912734072659587,-1.3597714777310819,0.9549491699858559
hydrogen_decentral_nt267_tc15_A175_8f0e7bdd,hydrogen_decentral,267,15.0,175.0,4005.0,1.2,150.0,8.0,0.17718602589573662,0.5475251237936724,,251346.3745511361,4.0,,15659960.234638145,397057815.2798719,0.45952406008257546,0.837173177483885,0.8366127914165519,55.44948666826657,8992881470.639496,744084026.4892175,124252729.76693496,868336756.2561525,35.69043941598132,12.766344660136115,6.992702592149145,28.363994766002573,7.326444649978733,0.47917247075758673,2.630949171336006,,,3.882580950055551,,3.5472460388824896,9.577564304982722,-1.3137948292157369,0.9553291454866403
hydrogen_decentral_nt267_tc15_A175_2449f993,hydrogen_decentral,267,15.0,175.0,4005.0,1.4,150.0,8.0,0.17718602589573662,0.5475251237936724,,251346.3745511361,4.0,,15854646.360116048,401994076.0678511,0.39387776578506467,0.84777850928701,0.8472317393342348,55.36442167725442,9084826548.654266,751691695.2979815,126091631.32723036,877783326.6252118,35.252180926408144,13.205404607141515,6.906836143704764,28.015700889328045,7.236480037080093,0.4732885027617982,2.598642597675352,,,3.834905043267612,,4.087635831872275,9.45995721090441,-1.2976621688483414,0.9554737332131737
hydrogen_decentral_nt267_tc15_A175_4a1c35f9,hydrogen_decentral,267,15.0,175.0,4005.0,1.6,150.0,8.0,0.17718602589573662,0.5475251237936724,,251346.3745511361,4.0,,16030217.666144991,406445681.19028884,0.3446430450619316,0.8573413108565856,0.8561863198515925,55.34553562325878,9176490200.770657,759276078.5206617,127924904.36955816,887200982.8902199,34.86608065163212,13.64826610031292,6.831188871313747,27.708858318821736,7.157222332810375,0.46810480018900863,2.5701809083659253,,,3.792903162758812,,4.620418185062716,9.356346824752004,-1.283449495850755,0.9549505863489551
hydrogen_decentral_nt267_tc15_A175_f9170ed3,hydrogen_decentral,267,15.0,175.0,4005.0,1.8,150.0,8.0,0.17718602589573662,0.5475251237936724,,251346.3745511361,4.0,,16175942.235259332,410140523.20637256,0.30634937338838364,0.8652853313487971,0.8638679537508374,55.427909432891354,9267959404.121185,766844372.7710676,129754288.43656872,896598661.2076364,34.55198181857681,14.106279025497654,6.76964858881688,27.459236913129576,7.0927449054472325,0.46388777410695403,2.547026862686834,,,3.7587339520230896,,5.151143386592981,9.272058095867367,-1.2718872559488843,0.9549647989861939
hydrogen_decentral_nt267_tc15_A175_973e79ba,hydrogen_decentral,267,15.0,175.0,4005.0,2.0,150.0,8.0,0.17718602589573662,0.5475251237936724,,251346.3745511361,4.0,,16305598.731560547,413427959.725166,0.27571443604954526,0.8723559880818984,0.8706030295234898,55.56257769698481,9359280243.71694,774400391.1897061,131580705.22848383,905981096.4181899,34.277236378276676,14.569522640197933,6.715818678510209,27.24089053359,7.036345844686673,0.4601990985509157,2.5267737837022612,,,3.7288457962570307,,5.677981412590648,9.19832988839685,-1.2617736472423664,0.9549849864528008
hydrogen_decentral_nt267_tc15_A200_60b71a9c,hydrogen_decentral,267,15.0,200.0,4005.0,1.0,150.0,8.0,0.16689778095010377,0.5543712308904917,,268700.5768508881,4.0,,15310194.103959365,388189505.6784829,0.5541389947474726,0.807494883252945,0.8069597947359535,56.26334677842197,8931890571.801102,739037551.259333,122365208.8566841,861402760.1160171,36.505798568973695,12.419866682387863,7.337681527060417,29.011979019666107,7.49381954930758,0.4901193144021967,2.876282497144374,,,3.971279715513847,,3.0235699786137786,9.796366730708645,-1.3438088793839018,0.9437388524493441
hydrogen_decentral_nt267_tc15_A200_0359568c,hydrogen_decentral,267,15.0,200.0,4005.0,1.2,150.0,8.0,0.16689778095010377,0.5543712308904917,,268700.5768508881,4.0,,15849256.706507899,401857421.5646019,0.46547138972054536,0.8364533195270545,0.8357943646295979,54.96615117761728,9026982478.158508,746905593.1989454,124267046.98383226,871172640.1827776,35.264168683792825,12.61386911837492,7.088113375449539,28.0252278296874,7.23894085410542,0.47344944791738763,2.778454797253641,,,3.836209130278511,,3.504879310117304,9.463174137316722,-1.2981034481915943,0.9439191191324887
hydrogen_decentral_nt267_tc15_A200_cf3b7ec2,hydrogen_decentral,267,15.0,200.0,4005.0,1.4,150.0,8.0,0.16689778095010377,0.5543712308904917,,268700.5768508881,4.0,,16046838.83593696,406867110.4446491,0.3989754769033246,0.8470780866756562,0.8465122901116688,54.87804916315897,9118927556.173279,754513262.0077094,126105948.54412766,880619210.5518371,34.82996668224436,13.047243898256,7.000838582658604,27.68015773526335,7.149808946981006,0.46761994149229436,2.7442441330239773,,,3.7889745081423323,,4.038678348170101,9.346655605765092,-1.2821201105301907,0.9440300548510008
hydrogen_decentral_nt267_tc15_A200_12ec7457,hydrogen_decentral,267,15.0,200.0,4005.0,1.6,150.0,8.0,0.16689778095010377,0.5543712308904917,,268700.5768508881,4.0,,16224622.866594346,411374819.1327167,0.349103542290409,0.8566378776302301,0.855419364582321,54.85716827658193,9210591208.289669,762097645.2303897,127939221.58645545,890036866.8168452,34.44831147118973,13.484731087583565,6.924125717808633,27.37684775685149,7.071463714338236,0.4624959174272763,2.714173616927026,,,3.7474561834543314,,4.565055830522176,9.244238056807408,-1.2680710640339379,0.9435082642879207
hydrogen_decentral_nt267_tc15_A200_380a264f,hydrogen_decentral,267,15.0,200.0,4005.0,1.8,150.0,8.0,0.16689778095010377,0.5543712308904917,,268700.5768508881,4.0,,16372752.568328885,415130643.21320707,0.3103142598136969,0.8646096406873308,0.8631194510963414,54.93484014863261,9302060411.640196,769665939.4807954,129768605.65346602,899434545.1342614,34.136646216237025,13.936713067556617,6.861480864838982,27.129160370400733,7.0074858458362845,0.4583115640623774,2.689617591502879,,,3.713551709273726,,5.089223544991913,9.160602380985445,-1.256598406170843,0.9434855477501047
hydrogen_decentral_nt267_tc15_A200_c7daaeac,hydrogen_decentral,267,15.0,200.0,4005.0,2.0,150.0,8.0,0.16689778095010377,0.5543712308904917,,268700.5768508881,4.0,,16504538.059583155,418472060.3342585,0.2792828338323272,0.8717044023374069,0.8702853334786078,55.06467233823136,9393381251.235952,777221957.8994341,131595022.44538112,908816980.3448153,33.8640718082082,14.393907240773396,6.806693289249761,26.91253935902664,6.951532449181559,0.45465203633737067,2.668141523872102,,,3.683899729040289,,5.609541217374777,9.08745677214714,-1.2465647149721728,0.9434739662236531
hydrogen_decentral_nt267_tc15_A225_6b1a4739,hydrogen_decentral,267,15.0,225.0,4005.0,1.0,150.0,8.0,0.15840895787594067,0.5600199486454417,,285000.0,4.0,,15453493.77008935,391822864.35317826,0.5596968631076961,0.8068104628909056,0.8062502520122112,55.91397604883627,8963918938.289106,741687624.6508343,122378655.88078211,864066280.5316164,36.16728167275779,12.304697726070044,7.441996650008442,28.742952030097243,7.424329642660539,0.48557445644563335,3.0219680053898026,,,3.934454188173007,,2.995532527995678,9.705525390705999,-1.3313477902203015,0.9349875975886702
hydrogen_decentral_nt267_tc15_A225_cc8705af,hydrogen_decentral,267,15.0,225.0,4005.0,1.2,150.0,8.0,0.15840895787594067,0.5600199486454417,,285000.0,4.0,,16000447.348906599,405690855.7025,0.4702192556307689,0.8358957460429084,0.8354000092594132,54.61323308926679,9059010844.646513,749555666.5904467,124280494.00793026,873836160.598377,34.9309522304839,12.4946787649083,7.187602093874594,27.76041322128647,7.170539009197428,0.4689757526129353,2.9186661301624124,,,3.799960211099248,,3.4717611764257006,9.373755176349393,-1.2858374727502597,0.9349998848834659
hydrogen_decentral_nt267_tc15_A225_9828c582,hydrogen_decentral,267,15.0,225.0,4005.0,1.4,150.0,8.0,0.15840895787594067,0.5600199486454417,,285000.0,4.0,,16200456.018139264,410762069.42543775,0.4030450762549447,0.8465416318065592,0.8459100638611515,54.522090611427586,9150955922.661283,757163335.3992107,126119395.56822567,883282730.9674363,34.49969935322994,12.923526341113648,7.098864917084007,27.41768686225549,7.082012490974442,0.4631858405217278,2.8826326674021905,,,3.7530464091600892,,4.000382488660177,9.258028045184984,-1.269962694812755,0.935078502081244
hydrogen_decentral_nt267_tc15_A225_c9ebd0be,hydrogen_decentral,267,15.0,225.0,4005.0,1.6,150.0,8.0,0.15840895787594067,0.5600199486454417,,285000.0,4.0,,16379920.519417305,415312386.39496213,0.35266444172307665,0.8560943731822046,0.8548993931180058,54.49967758843565,9242619574.777674,764747718.621891,127952668.61055346,892700387.2324445,34.12170781588822,13.356882659725322,7.0210871128221095,27.117288487727407,7.004419328160805,0.4581110041835574,2.8510494717810726,,,3.711926636857481,,4.521774640320706,9.156593646649432,-1.2560485112001964,0.9345628839553798
hydrogen_decentral_nt267_tc15_A225_ad63cd56,hydrogen_decentral,267,15.0,225.0,4005.0,1.8,150.0,8.0,0.15840895787594067,0.5600199486454417,,285000.0,4.0,,16529986.084730767,419117294.2375955,0.3134795037538459,0.8640886303964568,0.8627091634362604,54.57343163665184,9334088778.1282,772316012.8722967,129782052.67756402,902098065.5498607,33.81193784109181,13.804146809396233,6.957346986163808,26.87110732303556,6.940830518056243,0.4539520964587271,2.8251665491623603,,,3.678228340542721,,5.040814761727813,9.073466571110066,-1.2446456201797071,0.9345110967380656
hydrogen_decentral_nt267_tc15_A225_3907c5e7,hydrogen_decentral,267,15.0,225.0,4005.0,2.0,150.0,8.0,0.15840895787594067,0.5600199486454417,,285000.0,4.0,,16663483.052857354,422502105.8026713,0.2821315533784613,0.8712028387835753,0.869809060776687,54.6992785283338,9425409617.723957,779872031.2909354,131608469.46947913,911480500.7604145,33.541058627307244,14.256610645438734,6.901609255587831,26.65583352064679,6.885225106660448,0.4503153280616448,2.8025331556773674,,,3.6487607718488193,,5.556034487224858,9.000775869304272,-1.2346743304944132,0.9344746194040164
hydrogen_decentral_nt267_tc15_A250_36289465,hydrogen_decentral,267,15.0,250.0,4005.0,1.0,150.0,8.0,0.15119851360022407,0.5648179947639059,,300416.377715996,4.0,,15579728.692875588,395023546.9796042,0.564505143682226,0.8062145156990432,0.8056806832164772,55.62263103933399,8994212120.501038,744194126.3843462,122391374.3923978,866585500.776744,35.874235875918174,12.204998777649411,7.543396385766413,28.510061945700134,7.364173930218037,0.4816400840810867,3.1591810717689635,,,3.902575229916364,,2.971261192799185,9.626886264669363,-1.3205605301329715,0.9274118503138369
hydrogen_decentral_nt267_tc15_A250_44cc4e9f,hydrogen_decentral,267,15.0,250.0,4005.0,1.2,150.0,8.0,0.15119851360022407,0.5648179947639059,,300416.377715996,4.0,,16132670.518028641,409043370.13257205,0.47440428204183716,0.8353584607740925,0.8348360184950416,54.321780133311265,9089304026.858444,752062168.3239586,124293212.51954596,876355380.8435045,34.64465857567928,12.392272531444856,7.284849026187144,27.53288921599832,7.111769359680953,0.4651320331132666,3.0509012091224927,,,3.7688157839513856,,3.4433066645289334,9.29692799422812,-1.2752987646403458,0.9273366373281476
hydrogen_decentral_nt267_tc15_A250_a6281876,hydrogen_decentral,267,15.0,250.0,4005.0,1.4,150.0,8.0,0.15119851360022407,0.5648179947639059,,300416.377715996,4.0,,16335603.289825791,414188724.38706374,0.40663224175014623,0.84606424662962,0.8454288905404287,54.22523646642808,9181249104.873215,759669837.1327226,126132114.07984136,885801951.212564,34.21427737285543,12.816607772231757,7.194351321340904,27.19085559623808,7.023421776617341,0.4593538239429871,3.013000690368336,,,3.7219968070295812,,3.967286632360722,9.181434777749102,-1.2594560737653089,0.9273424358872447
hydrogen_decentral_nt267_tc15_A250_41c3196e,hydrogen_decentral,267,15.0,250.0,4005.0,1.6,150.0,8.0,0.15119851360022407,0.5648179947639059,,300416.377715996,4.0,,16516490.251501873,418775107.79670066,0.3558032115313779,0.855607567317824,0.8544503771059389,54.20156424553747,9272912756.989605,767254220.355403,127965387.12216915,895219607.4775721,33.83956600344958,13.246438742249705,7.11555949983819,26.893064044928966,6.946501958520611,0.45432302646228256,2.980002605901867,,,3.68123386747404,,4.484385489128658,9.080880615485535,-1.2456626358690719,0.9268352735045843
hydrogen_decentral_nt267_tc15_A250_7f86756a,hydrogen_decentral,267,15.0,250.0,4005.0,1.8,150.0,8.0,0.15119851360022407,0.5648179947639059,,300416.377715996,4.0,,16668234.161841014,422622570.0263949,0.3162695213612248,0.8636197775169585,0.8624876134233009,54.271932888125036,9364381960.340134,774822514.6058089,129794771.18917972,904617285.7949886,33.53149809297479,13.689653772280428,7.050781022869816,26.648235549027408,6.883262543947376,0.4501869703016169,2.9528733225086925,,,3.647720730059507,,4.999005716983697,8.998210290570656,-1.234322399255234,0.9267601639813136
hydrogen_decentral_nt267_tc15_A250_8fd87ef2,hydrogen_decentral,267,15.0,250.0,4005.0,2.0,150.0,8.0,0.15119851360022407,0.5648179947639059,,300416.377715996,4.0,,16803252.08557121,426045945.37452364,0.28464256922510234,0.8707514514552861,0.8693087216856784,54.39421585482163,9455702799.935888,782378533.0244473,131621187.98109482,913999721.0055422,33.2620649362846,14.138024512853,6.994126405684039,26.434110960728667,6.827953975555925,0.4465696163685229,2.9291463187707816,,,3.6184104705447346,,5.509819530617079,8.92590763959967,-1.224404340137129,0.9267016827733804
hydrogen_decentral_nt267_tc15_A275_b95deb0c,hydrogen_decentral,267,15.0,275.0,4005.0,1.0,150.0,8.0,0.1449295024765268,0.5689895829959882,,315079.355083763,4.0,,15689780.862267857,397813916.38610184,0.5687275388144957,0.8056925743994243,0.8053034293579908,55.38519715699128,9023024871.028702,746578135.0579677,122403471.34872623,868981606.4066939,35.62260473345083,12.119389768530583,7.6432026550098655,28.310085018413798,7.312519715037026,0.4782617363154483,3.289739357922258,,,3.875201560772157,,2.95042000049898,9.559360801616696,-1.3112977779995467,0.9209067444144556
hydrogen_decentral_nt267_tc15_A275_3e9f9c4c,hydrogen_decentral,267,15.0,275.0,4005.0,1.2,150.0,8.0,0.1449295024765268,0.5689895829959882,,315079.355083763,4.0,,16247962.937113434,411966605.91058403,0.4780590717534858,0.834887435573031,0.8344055165134162,54.083794373153026,9118116777.386108,754446176.99758,124305309.47587438,878751486.4734545,34.398826743651085,12.304339349689203,7.380628279812739,27.337521131125644,7.061305612525435,0.46183154569222723,3.176723741896214,,,3.7420729922242955,,3.418873622889139,9.230958781800675,-1.2662494899589405,0.920756434958329
hydrogen_decentral_nt267_tc15_A275_679a55ee,hydrogen_decentral,267,15.0,275.0,4005.0,1.4,150.0,8.0,0.1449295024765268,0.5689895829959882,,315079.355083763,4.0,,16453590.957707163,417180298.1163074,0.40976491864584497,0.8456525058704729,0.8450309683004134,53.98201882650216,9210061855.400879,762053845.806344,126144211.03616978,888198056.8425138,33.96892893762046,12.72470068246133,7.288389206420368,26.995871677667008,6.973057259953448,0.45605982650748894,3.137022778337664,,,3.6953066015752136,,3.938837468967006,9.115595285323645,-1.2504245933228593,0.9206925214935412
hydrogen_decentral_nt267_tc15_A275_08fc57b3,hydrogen_decentral,267,15.0,275.0,4005.0,1.6,150.0,8.0,0.1449295024765268,0.5689895829959882,,315079.355083763,4.0,,16635748.645337127,421798900.743842,0.3585443038151144,0.8551889750669311,0.8539906796039386,53.9570374765861,9301725507.51727,769638229.0290244,127977484.07849757,897615713.1075219,33.59697684346101,13.151477641182542,7.208582991942557,26.70027298444334,6.8967038590176575,0.45106607448654745,3.102673087949388,,,3.6548438295066203,,4.452237815935633,9.015781577269658,-1.236732726648787,0.9201909746260366
hydrogen_decentral_nt267_tc15_A275_c0760608,hydrogen_decentral,267,15.0,275.0,4005.0,1.8,150.0,8.0,0.1449295024765268,0.5689895829959882,,315079.355083763,4.0,,16788914.87832491,425682425.92101705,0.3187060478356572,0.863214317987412,0.8620428570251288,54.02453928668879,9393194710.867796,777206523.27943,129806868.14550814,907013391.4249382,33.29046969751471,13.591250913154127,7.142818676019966,26.456684863209105,6.833784834305595,0.44695097282819746,3.074367223483584,,,3.621500479708183,,4.963072269467589,8.933530085041662,-1.2254499430784171,0.9200985017232965
hydrogen_decentral_nt267_tc15_A275_24e39297,hydrogen_decentral,267,15.0,275.0,4005.0,2.0,150.0,8.0,0.1449295024765268,0.5689895829959882,,315079.355083763,4.0,,16925249.883481085,429139195.828628,0.28683544305209147,0.8703604051056342,0.868873340305387,54.14371031117758,9484515550.463552,784762541.6980687,131633284.93742324,916395826.635492,33.022310799471384,14.036117133686487,7.085282378019708,26.243572956910974,6.778737842560406,0.443350726828606,3.0496028108958155,,,3.592328840295285,,5.470104557175408,8.861569382624163,-1.215578790483424,0.9200219843703412
hydrogen_decentral_nt267_tc15_A300_599316b8,hydrogen_decentral,267,15.0,300.0,4005.0,1.0,150.0,8.0,0.13937132902855787,0.5726881584953638,,329089.6534380867,4.0,,15785678.909429822,400245408.45410305,0.5724009268855961,0.8052735624310887,0.8049130493165217,55.193765278607856,9050555107.294947,748856026.6456715,122415029.84486854,871271056.49054,35.40619730185663,12.04576443899835,7.741803537752881,28.138101166225262,7.268096135631359,0.4753562948195147,3.4147875433741,,,3.8516596995592667,,2.9324961900642927,9.50128765580831,-1.3033316400285748,0.915312233154324
hydrogen_decentral_nt267_tc15_A300_c5fab2fd,hydrogen_decentral,267,15.0,300.0,4005.0,1.2,150.0,8.0,0.13937132902855787,0.5726881584953638,,329089.6534380867,4.0,,16348203.555367276,414508203.7364928,0.48122648687116665,0.8345017047591154,0.8340666185346989,53.89221718297275,9145647013.652353,756724068.5852839,124316867.97201669,881040936.5573006,34.1879069536991,12.228894082602778,7.475416146670881,27.169898431149424,7.0180085225496684,0.4589997801399738,3.2972882629618803,,,3.7191281035690267,,3.3979104629597017,9.174358249991196,-1.2584853566517413,0.9151107263036233
hydrogen_decentral_nt267_tc15_A300_eaf730f0,hydrogen_decentral,267,15.0,300.0,4005.0,1.4,150.0,8.0,0.13937132902855787,0.5726881584953638,,329089.6534380867,4.0,,16555979.947315214,419776367.83253586,0.41247984588957143,0.8453077602024418,0.8446412456242928,53.78645720519642,9237592091.667124,764331737.3940479,126155769.5323121,890487506.9263599,33.75885110936393,12.646005899664534,7.3816001961679625,26.828918103583153,6.929933005780774,0.4532393649591227,3.255907525568465,,,3.6724533056403748,,3.9144780779819217,9.059220694758164,-1.2426914533275943,0.9149985802520444
hydrogen_decentral_nt267_tc15_A300_7f42c2a0,hydrogen_decentral,267,15.0,300.0,4005.0,1.6,150.0,8.0,0.13937132902855787,0.5726881584953638,,329089.6534380867,4.0,,16739490.61987642,424429275.35183626,0.36091986515337504,0.8548514742638713,0.8537520211542098,53.75941141977303,9329255743.783514,771916120.6167281,127989042.57463989,899905163.191368,33.38876162380833,13.069972158752533,7.30067763721218,26.534799667300984,6.853961956507333,0.4482706199367323,3.2202138600094488,,,3.632193157266,,4.424645342984561,8.959906819543738,-1.2290681508290449,0.9144881470532794
hydrogen_decentral_nt267_tc15_A300_0580b768,hydrogen_decentral,267,15.0,300.0,4005.0,1.8,150.0,8.0,0.13937132902855787,0.5726881584953638,,329089.6534380867,4.0,,16893866.811562255,428343478.9949862,0.3208176579141111,0.8628868439141855,0.8616732590579793,53.82443532030527,9420724947.134043,779484414.867134,129818426.64165045,909302841.5087844,33.08365504743459,13.506816243793937,7.2339640290767475,26.292324610200325,6.791330437234254,0.4441743220362943,3.1907875387493587,,,3.599002168291095,,4.932239539738669,8.878031171529605,-1.217836923392264,0.9143824559179304
hydrogen_decentral_nt267_tc15_A300_7dec8e4f,hydrogen_decentral,267,15.0,300.0,4005.0,2.0,150.0,8.0,0.13937132902855787,0.5726881584953638,,329089.6534380867,4.0,,17031286.737448882,431827757.034708,0.2887358921227,0.8700422931794336,0.8685107308753185,53.94103750829974,9512045786.729797,787040433.2857726,131644843.43356556,918685276.7193382,32.81671377078515,13.948728216705424,7.175595520809171,26.080180375004268,6.736533395780877,0.4405904235701404,3.1650421095369685,,,3.569962987702062,,5.436047666051475,8.80639721900339,-1.2080105924558833,0.9142939241064428
hydrogen_decentral_nt267_tc15_A325_86d77c71,hydrogen_decentral,267,15.0,325.0,4005.0,1.0,150.0,8.0,0.13439237049998587,0.5760013069961384,,342527.371169079,4.0,,15872144.812404905,402437748.79322785,0.5757068579428226,0.8048996184697186,0.8045709326010061,55.03143717408795,9076960222.636347,751040824.0998899,122426115.9619966,873466940.0618864,35.21331670148393,11.980143320267812,7.837977152336207,27.98481461585052,7.228502085633409,0.4727667197020841,3.53453323026168,,,3.830677202372444,,2.9165209747394725,9.449527958155892,-1.2962315443286545,0.910325931701103
hydrogen_decentral_nt267_tc15_A325_1eccf1de,hydrogen_decentral,267,15.0,325.0,4005.0,1.2,150.0,8.0,0.13439237049998587,0.5760013069961384,,342527.371169079,4.0,,16438533.627900047,416798519.97718173,0.48408285596823475,0.8341547309665072,0.8337027236676425,53.7296598420182,9172052128.993753,758908866.0395023,124327954.08914475,883236820.128647,34.00004371815905,12.161696063942388,7.567920059916778,27.020599293431427,6.979444424727611,0.4564775671268739,3.412751072866667,,,3.6986914199232377,,3.3792388767022707,9.123944967096133,-1.2515699543341745,0.9100821744781596
hydrogen_decentral_nt267_tc15_A325_48282b34,hydrogen_decentral,267,15.0,325.0,4005.0,1.4,150.0,8.0,0.13439237049998587,0.5760013069961384,,342527.371169079,4.0,,16648029.708431307,422110286.7249317,0.41492816225848694,0.8449858534323917,0.8442887713598811,53.62096332910865,9263997207.008524,766516534.8482662,126166855.64944015,892683390.4977064,33.57219273389281,12.576084002447635,7.472686592768199,26.68057649525533,6.891616238637477,0.4507333281485464,3.3698055720406845,,,3.6521476925789687,,3.8928342691779325,9.00913073724036,-1.2358204029136295,0.9099393989429727
hydrogen_decentral_nt267_tc15_A325_68f67a32,hydrogen_decentral,267,15.0,325.0,4005.0,1.6,150.0,8.0,0.13439237049998587,0.5760013069961384,,342527.371169079,4.0,,16832991.95681789,426799998.90511894,0.36306214197617603,0.8545481861719404,0.85353685122178,53.59124801324076,9355660859.124914,774100918.0709466,128000128.69176795,902101046.7627145,33.20329882202865,12.997373070380949,7.3905761208311604,26.387408208270326,6.815890613758318,0.44578063465169265,3.332777881608157,,,3.612017604571312,,4.400067997725785,8.910137695394717,-1.2222411104793849,0.9094084877398335
hydrogen_decentral_nt267_tc15_A325_69208430,hydrogen_decentral,267,15.0,325.0,4005.0,1.8,150.0,8.0,0.13439237049998587,0.5760013069961384,,342527.371169079,4.0,,16988529.71282718,430743653.9763484,0.32272190397882317,0.86259612418976,0.8613386628921001,53.653773486466235,9447130062.475441,781669212.3213522,129829512.75877851,911498725.0801308,32.899307442069215,13.431554026633123,7.322912017763903,26.145819422837263,6.753488019231949,0.44169930914806366,3.3022647764869215,,,3.5789479321289184,,4.904756284126931,8.828561311428476,-1.2110509343523286,0.9092873654300477
hydrogen_decentral_nt267_tc15_A325_e02ac475,hydrogen_decentral,267,15.0,325.0,4005.0,2.0,150.0,8.0,0.13439237049998587,0.5760013069961384,,342527.371169079,4.0,,17126899.2114417,434252008.4036942,0.29044971358094085,0.869758397061167,0.8683492091237018,53.768119314644295,9538450902.071198,789225230.739991,131655929.55069362,920881160.2906846,32.633511478694665,13.870858171615087,7.263749664334549,25.934585393855127,6.698926084839528,0.4381307874214707,3.2755855325809593,,,3.5500333443321197,,5.4057004350858815,8.757234704839128,-1.201266763352418,0.9091897950424954
hydrogen_decentral_nt333_tc15_A50_e2719129,hydrogen_decentral,333,15.0,50.0,4995.0,1.0,150.0,8.0,0.3772315752690967,0.41440880876722996,,148492.424049175,5.0,,14518572.679038754,368117968.53546536,0.41392026083366096,0.8272290729272834,0.8265493412054125,71.80696415581679,10757289549.954279,890073704.2485632,152460923.70879355,1042534627.9573567,48.01219917359303,16.334531396091098,7.460233586132656,38.156374321753994,9.855824851839033,0.5431723556813326,1.6822953352632146,,,5.234765895188108,,3.976580426099206,12.884120580561428,-1.7673690782663136,1.2411994676967806
hydrogen_decentral_nt333_tc15_A50_b63b90ed,hydrogen_decentral,333,15.0,50.0,4995.0,1.2,150.0,8.0,0.3772315752690967,0.41440880876722996,,148492.424049175,5.0,,14973333.674475275,379648419.73821694,0.3456311346576702,0.8536326464642151,0.853095926648698,70.43986045374996,10875887320.804525,899886655.431675,154832879.12579855,1054719534.5574735,46.55400182329289,16.6522027273959,7.233655903061184,36.99751209734574,9.556489725947145,0.5266754548218853,1.6312016831804679,,,5.07577876505883,,4.626967368966012,12.492811896208234,-1.7136916181355601,1.2461150803572156
hydrogen_decentral_nt333_tc15_A50_578a4c32,hydrogen_decentral,333,15.0,50.0,4995.0,1.4,150.0,8.0,0.3772315752690967,0.41440880876722996,,148492.424049175,5.0,,15139252.605241014,383855289.1795389,0.2962552582780031,0.8632759491793837,0.8626985002878705,70.44609400595928,10990560395.631937,909374871.5864257,157126340.62234673,1066501212.2087724,46.0437923428914,17.247923151319124,7.154378511748769,36.59203715031573,9.451755192575662,0.5209033450220689,1.6133244968890599,,,5.02015066983764,,5.338967702707351,12.355896683408442,-1.6949103818118576,1.2479691470151864
hydrogen_decentral_nt333_tc15_A50_14951e11,hydrogen_decentral,333,15.0,50.0,4995.0,1.6,150.0,8.0,0.3772315752690967,0.41440880876722996,,148492.424049175,5.0,,15304440.315700443,388043618.5522425,0.2592233509932527,0.8728621519445312,0.8708772922842266,70.45320222153136,11104882478.608557,918834046.1675212,159412782.28187916,1078246828.4494004,45.546820975033604,17.82922316109176,7.077158085405996,36.19708282900637,9.349738146027224,0.5152810008422181,1.5959111596894096,,,4.965965924874368,,6.035819225209934,12.222533931050119,-1.6766164514472042,1.2474864562789103
hydrogen_decentral_nt333_tc15_A50_8503f69b,hydrogen_decentral,333,15.0,50.0,4995.0,1.8,150.0,8.0,0.3772315752690967,0.41440880876722996,,148492.424049175,5.0,,15428557.39595827,391190603.34579796,0.23042075643844684,0.8800794919875284,0.8779117291255051,70.64610775981568,11218962046.83225,928273154.7270162,161694373.64635304,1089967528.3733692,45.18041352102704,18.445469292077377,7.020224946711267,35.90589058599317,9.274522935033866,0.51113575435575,1.5830726402862005,,,4.926016552069316,,6.735671184778386,12.124208132601096,-1.6631286875996016,1.248718662297498
hydrogen_decentral_nt333_tc15_A50_386c1139,hydrogen_decentral,333,15.0,50.0,4995.0,2.0,150.0,8.0,0.3772315752690967,0.41440880876722996,,148492.424049175,5.0,,15538578.952627726,393980196.5676401,0.20737868079460214,0.8864795735554772,0.8840464814562199,70.89896834132136,11332856577.1146,937696952.9794757,163972264.25199994,1101669217.2314756,44.8605117177986,19.06793867248733,6.97051795103543,35.651657429414456,9.20885428838414,0.5075166363183102,1.571863628398041,,,4.8911376863190785,,7.431087759875337,12.038362170998047,-1.6513528355278526,1.2498415771418003
hydrogen_decentral_nt333_tc15_A75_deccc85c,hydrogen_decentral,333,15.0,75.0,4995.0,1.0,150.0,8.0,0.30560878733677843,0.462068762369478,,181865.3347947321,5.0,,16076084.926392777,407608644.1783159,0.461632790251968,0.8197189839656073,0.8191207473755666,65.18926498352867,10822867319.569298,895499703.8041711,152488456.36015862,1047988160.1643298,43.360594720290905,14.751979871843254,7.07669039139452,34.45963966323093,8.900955057059972,0.4905477520995923,1.858540772607388,,,4.7276018666875395,,3.591314190905987,11.6358579785354,-1.5961396404026609,1.120947342804529
hydrogen_decentral_nt333_tc15_A75_c93a2978,hydrogen_decentral,333,15.0,75.0,4995.0,1.2,150.0,8.0,0.30560878733677843,0.462068762369478,,181865.3347947321,5.0,,16603854.772018401,420990232.5562475,0.38615009486163154,0.8471362876173657,0.8467628946181988,63.851020219178274,10941465090.419544,905312654.987283,154860411.77716362,1060173066.7644466,41.98233559336039,15.016933794946452,6.851750830871453,33.36430614248566,8.618029450874722,0.4749552095874822,1.7994652271924187,,,4.577330394091554,,4.172592886875455,11.266000794563729,-1.545404772916835,1.1237448864241055
hydrogen_decentral_nt333_tc15_A75_db909069,hydrogen_decentral,333,15.0,75.0,4995.0,1.4,150.0,8.0,0.30560878733677843,0.462068762369478,,181865.3347947321,5.0,,16797009.80096835,425887672.4383456,0.33098579559568414,0.8571811856809278,0.8567056728509711,63.81818889895196,11056138165.246956,914800871.1420337,157153873.2737118,1071954744.4157455,41.499565187019705,15.545663698341786,6.772960013590481,32.98063764462748,8.518927542392221,0.46949352394552285,1.7787725109190293,,,4.52469397872593,,4.81204581412164,11.13644888411008,-1.5276335917846475,1.124802591894711
hydrogen_decentral_nt333_tc15_A75_34c45a8f,hydrogen_decentral,333,15.0,75.0,4995.0,1.6,150.0,8.0,0.30560878733677843,0.462068762369478,,181865.3347947321,5.0,,16981075.94290898,430554663.86686057,0.28961257114622363,0.8667437553862183,0.8651697883720694,63.81812108371785,11170460248.223576,924260045.7231292,159440314.93324423,1083700360.6563735,41.04973121408007,16.06884526408218,6.699544605555611,32.62314447102657,8.426586743053491,0.4644044552722949,1.759491530457268,,,4.47564861982605,,5.439869381607528,11.015735497755244,-1.5110748282243132,1.1243152129437224
hydrogen_decentral_nt333_tc15_A75_503a8c12,hydrogen_decentral,333,15.0,75.0,4995.0,1.8,150.0,8.0,0.30560878733677843,0.462068762369478,,181865.3347947321,5.0,,17125229.546798088,434209674.10745656,0.257433396574421,0.8742446807440507,0.8724622972110205,63.96533591487851,11284539816.44727,933699154.2826242,161721906.2977181,1095421060.5803423,40.704190345444225,16.617995156824684,6.643150412609612,32.34853537262924,8.355654972814975,0.4604952769627886,1.7446808066398345,,,4.437974329006989,,6.068338482159842,10.923009267887716,-1.4983551807802078,1.1250025875573353
hydrogen_decentral_nt333_tc15_A75_43013fce,hydrogen_decentral,333,15.0,75.0,4995.0,2.0,150.0,8.0,0.30560878733677843,0.462068762369478,,181865.3347947321,5.0,,17253501.473405737,437462004.9037967,0.23169005691697886,0.8809217664136814,0.8788356307824893,64.16800387706516,11398434346.729618,943122952.5350838,163999796.90336502,1107122749.438449,40.40157322597647,17.17266903665916,6.593761614429527,32.108038742911575,8.29353448306489,0.4570717042775115,1.7317098993299165,,,4.404980010822099,,6.6924701654739325,10.84180166806777,-1.4872155923275405,1.125612795444998
hydrogen_decentral_nt333_tc15_A100_0da41511,hydrogen_decentral,333,15.0,100.0,4995.0,1.0,150.0,8.0,0.2652524623189685,0.48892307275632874,,210000.0,5.0,,16955367.75183706,429902833.46442854,0.48854876946085224,0.8158789778375168,0.8152117593454455,62.07979183304408,10878151936.697649,900074033.0278002,152511667.45895296,1052585700.4867532,41.11197193624831,13.986961811930861,6.980858084864906,32.67260857252547,8.439363363722839,0.46510859797480264,2.033314766545721,,,4.482434720344382,,3.405073412466025,11.032437856389922,-1.513365961096011,1.0628165041709263
hydrogen_decentral_nt333_tc15_A100_494c74ce,hydrogen_decentral,333,15.0,100.0,4995.0,1.2,150.0,8.0,0.2652524623189685,0.48892307275632874,,210000.0,5.0,,17523818.602885053,444315887.4970855,0.40915149716609717,0.8437451433312874,0.843286172254369,60.76133468487117,10996749707.547897,909886984.2109122,154883622.87595797,1064770607.0868702,39.77835076811011,14.228576174102592,6.7544077426584765,31.61274984139524,8.165600926714864,0.4500210543098056,1.9673565678400422,,,4.337030120508628,,3.953540486034869,10.674559312294148,-1.4642742540869886,1.0647506298605658
hydrogen_decentral_nt333_tc15_A100_f9b7ecb3,hydrogen_decentral,333,15.0,100.0,4995.0,1.4,150.0,8.0,0.2652524623189685,0.48892307275632874,,210000.0,5.0,,17732773.125267286,449613923.0544443,0.3507012832852261,0.8539986779654666,0.8535485511907576,60.70975346795581,11111422782.375309,919375200.3656629,157177084.37250614,1076552284.7381692,39.30962169639713,14.725314741185974,6.674817030372702,31.240240307909726,8.069381388487399,0.4447182213123391,1.9441741784255624,,,4.285924630634801,,4.55811283049343,10.548775407713368,-1.4470199461883906,1.0654464491675657
hydrogen_decentral_nt333_tc15_A100_72ecde4b,hydrogen_decentral,333,15.0,100.0,4995.0,1.6,150.0,8.0,0.2652524623189685,0.48892307275632874,,210000.0,5.0,,17927857.06999708,454560270.53745127,0.3068636228745729,0.8635647103994746,0.8621576940174146,60.70429369944627,11225744865.351929,928834374.9467584,159463526.03203857,1088297900.978797,38.88186973271136,15.220239690603316,6.6021842761316,30.900296203615575,7.981573529095782,0.4398789711683818,1.9230184336821599,,,4.239286871281058,,5.152586543272669,10.433987750127157,-1.4312740397979637,1.0649394370014544
hydrogen_decentral_nt333_tc15_A100_147cbbac,hydrogen_decentral,333,15.0,100.0,4995.0,1.8,150.0,8.0,0.2652524623189685,0.48892307275632874,,210000.0,5.0,,18083768.81340437,458513408.0477782,0.2727676647773981,0.87122043001285,0.8695820210701862,60.82905683285394,11339824433.575623,938273483.5062535,161745117.39651245,1100018600.902766,38.546644251811124,15.737149960535604,6.545262620507199,30.633884975811316,7.912759275999802,0.4360864930632519,1.9064388611553587,,,4.2027372662885885,,5.746683147023253,10.344029664641855,-1.4189341103761117,1.0653712592466096
hydrogen_decentral_nt333_tc15_A100_385b9c17,hydrogen_decentral,333,15.0,100.0,4995.0,2.0,150.0,8.0,0.2652524623189685,0.48892307275632874,,210000.0,5.0,,18222540.50684221,462031960.11263216,0.2454908982996583,0.8780370711003205,0.8760775208538528,61.007974675289795,11453718963.85797,947697281.7587128,164023008.00215936,1111720289.7608721,38.25309664810783,16.25946011287818,6.495417914303794,30.40059609421563,7.852500553892193,0.4327655257642612,1.8919205919217739,,,4.170731796617759,,6.33657770261903,10.26525587824283,-1.4081283783597844,1.0657549103761081
hydrogen_decentral_nt333_tc15_A125_5d11b04b,hydrogen_decentral,333,15.0,125.0,4995.0,1.0,150.0,8.0,0.23892933967574836,0.5064392689288051,,234787.13763747792,5.0,,17528263.01629749,444428575.46393234,0.506118501264897,0.8134997438793933,0.8129805369232693,60.281855300823686,10926858662.155293,904104097.9757206,152532116.8475039,1056636214.8232245,39.768264689671305,13.529810742324385,6.98377986882801,31.604734208056758,8.16353048161454,0.44990694833091915,2.1979424842423905,,,4.335930436254701,,3.2937816985450206,10.671852703285868,-1.4639029771311203,1.0280793176246164
hydrogen_decentral_nt333_tc15_A125_26744f6f,hydrogen_decentral,333,15.0,125.0,4995.0,1.2,150.0,8.0,0.23892933967574836,0.5064392689288051,,234787.13763747792,5.0,,18124732.580428258,459552043.11430675,0.42418984683982974,0.8417001291849975,0.8411300719697381,58.97031124075693,11045456433.00554,913917049.1588328,154904072.2645089,1068821121.4233418,38.45952485583234,13.75683678343212,6.753949601492465,30.564649232794576,7.894875623037763,0.4351008925626742,2.125610062798765,,,4.193238646131028,,3.8224633665077805,10.320651089571008,-1.4157271727806595,1.0294495001339925
hydrogen_decentral_nt333_tc15_A125_1413ddbe,hydrogen_decentral,333,15.0,125.0,4995.0,1.4,150.0,8.0,0.23892933967574836,0.5064392689288051,,234787.13763747792,5.0,,18343001.43133036,465086243.18788946,0.3635912972912827,0.8520300752182175,0.8513250491215525,58.91090414619609,11160129507.832952,923405265.3135835,157197533.76105708,1080602799.0746405,38.00188348629151,14.235438321320927,6.6735823385836515,30.200951345551697,7.800932140739811,0.4299234971292352,2.100316793994861,,,4.143342047459557,,4.406475189194143,10.197842580706448,-1.3988810124425852,1.0300015638629207
hydrogen_decentral_nt333_tc15_A125_7cd07f28,hydrogen_decentral,333,15.0,125.0,4995.0,1.6,150.0,8.0,0.23892933967574836,0.5064392689288051,,234787.13763747792,5.0,,18545497.471725073,470220524.1309603,0.3181423851298723,0.861607993946073,0.8600589209618574,58.901003706192846,11274451590.809572,932864439.894679,159483975.4205895,1092348415.3152685,37.58694552384281,14.713343880920506,6.600714301429533,29.87119081618593,7.715754707656873,0.4252292145426372,2.077383689341998,,,4.098101397544899,,4.980984480433578,10.086493572877995,-1.3836068001204382,1.0294726277293718
hydrogen_decentral_nt333_tc15_A125_501d150c,hydrogen_decentral,333,15.0,125.0,4995.0,1.8,150.0,8.0,0.23892933967574836,0.5064392689288051,,234787.13763747792,5.0,,18709088.528148897,474368370.38917077,0.28279323122655314,0.869355405704569,0.8678823684664616,59.01244807186101,11388531159.033266,942303548.4541739,161765566.7850634,1104069115.2392373,37.25828771046303,15.211162277629086,6.542998083768899,29.609999061445702,7.64828864901732,0.42151103787547134,2.0592191811231304,,,4.062267864770298,,5.554609959662089,9.998297927391759,-1.3715086320153305,1.0297630225905707
hydrogen_decentral_nt333_tc15_A125_abb17c31,hydrogen_decentral,333,15.0,125.0,4995.0,2.0,150.0,8.0,0.23892933967574836,0.5064392689288051,,234787.13763747792,5.0,,18854510.48581382,478055539.7011618,0.25451390810389785,0.8762448986261798,0.8744626110270315,59.17792482264933,11502425689.315613,951727346.7066333,164043457.3907103,1115770804.0973437,36.970920231886744,15.714471651185864,6.492532939576722,29.381621664259402,7.589298567627334,0.418259987663834,2.0433367383089616,,,4.030936213603928,,6.124186780007216,9.92118258361169,-1.3609303955571592,1.0300326831241178
hydrogen_decentral_nt333_tc15_A150_cc5065c8,hydrogen_decentral,333,15.0,150.0,4995.0,1.0,150.0,8.0,0.21976525420035342,0.5191916268159337,,257196.42299223368,5.0,,17944356.450254675,454978611.8218732,0.5188688240223436,0.811798060275707,0.8112065490934546,59.08811289142915,10970892907.877388,907747555.1887715,152550604.50792158,1060298159.6966931,38.846118840467064,13.216081719599543,7.025912331362547,30.87188416562752,7.974234674839539,0.43947451362025264,2.3510488631295896,,,4.235388954612706,,3.217405544211914,10.424393963246603,-1.4299580196497395,1.0042402317907684
hydrogen_decentral_nt333_tc15_A150_0462837a,hydrogen_decentral,333,15.0,150.0,4995.0,1.2,150.0,8.0,0.21976525420035342,0.5191916268159337,,257196.42299223368,5.0,,18561006.191204358,470613747.24148977,0.4351525757361984,0.8402159314711656,0.8396201636866326,57.78151546574214,11089490678.727636,917560506.3718835,154922559.92492658,1072483066.2968102,37.555539608225544,13.433484439569993,6.7924914179466045,29.8462318288278,7.70930777939774,0.42487391265141405,2.2729402919953414,,,4.09467721329985,,3.732616949897243,10.078065764722556,-1.382450722184164,1.0052524471343585
hydrogen_decentral_nt333_tc15_A150_03aa18a5,hydrogen_decentral,333,15.0,150.0,4995.0,1.4,150.0,8.0,0.21976525420035342,0.5191916268159337,,257196.42299223368,5.0,,18787613.435517386,476359367.02630293,0.37298792205959863,0.850669724510174,0.850166639267273,57.71168050000118,11204163753.555048,927048722.5266342,157216021.42147475,1084264743.948109,37.10256257798603,13.898554300141418,6.710563621873745,29.486240796913524,7.616321781072498,0.41974928589363664,2.2455251688438613,,,4.045289167136248,,4.302195219202624,9.956508935868932,-1.3657762600643253,1.005626405134185
hydrogen_decentral_nt333_tc15_A150_686573f5,hydrogen_decentral,333,15.0,150.0,4995.0,1.6,150.0,8.0,0.21976525420035342,0.5191916268159337,,257196.42299223368,5.0,,18994681.051572073,481609560.1311378,0.3263644318021488,0.8602176078264973,0.8589251189555912,57.700908860379464,11318485836.531668,936507897.1077297,159502463.08100718,1096010360.188737,36.69809465553531,14.36540476796526,6.6374094368789045,29.164801043771366,7.533293611763935,0.41517345312578613,2.2210459189822367,,,4.001190064770882,,4.8631948511153045,9.847969573508491,-1.35088745864314,1.0051278019846033
hydrogen_decentral_nt333_tc15_A150_6c10517b,hydrogen_decentral,333,15.0,150.0,4995.0,1.8,150.0,8.0,0.21976525420035342,0.5191916268159337,,257196.42299223368,5.0,,19163625.733963612,485893147.4128705,0.29010171715746563,0.8680164883131971,0.8664850309312073,57.80383500964949,11432565404.755362,945947005.6672248,161784054.44548106,1107731060.1127057,36.37456778060965,14.850372555743942,6.578894673295897,28.907686961198785,7.466880819410866,0.4115133238710479,2.2014653916556957,,,3.965915957769154,,5.422861566873309,9.761150820371958,-1.3389781646600762,1.005338333158754
hydrogen_decentral_nt333_tc15_A150_57e12bba,hydrogen_decentral,333,15.0,150.0,4995.0,2.0,150.0,8.0,0.21976525420035342,0.5191916268159337,,257196.42299223368,5.0,,19314017.813121833,489706334.00410336,0.2610915454417191,0.874961561115632,0.8731071861263293,57.959600110251316,11546459935.037708,955370803.9196842,164061945.05112797,1119432748.970812,36.09133065563968,15.340602529889512,6.527666924722127,28.682592048901665,7.4087386067380105,0.4083090012398328,2.1843232847854708,,,3.9350346386968247,,5.978483864826911,9.685143861019597,-1.3285519699615358,1.0055267740045402
hydrogen_decentral_nt333_tc15_A175_bb3cfc07,hydrogen_decentral,333,15.0,175.0,4995.0,1.0,150.0,8.0,0.20476507285983547,0.5291731978682914,,277803.887661782,5.0,,18269629.254635405,463225893.8802081,0.5288459601105925,0.8105535243554379,0.8100952877845311,58.220429693732356,11011386575.953049,911098059.8837825,152567605.66627395,1063665665.5500565,38.15450184931549,12.980782365466874,7.085145478950015,30.322240590538396,7.832261258777086,0.43165010155875183,2.4935133631005946,,,4.1599820142906685,,3.1601227986449567,10.23879786760966,-1.4044990216199809,0.9863607208322381
hydrogen_decentral_nt333_tc15_A175_b19bc59c,hydrogen_decentral,333,15.0,175.0,4995.0,1.2,150.0,8.0,0.20476507285983547,0.5291731978682914,,277803.887661782,5.0,,18901769.195663296,479253782.8515035,0.4437078708165958,0.8391219469584593,0.8386493138501679,56.91798270381008,11129984346.803297,920911011.0668947,154939561.08327895,1075850572.1501737,36.878484546421504,13.191304225083481,6.848193932305107,29.30816094644168,7.570323599979817,0.4172142428346575,2.4101217306038696,,,4.020857958866579,,3.6653249544668274,9.896377377060436,-1.3575277609136398,0.9871296544698603
hydrogen_decentral_nt333_tc15_A175_9ad378b5,hydrogen_decentral,333,15.0,175.0,4995.0,1.4,150.0,8.0,0.20476507285983547,0.5291731978682914,,277803.887661782,5.0,,19134569.472980868,485156426.7997178,0.38032103212851065,0.8496537986238367,0.848990195150107,56.84121878661931,11244657421.630709,930399227.2216454,157233022.57982713,1087632249.8014724,36.42980335494857,13.646539885432096,6.764875546238656,28.951583914194675,7.478219440753886,0.412138215826582,2.380799042782439,,,3.9719382876296345,,4.22418601143045,9.775973340739041,-1.3410114322001427,0.9873919654627473
hydrogen_decentral_nt333_tc15_A175_c9ab6bce,hydrogen_decentral,333,15.0,175.0,4995.0,1.6,150.0,8.0,0.20476507285983547,0.5291731978682914,,277803.887661782,5.0,,19345457.19894232,490503478.67500806,0.33278090311244685,0.8591909384640563,0.8577708662167802,56.82873528066357,11358979504.607328,939858401.8027408,159519464.23935956,1099377866.0421004,36.03267661311235,14.10492804270097,6.691130624850264,28.635978362366185,7.3966982507461605,0.4076454354170174,2.354845595885819,,,3.9286395935474276,,4.775014316727194,9.669403991372569,-1.326392865757554,0.9869026003587582
hydrogen_decentral_nt333_tc15_A175_037bc9ab,hydrogen_decentral,333,15.0,175.0,4995.0,1.8,150.0,8.0,0.20476507285983547,0.5291731978682914,,277803.887661782,5.0,,19518894.768947743,494900982.9854905,0.2958052472110638,0.8670424803083121,0.8653600863508635,56.92425616914006,11473059072.831022,949297510.3622358,161801055.60383344,1111098565.9660692,35.71250377819797,14.580076640453324,6.6316757504887756,28.381529810812033,7.330973967385933,0.4040232511397085,2.3339213221129946,,,3.8937311772360723,,5.324158498973145,9.583485298151661,-1.3146070367834926,0.9870398801120132
hydrogen_decentral_nt333_tc15_A175_0d2c26d5,hydrogen_decentral,333,15.0,175.0,4995.0,2.0,150.0,8.0,0.20476507285983547,0.5291731978682914,,277803.887661782,5.0,,19672906.028568726,498805933.7872395,0.2662247224899575,0.8740171912333367,0.8724319976923962,57.07343150999961,11586953603.113369,958721308.6146952,164078946.20948035,1122800254.8241756,35.43292496644986,15.060747512138853,6.579759031410897,28.15934224229592,7.27358272415394,0.4008603157943238,2.315649991880801,,,3.863248723735772,,5.86941978440026,9.508460050728422,-1.304315507644502,0.9871831846546746
hydrogen_decentral_nt333_tc15_A200_2b8497c4,hydrogen_decentral,333,15.0,200.0,4995.0,1.0,150.0,8.0,0.1925800836014806,0.537281455581547,,296984.84809835,5.0,,18536758.85399344,469998956.74425554,0.5370004962990627,0.8095509198443747,0.809046277208106,57.550517432792574,11049077163.210907,914216633.6155874,152583429.9586341,1066800063.5742215,37.60466479996976,12.793718854528771,7.152133778294048,29.885272723373017,7.719392076596738,0.4254296765318921,2.6266707730840593,,,4.100033328678097,,3.1145828882553714,10.091248557947404,-1.3842590614468318,0.9721464697728275
hydrogen_decentral_nt333_tc15_A200_8bc21db1,hydrogen_decentral,333,15.0,200.0,4995.0,1.2,150.0,8.0,0.1925800836014806,0.537281455581547,,296984.84809835,5.0,,19181052.77966546,486335009.62640613,0.4507427437361536,0.8382125534082562,0.8376512509048274,56.25264590889455,11167674934.061155,924029584.7986994,154955385.3756391,1078984970.1743386,36.34151947703741,12.999233708206022,6.9118927236511185,28.881422731200857,7.460096745836548,0.4111394412909623,2.538440578251771,,,3.9623127041083857,,3.611956398445685,9.752282275803351,-1.3377616290539576,0.9727566630109438
hydrogen_decentral_nt333_tc15_A200_f970a7c5,hydrogen_decentral,333,15.0,200.0,4995.0,1.4,150.0,8.0,0.1925800836014806,0.537281455581547,,296984.84809835,5.0,,19418519.569904905,492355972.8677714,0.3863509232024174,0.8487874126795149,0.8480924891341755,56.17146270594813,11282348008.888567,933517800.9534501,157248846.8721873,1090766647.8256373,35.89710331278918,13.446991392088062,6.827368001070897,28.52823521199594,7.368868100793232,0.4061116654549755,2.507398287197553,,,3.9138580484183687,,4.162417243577015,9.633022763706807,-1.3214022995482588,0.9729536843524982
hydrogen_decentral_nt333_tc15_A200_8e58b07e,hydrogen_decentral,333,15.0,200.0,4995.0,1.6,150.0,8.0,0.1925800836014806,0.537281455581547,,296984.84809835,5.0,,19633036.73271868,497795049.0040234,0.33805705780211526,0.8583377302639199,0.8569878775532739,56.155972154267715,11396670091.865187,942976975.5345455,159535288.5317197,1102512264.0662653,35.504879488185445,13.898322784141593,6.752769881940679,28.2165261187428,7.288353369442643,0.40167435280462044,2.4800016101609663,,,3.871093918975093,,4.705071168875216,9.527769116972314,-1.306964213576449,0.9724467118705106
hydrogen_decentral_nt333_tc15_A200_b5668e45,hydrogen_decentral,333,15.0,200.0,4995.0,1.8,150.0,8.0,0.1925800836014806,0.537281455581547,,296984.84809835,5.0,,19810328.585037794,502290278.525299,0.3004951624907691,0.8662382542132245,0.864935114973475,56.24505213062363,11510749660.08888,952416084.0940406,161816879.8961936,1114232963.9902341,35.187129793938496,14.365586135867652,6.692336200817479,27.96400329156562,7.223126502372872,0.398079582039859,2.45780692129791,,,3.836449697479711,,5.245833708843418,9.442500675918152,-1.2952675824304734,0.9725193335365581
hydrogen_decentral_nt333_tc15_A200_1fe10938,hydrogen_decentral,333,15.0,200.0,4995.0,2.0,150.0,8.0,0.1925800836014806,0.537281455581547,,296984.84809835,5.0,,19967639.779142387,506278899.06547636,0.27044564624169215,0.873250936432251,0.871647010423394,56.387968998942924,11624644190.371227,961839882.3464999,164094770.5018405,1125934652.8483405,34.909914786745716,14.838442289799437,6.639611922397768,27.74369429168392,7.166220495061796,0.3949433889247988,2.4384435640887228,,,3.8062249693842474,,5.782783801085168,9.368109757757972,-1.2850630669078151,0.9726117978641112
hydrogen_decentral_nt333_tc15_A225_4af60b1c,hydrogen_decentral,333,15.0,225.0,4995.0,1.0,150.0,8.0,0.18250373100286488,0.5439865631484813,,315000.0,5.0,,18755496.034967568,475545031.3125651,0.5437051530862096,0.808747480777545,0.8081518967515406,57.036292325484936,11084476936.697649,917145662.1009309,152598292.45895296,1069743954.5598838,37.16609797377189,12.644511284054614,7.22568306765844,29.536733804649348,7.629364169122537,0.4204680755177773,2.7529985663342886,,,4.052216425806375,,3.078258864640263,9.973558721434452,-1.3681150509512279,0.9608087489311282
hydrogen_decentral_nt333_tc15_A225_cb91d6e8,hydrogen_decentral,333,15.0,225.0,4995.0,1.2,150.0,8.0,0.18250373100286488,0.5439865631484813,,315000.0,5.0,,19409972.634010028,492139265.56820565,0.45650637478429723,0.8374930409924768,0.8369841817896991,55.74087514498872,11203074707.547897,926958613.284043,154970247.87595797,1081928861.1600008,35.91291014810066,12.845921658612536,6.982043338275535,28.54079725946239,7.3721128886382665,0.40629049158916203,2.66017138039039,,,3.915581466295984,,3.5693572383014653,9.637264543413957,-1.3219841623338762,0.9612840392309911
hydrogen_decentral_nt333_tc15_A225_83eab82a,hydrogen_decentral,333,15.0,225.0,4995.0,1.4,150.0,8.0,0.18250373100286488,0.5439865631484813,,315000.0,5.0,,19651118.08212538,498253501.0680878,0.3912911783865405,0.8480956748847428,0.847399446143498,55.65640256399135,11317747782.375309,936446829.4387937,157263709.37250614,1093710538.8112998,35.47221080597684,13.28782741075276,6.896364347261749,28.19056358237901,7.281647223597829,0.4013047649628285,2.627527526900375,,,3.8675320553985464,,4.1131492042700035,9.519002444167723,-1.3057616521492077,0.9614374144642382
hydrogen_decentral_nt333_tc15_A225_2ed3aedd,hydrogen_decentral,333,15.0,225.0,4995.0,1.6,150.0,8.0,0.18250373100286488,0.5439865631484813,,315000.0,5.0,,19868540.983835403,503766252.12564415,0.342379781088223,0.8576535160045113,0.8565342789408755,55.63851698780005,11432069865.351929,945906004.0198891,159550151.03203857,1105456155.0519276,35.08403580058617,13.733584260979741,6.820896926234151,27.882072176799287,7.20196362378688,0.39691325747673467,2.5987743003959016,,,3.8252093683615156,,4.649301383716943,9.41483530202681,-1.2914726065880398,0.9609201818240263
hydrogen_decentral_nt333_tc15_A225_12a144bd,hydrogen_decentral,333,15.0,225.0,4995.0,1.8,150.0,8.0,0.18250373100286488,0.5439865631484813,,315000.0,5.0,,20048875.467835147,508338627.4806073,0.3043375831895315,0.8655879960513154,0.8642097155737533,55.722669172553246,11546149433.575623,955345112.5793841,161831742.39651245,1117176854.9758966,34.768463912133996,14.194660549653806,6.759544710765445,27.631280100858994,7.137183811274993,0.39334312469823757,2.5753989932249057,,,3.7908025928423026,,5.1834173762702775,9.330151277286499,-1.2798561422889574,0.96094803838599
hydrogen_decentral_nt333_tc15_A225_7c2090a9,hydrogen_decentral,333,15.0,225.0,4995.0,2.0,150.0,8.0,0.18250373100286488,0.5439865631484813,,315000.0,5.0,,20209100.95468621,512401139.8247011,0.27390382487057835,0.8726402411624496,0.870936569322103,55.85990917484292,11660043963.85797,964768910.8318435,164109633.00215936,1128878543.834003,34.49280622355713,14.6611504980187,6.705952453267084,27.412208737100404,7.080597486456725,0.39022454986427496,2.5549802443428824,,,3.760747659059928,,5.7136902883328355,9.256178267099193,-1.2697089529628522,0.960990895549523
hydrogen_decentral_nt333_tc15_A250_aff81e9c,hydrogen_decentral,333,15.0,250.0,4995.0,1.0,150.0,8.0,0.17400015521352075,0.5496450978030708,,332039.1543176798,5.0,,18938475.413635463,480184467.89136577,0.549341896907717,0.8080739110395342,0.8075543825765875,56.63224375026721,11117958874.93189,919916006.122181,152612349.76126507,1072528355.8834461,36.807007320157055,12.522342800700898,7.3028936294092635,29.251356387438538,7.555650932718511,0.416405605570881,2.8734232207274673,,,4.0130648031109155,,3.048517405408266,9.877196393522782,-1.3548966246258958,0.9515256263957463
hydrogen_decentral_nt333_tc15_A250_aa4bfe9a,hydrogen_decentral,333,15.0,250.0,4995.0,1.2,150.0,8.0,0.17400015521352075,0.5496450978030708,,332039.1543176798,5.0,,19602146.54946416,497011829.3474685,0.46133731979214665,0.8369169235578079,0.8363340351916813,55.33645306376994,11236556645.782139,929728957.3052931,154984305.17827007,1084713262.4835632,35.56083010721853,12.719983866211935,7.055639090339476,28.26099133383618,7.299838773382342,0.40230733421486886,2.7761375460282913,,,3.8771942100963157,,3.534364266771126,9.542783520282041,-1.3090238025078245,0.9518598816665925
hydrogen_decentral_nt333_tc15_A250_a5ea7631,hydrogen_decentral,333,15.0,250.0,4995.0,1.4,150.0,8.0,0.17400015521352075,0.5496450978030708,,332039.1543176798,5.0,,19846270.97147347,503201596.6397939,0.39543198839326854,0.8475376453814645,0.8470272365889704,55.24941898208163,11351229720.60955,939217173.4600438,157277766.67481825,1096494940.134862,35.123404501744616,13.157165186292834,6.96884929404418,27.913359368884194,7.210045132860421,0.39735864407673255,2.7419889155466937,,,3.8295017344207536,,4.072703674090211,9.425399931465916,-1.2929218012984796,0.9519833820351867
hydrogen_decentral_nt333_tc15_A250_d9013632,hydrogen_decentral,333,15.0,250.0,4995.0,1.6,150.0,8.0,0.17400015521352075,0.5496450978030708,,332039.1543176798,5.0,,20066042.689960398,508773901.8752637,0.34600298984411,0.8570978506720134,0.8559254961020148,55.2296520793297,11465551803.58617,948676348.0411392,159564208.33435068,1108240556.37549,34.73871823920009,13.59841030741729,6.892523532712336,27.6076405456948,7.131077693505285,0.39300660549026667,2.7119575025096174,,,3.787559424712452,,4.603540245371872,9.322168996878041,-1.2787611792699642,0.9514622444373416
hydrogen_decentral_nt333_tc15_A250_b1909b0a,hydrogen_decentral,333,15.0,250.0,4995.0,1.8,150.0,8.0,0.17400015521352075,0.5496450978030708,,332039.1543176798,5.0,,20248758.05136536,513406644.30439556,0.3075582131947644,0.8650527458568706,0.863612987377551,55.31012091993171,11579631371.809864,958115456.6006343,161845799.69882455,1119961256.299459,34.42525222603921,14.054540083213254,6.830328610679238,27.35852205620281,7.066730169836403,0.38946029693274753,2.6874860611536113,,,3.753382252592879,,5.1322500476837005,9.238050085830661,-1.2672222339959753,0.9514621836948707
hydrogen_decentral_nt333_tc15_A250_39b3b449,hydrogen_decentral,333,15.0,250.0,4995.0,2.0,150.0,8.0,0.17400015521352075,0.5496450978030708,,332039.1543176798,5.0,,20411327.341476455,517528583.7088351,0.276802391875288,0.8721331103771848,0.8703542034785431,55.44288846213301,11693525902.09221,967539254.8530937,164123690.30447146,1131662945.157565,34.151066783678964,14.515894315419656,6.775927363034394,27.140620719618592,7.010446064060367,0.3863583779374965,2.666081147409594,,,3.723487837687304,,5.65708157676217,9.164472154354717,-1.2571292392804823,0.9514698235832525
hydrogen_decentral_nt333_tc15_A275_c371efdd,hydrogen_decentral,333,15.0,275.0,4995.0,1.0,150.0,8.0,0.16670355735460018,0.5545004731026059,,348245.602987317,5.0,,19098957.12971269,484253476.91969293,0.554247099006308,0.8074607146085779,0.8069093411935541,56.29504668011303,11149804546.567726,922550963.077236,152625720.0814175,1075176683.1586535,36.49773118228791,12.417122026167748,7.380193471657386,29.005567686057578,7.492163496230328,0.412906697975438,2.987942320952386,,,3.979344452729562,,3.0229018023474,9.794201839605575,-1.3435119121544,0.943530296369172
hydrogen_decentral_nt333_tc15_A275_e91c8f7e,hydrogen_decentral,333,15.0,275.0,4995.0,1.2,150.0,8.0,0.16670355735460018,0.5545004731026059,,348245.602987317,5.0,,19771079.93910071,501295130.30174214,0.4655935205260558,0.8364031849499519,0.835748748345987,54.997581978732796,11268402317.417976,932363914.2603482,154997675.4984225,1087361589.7587707,35.25698167876616,12.611298351952708,7.129301948013933,28.0195161551803,7.2374655235858585,0.39886983146570676,2.8863664741481765,,,3.84406564240005,,3.5041649990712807,9.46124549749246,-1.2978388885449188,0.9437267439338898
hydrogen_decentral_nt333_tc15_A275_aca2803d,hydrogen_decentral,333,15.0,275.0,4995.0,1.4,150.0,8.0,0.16670355735460018,0.5545004731026059,,348245.602987317,5.0,,20017783.611554135,507550294.41060185,0.399080160450905,0.8470374626843538,0.8464681044419479,54.90833994107375,11383075392.245388,941852130.4150989,157291136.99497068,1099143267.4100695,34.82246669805899,13.044434417449077,7.041438825565691,27.674197329180938,7.148269368878046,0.3939540698527842,2.8507942438235467,,,3.79669051188936,,4.037808694058243,9.344642977677648,-1.2818440298597595,0.9438267755729443
hydrogen_decentral_nt333_tc15_A275_4936b1a8,hydrogen_decentral,333,15.0,275.0,4995.0,1.6,150.0,8.0,0.16670355735460018,0.5545004731026059,,348245.602987317,5.0,,20239538.59562414,513172885.2845878,0.3491951403945419,0.8565959181725472,0.8553768413839279,54.887065651332364,11497397475.222008,951311304.9961944,159577578.6545031,1110888883.6506975,34.44093351678499,13.481843000276077,6.964289134271303,27.370984330579795,7.069949186205187,0.38963770275420784,2.8195594491596685,,,3.755091982357427,,4.564078111373275,9.242258175530882,-1.2677994753814652,0.9433061887533843
hydrogen_decentral_nt333_tc15_A275_6d3ad56f,hydrogen_decentral,333,15.0,275.0,4995.0,1.8,150.0,8.0,0.16670355735460018,0.5545004731026059,,348245.602987317,5.0,,20424399.276437983,517860022.2220584,0.3103956803507039,0.8645705017023673,0.8631534327572028,54.96414207245412,11611477043.445702,960750413.5556895,161859170.018977,1122609583.5746665,34.12920956683646,13.933676962362712,6.901255543254943,27.123250297896,7.005959268940453,0.38611110253321734,2.7940396934835223,,,3.7211047472382037,,5.088114860471898,9.158606748849417,-1.2563246569066415,0.943280009948041
hydrogen_decentral_nt333_tc15_A275_7ac40f1b,hydrogen_decentral,333,15.0,275.0,4995.0,2.0,150.0,8.0,0.16670355735460018,0.5545004731026059,,348245.602987317,5.0,,20588873.96059235,522030272.83449167,0.2793561123156335,0.8716682463320071,0.8700882963756795,55.09340989720343,11725371573.728046,970174211.8081486,164137060.6246239,1134311272.4327726,33.8565676061985,14.390717583361393,6.846124707643534,26.906575600944386,6.94999200525411,0.3830266452793045,2.7717194443538196,,,3.69137861801041,,5.608298155680504,9.085443012202417,-1.2462884790401119,0.9432648945185867
hydrogen_decentral_nt333_tc15_A300_766d5bde,hydrogen_decentral,333,15.0,300.0,4995.0,1.0,150.0,8.0,0.1603410998272693,0.5587342433774437,,363730.6695894642,5.0,,19234198.435271036,487682516.1072778,0.5584374280884228,0.8069172910649534,0.8063579425307247,56.03077932334857,11180232702.440947,925068632.7268035,152638495.26136428,1077707127.9881678,36.2411049011553,12.329813589595899,7.459860832597373,28.801621009749507,7.439483891405793,0.41000342955508196,3.0984928913986356,,,3.951364511643656,,3.0016468908053384,9.725335926209297,-1.3340652848023726,0.9368960573836355
hydrogen_decentral_nt333_tc15_A300_d744b226,hydrogen_decentral,333,15.0,300.0,4995.0,1.2,150.0,8.0,0.1603410998272693,0.5587342433774437,,363730.6695894642,5.0,,19913983.068224728,504918434.79271626,0.46920041109328403,0.8359642030868067,0.8354887104463887,54.72998700733783,11298830473.291195,934881583.9099156,155010450.67836928,1089892034.588285,35.003976893731306,12.520799430132982,7.2052106834735445,27.8184475632568,7.1855293304745,0.396007533811122,2.992722596944086,,,3.8164805527183367,,3.4790190430052053,9.393351416114054,-1.2885255714834094,0.9369545424971333
hydrogen_decentral_nt333_tc15_A300_85600157,hydrogen_decentral,333,15.0,300.0,4995.0,1.4,150.0,8.0,0.1603410998272693,0.5587342433774437,,363730.6695894642,5.0,,20162842.425563388,511228256.22625226,0.4021717809371006,0.8466083604093312,0.8459973819648227,54.63880979612431,11413503548.118607,944369800.0646663,157303912.17491746,1101673712.2395837,34.57194122087265,12.950588016922849,7.116280558328812,27.475099098956246,7.096842121916404,0.3911198211421703,2.9557849962601592,,,3.7693757409264825,,4.008759231289356,9.277414220983939,-1.272621978187097,0.9370365428366507
hydrogen_decentral_nt333_tc15_A300_e2986130,hydrogen_decentral,333,15.0,300.0,4995.0,1.6,150.0,8.0,0.1603410998272693,0.5587342433774437,,363730.6695894642,5.0,,20386257.460371073,516892937.6361835,0.35190030831996305,0.8561644084491331,0.8549859495401457,54.616171244015334,11527825631.095226,953828974.6457617,159590353.8344499,1113419328.4802117,34.19306385869644,13.384814857492048,7.038292527826849,27.173996739512866,7.019067119183571,0.38683349989736526,2.9233922528099607,,,3.7280667751195233,,4.531230671845999,9.17574211048815,-1.2586751866238888,0.9365172617817864
hydrogen_decentral_nt333_tc15_A300_b62a1397,hydrogen_decentral,333,15.0,300.0,4995.0,1.8,150.0,8.0,0.1603410998272693,0.5587342433774437,,363730.6695894642,5.0,,20572971.339815613,521627062.36855,0.31280027406218935,0.8641569079213436,0.8627933800500803,54.69020540687074,11641905199.31892,963268083.2052568,161871945.19892377,1125140028.4041805,33.8827382621796,13.833051967434093,6.974415177257039,26.927374009745666,6.955364252433934,0.3833227195500869,2.8968604553537576,,,3.6942320023531945,,5.051369962953878,9.09246593331698,-1.2472518427046613,0.936467913867898
hydrogen_decentral_nt333_tc15_A300_548136e7,hydrogen_decentral,333,15.0,300.0,4995.0,2.0,150.0,8.0,0.1603410998272693,0.5587342433774437,,363730.6695894642,5.0,,20739075.954374485,525838639.8167973,0.2815202466559704,0.8712697888010322,0.8698890561719319,54.81641128868584,11755799729.601267,972691881.4577161,164149835.80457067,1136841717.2622867,33.611362662243515,14.286493341272124,6.918555285170214,26.711705718120168,6.899656944123343,0.3802525889076898,2.8736587519400683,,,3.6646439443224557,,5.567680262840867,9.019642025802204,-1.2372622806313036,0.9364333332603572
hydrogen_decentral_nt333_tc15_A325_de1f826e,hydrogen_decentral,333,15.0,325.0,4995.0,1.0,150.0,8.0,0.15468310310887623,0.5624992442782061,,378582.8839237189,5.0,,19357672.53685342,490813198.1960806,0.5622088145230076,0.8064581225401849,0.8058716138697913,55.79876171281584,11209417303.607758,927483408.8604134,152650748.33819005,1080134157.1986034,36.009938790689084,12.251167117363492,7.537655804763267,28.617908103586604,7.392030687102478,0.4073881975320363,3.2041071164826938,,,3.9261604907485372,,2.9825007020058254,9.663302274498875,-1.3255558675581445,0.9309200084169383
hydrogen_decentral_nt333_tc15_A325_7e946311,hydrogen_decentral,333,15.0,325.0,4995.0,1.2,150.0,8.0,0.15468310310887623,0.5624992442782061,,378582.8839237189,5.0,,20043890.054381333,508212222.47417176,0.4724763487560377,0.8355764148001151,0.8350524214161956,54.496360778029405,11328015074.458006,937296360.0435255,155022703.75519505,1092319063.7987206,34.77711169294329,12.439650545668593,7.279598539417517,27.638152686728663,7.138959006214625,0.39344095890609415,3.0944121208804973,,,3.791745459630927,,3.4564710806370194,9.332471917719953,-1.2801744743100072,0.930882021621629
hydrogen_decentral_nt333_tc15_A325_b38ff259,hydrogen_decentral,333,15.0,325.0,4995.0,1.4,150.0,8.0,0.15468310310887623,0.5624992442782061,,378582.8839237189,5.0,,20294924.12114346,514577183.59897214,0.4049797275051752,0.8462385829664806,0.845575154678194,54.40280214202702,11442688149.285418,946784576.1982762,157316165.25174323,1104100741.4500194,34.346943059327906,12.866304103673226,7.189554979025893,27.296288000498382,7.050655058829519,0.38857436845444077,3.0561363996062614,,,3.744844210965191,,3.982669766096956,9.217035744395814,-1.264339608284748,0.9309382014652033
hydrogen_decentral_nt333_tc15_A325_aba1d107,hydrogen_decentral,333,15.0,325.0,4995.0,1.6,150.0,8.0,0.15468310310887623,0.5624992442782061,,378582.8839237189,5.0,,20519756.000602715,520277789.06193495,0.3543572615670283,0.855788511940495,0.8546559726133673,54.3791240820735,11557010232.262037,956243750.7793716,159602606.91127566,1115846357.6906474,33.970608771460064,13.297735203879524,7.110780106733914,26.99720667939335,6.973402092066709,0.3843168175573083,3.0226507728479737,,,3.7038125163286333,,4.501751145864964,9.116046070376552,-1.2504864294069344,0.930424417044942
hydrogen_decentral_nt333_tc15_A325_580c6339,hydrogen_decentral,333,15.0,325.0,4995.0,1.8,150.0,8.0,0.15468310310887623,0.5624992442782061,,378582.8839237189,5.0,,20708130.910689455,525054029.1756961,0.31498423250402513,0.8637961024593946,0.8623927123095148,54.45045052485015,11671089800.485731,965682859.3388667,161884198.27574953,1127567057.6146162,33.661589555746474,13.742765240164621,7.046095728939049,26.751622159826752,6.909967395919715,0.3808208165775767,2.9951547342139446,,,3.670120178147528,,5.018400256539407,9.033120461770933,-1.2391111744541745,0.9303556963084575
hydrogen_decentral_nt333_tc15_A325_8987d296,hydrogen_decentral,333,15.0,325.0,4995.0,2.0,150.0,8.0,0.15468310310887623,0.5624992442782061,,378582.8839237189,5.0,,20875692.29514117,529302542.98025286,0.2834858092536226,0.8709215259895803,0.8695017133982454,54.573938452708845,11784984330.768078,975106657.591326,164162088.88139644,1139268746.4727225,33.39140054984131,14.192998552448927,6.989539350418602,26.536896881160278,6.8545036686810255,0.37776411012915756,2.971113745928789,,,3.640661494360657,,5.531243813533494,8.96061497792426,-1.2291652918963318,0.9303050528875066
hydrogen_decentral_nt400_tc15_A50_b3f4ae36,hydrogen_decentral,400,15.0,50.0,6000.0,1.0,150.0,8.0,0.42542967825025124,0.38233634387003945,,155563.49186104047,6.0,,16174058.748421757,410092767.4549127,0.3817819215461101,0.8325812463258139,0.8315607904104417,77.11590536390047,12861279511.498116,1064160878.3528498,183116305.44060877,1247277183.7934587,51.76929653133111,17.612757051330348,7.733851781239006,41.14222407687153,10.62707245445958,0.5115688547202519,1.583525435462304,,,5.63875749105645,,4.287759669476743,13.892341329104646,-1.9056709642118856,1.33832701696085
hydrogen_decentral_nt400_tc15_A50_5dcd5d51,hydrogen_decentral,400,15.0,50.0,6000.0,1.2,150.0,8.0,0.42542967825025124,0.38233634387003945,,155563.49186104047,6.0,,16663445.186033268,422501145.6904987,0.3185256311551289,0.8582543916035353,0.8574865886744888,75.72946015363839,13003739296.303219,1075948207.101333,185965501.13671085,1261913708.2380438,50.248891157515786,17.973851647768356,7.506717348354243,39.933923737319255,10.314967420196528,0.4965446591466749,1.5370190940019166,,,5.473153595205652,,4.9941996521601055,13.484339060832287,-1.8497035748741135,1.345016509650078
hydrogen_decentral_nt400_tc15_A50_3a152583,hydrogen_decentral,400,15.0,50.0,6000.0,1.4,150.0,8.0,0.42542967825025124,0.38233634387003945,,155563.49186104047,6.0,,16840868.579494134,426999710.43342125,0.27302196956153907,0.8675736344199702,0.8668384257533763,75.7719750357009,13141484731.53134,1087345463.743676,188720409.84127325,1276065873.5849493,49.71950463895654,18.624838474382827,7.427631922361532,39.51320836683595,10.206296272120595,0.4913134183698219,1.5208261558417069,,,5.415492348150003,,5.765181709733335,13.342277671097149,-1.8302164157883605,1.3475955093407008
hydrogen_decentral_nt400_tc15_A50_6f7d8672,hydrogen_decentral,400,15.0,50.0,6000.0,1.6,150.0,8.0,0.42542967825025124,0.38233634387003945,,155563.49186104047,6.0,,17024566.6912844,431657370.46867144,0.2388942233663467,0.8772008220737707,0.8747933917648479,75.78311655841057,13278808554.92668,1098707835.6128597,191466886.30918008,1290174721.9220397,49.18302231391743,19.25260779566718,7.34748644882596,39.08685379938143,10.096168514535997,0.48601205893504923,1.5044161703040195,,,5.35705821958689,,6.517684994941692,13.198312114756927,-1.81046805415047,1.3470787401190332
hydrogen_decentral_nt400_tc15_A50_ff0a8818,hydrogen_decentral,400,15.0,50.0,6000.0,1.8,150.0,8.0,0.42542967825025124,0.38233634387003945,,155563.49186104047,6.0,,17157479.3390945,435027366.6099012,0.21235042077008592,0.8841839188013761,0.8820532568509131,76.01662312818866,13415841069.309494,1110046104.1527936,194207536.59683636,1304253640.74963,48.80201962734266,19.924035312526808,7.290568188319178,38.78406239684688,10.017957230495785,0.48224710323590364,1.4927620145477118,,,5.315559070535563,,7.275594261878479,13.096069671381263,-1.796443027624316,1.348814406891384
hydrogen_decentral_nt400_tc15_A50_36c5e7d9,hydrogen_decentral,400,15.0,50.0,6000.0,2.0,150.0,8.0,0.42542967825025124,0.38233634387003945,,155563.49186104047,6.0,,17275719.50761156,438025342.4850802,0.19111537869307735,0.8903985188864897,0.8880237081991893,76.30997498432595,13552651315.894896,1121365981.9335256,196943741.52854437,1318309723.46207,48.468004073190635,20.601301542416216,7.240669368719094,38.518612725036746,9.949391348153888,0.4789464604621914,1.4825451068190223,,,5.279177801437879,,8.028664364766394,13.006436270921558,-1.7841476366147542,1.350348543343019
hydrogen_decentral_nt400_tc15_A75_39b77806,hydrogen_decentral,400,15.0,75.0,6000.0,1.0,150.0,8.0,0.34298599593877066,0.4371968454952581,,190525.5888325765,6.0,,18335376.151774827,464892904.45676535,0.4367547153988756,0.8233885750872446,0.8228802124314958,68.33731676069272,12929980032.047184,1069845258.8396773,183145149.17061028,1252990408.0102875,45.666892052343584,15.536619751448177,7.133804956900963,36.29250601415337,9.374386038190217,0.45126670113649503,1.7084600490502764,,,4.974078206714191,,3.7823318277829445,12.25475512201674,-1.6810363679035307,1.180569169552026
hydrogen_decentral_nt400_tc15_A75_584d2c6b,hydrogen_decentral,400,15.0,75.0,6000.0,1.2,150.0,8.0,0.34298599593877066,0.4371968454952581,,190525.5888325765,6.0,,18923258.95498933,479798655.04536843,0.3650450194550029,0.8502876156989785,0.849872259339148,66.98777073600468,13072439816.852287,1081632587.5881603,185994344.86671236,1267626932.4548726,44.24817339623455,15.827416008356929,6.912181331413204,35.16501839576646,9.083155000468086,0.43724734358859574,1.6553838698781447,,,4.819550117946463,,4.3977928088298075,11.874040583840483,-1.6288121514184475,1.184394767105088
hydrogen_decentral_nt400_tc15_A75_91030fc4,hydrogen_decentral,400,15.0,75.0,6000.0,1.4,150.0,8.0,0.34298599593877066,0.4371968454952581,,190525.5888325765,6.0,,19137943.539634842,485241976.1570701,0.31289573096143103,0.8601214265180285,0.8596487785586221,66.9758009865168,13210185252.080408,1093029844.2305033,188749253.57127476,1281779097.801778,43.751808637543526,16.38935011025599,6.834642238717289,34.77054616040261,8.981262477140916,0.4323424140620107,1.636814194521037,,,4.765485630134242,,5.073202735155259,11.740840615645029,-1.6105405508429393,1.1858473102986395
hydrogen_decentral_nt400_tc15_A75_300e7227,hydrogen_decentral,400,15.0,75.0,6000.0,1.6,150.0,8.0,0.34298599593877066,0.4371968454952581,,190525.5888325765,6.0,,19347516.10071659,490555682.06685066,0.27378376459125214,0.8697083576972082,0.8679738735457697,66.97955124538555,13347509075.475748,1104392216.0996873,191495730.0391816,1295887946.1388688,43.277888443323405,16.94105350228074,6.7606092997814,34.39391112512918,8.883977318194228,0.427659275073648,1.6190842006047623,,,4.7138658241029905,,5.735142552229674,11.61366366826509,-1.5930951533971316,1.1853424351831106
hydrogen_decentral_nt400_tc15_A75_be3d486b,hydrogen_decentral,400,15.0,75.0,6000.0,1.8,150.0,8.0,0.34298599593877066,0.4371968454952581,,190525.5888325765,6.0,,19508156.5128211,494628714.8281213,0.24336334630333528,0.8770703268254084,0.8751385345838066,67.14970038842603,13484541589.858562,1115730484.639621,194236380.32683787,1309966864.9664588,42.921515567701896,17.523245930562464,6.704938890161675,34.11069358720367,8.810821980498227,0.4241377038712129,1.605751810481374,,,4.675049375809088,,6.398905921519211,11.518030658734581,-1.5799767707454844,1.1862861210541567
hydrogen_decentral_nt400_tc15_A75_bd291c76,hydrogen_decentral,400,15.0,75.0,6000.0,2.0,150.0,8.0,0.34298599593877066,0.4371968454952581,,190525.5888325765,6.0,,19651196.87502857,498255498.85975075,0.21902701167300173,0.8836281981867964,0.8813933952548241,67.37619881877929,13621351836.443964,1127050362.4203532,196972585.25854588,1324022947.678899,42.60909138446554,18.1109735555479,6.656133878765835,33.862403063380064,8.746688321085477,0.42105042062971854,1.5940636002391557,,,4.641019857896961,,7.058142792448052,11.434191323765845,-1.5684761760995671,1.1871156154335731
hydrogen_decentral_nt400_tc15_A100_d87269e2,hydrogen_decentral,400,15.0,100.0,6000.0,1.0,150.0,8.0,0.2963199360277793,0.4682498429331587,,220000.0,6.0,,19554828.0747381,495812070.86049956,0.4678559695861979,0.8186936814301804,0.8182483454891115,64.32206276715634,12987897249.99117,1074637413.2644315,183169465.5598234,1257806878.824255,42.81907466851663,14.567745938810148,6.935242159829556,34.029281501057866,8.789793167458766,0.42312541324754177,1.8482253239686393,,,4.663891422613378,,3.5464631306485734,11.490540543301377,-1.5762058358438102,1.1069481007040118
hydrogen_decentral_nt400_tc15_A100_19416b6b,hydrogen_decentral,400,15.0,100.0,6000.0,1.2,150.0,8.0,0.2963199360277793,0.4682498429331587,,220000.0,6.0,,20200401.258417625,512180559.29050773,0.39151431671282844,0.8462295152202964,0.8457866791589558,62.99099641590563,13130357034.796274,1086424742.0129147,186018661.25592548,1272443403.26884,41.45064411100745,14.826749621603467,6.713602683294705,32.94175896544435,8.508885145563097,0.40960298779512144,1.7891589375494903,,,4.514840757950095,,4.119748468719047,11.12332086554143,-1.5258327661922402,1.1095130535352307
hydrogen_decentral_nt400_tc15_A100_b4e895cd,hydrogen_decentral,400,15.0,100.0,6000.0,1.4,150.0,8.0,0.2963199360277793,0.4682498429331587,,220000.0,6.0,,20437467.640159715,518191370.1866054,0.3355837000395672,0.8563516743713246,0.8557639216357827,62.95278804931681,13268102470.024395,1097821998.6552577,188773569.96048787,1286595568.6157455,40.96983335728342,15.347227092120107,6.635727599913278,32.55964784758685,8.410185509696571,0.40485175833866316,1.7684054154813784,,,4.462470426093238,,4.750621222745758,10.994294829783039,-1.5081337215065898,1.1104447610978994
hydrogen_decentral_nt400_tc15_A100_e342649a,hydrogen_decentral,400,15.0,100.0,6000.0,1.6,150.0,8.0,0.2963199360277793,0.4682498429331587,,220000.0,6.0,,20661099.342523687,523861545.1958338,0.29363573753462135,0.8658915247716856,0.8642507197218331,62.95426953762274,13405426293.419735,1109184370.5244415,191520046.4283947,1300704416.9528363,40.52638388601544,15.8639818706976,6.563903780909708,32.207228581031124,8.319155304984312,0.400469722009358,1.7492645407884317,,,4.41416951811192,,5.3705159163914535,10.875294730692694,-1.4918099767754038,1.109981200388856
hydrogen_decentral_nt400_tc15_A100_52328af9,hydrogen_decentral,400,15.0,100.0,6000.0,1.8,150.0,8.0,0.2963199360277793,0.4682498429331587,,220000.0,6.0,,20837647.4464756,528337916.9998884,0.26100954447521896,0.8734342775188693,0.8715681583026785,63.096534249253935,13542458807.80255,1120522639.0643754,194260696.71605098,1314783335.7804265,40.18302188925061,16.405221611707734,6.508290748295588,31.934351081105447,8.24867080814516,0.39707672045807874,1.7344438016056722,,,4.376770226231838,,5.990640668456455,10.783153203221618,-1.479170535421347,1.110598275451009
hydrogen_decentral_nt400_tc15_A100_1a98480f,hydrogen_decentral,400,15.0,100.0,6000.0,2.0,150.0,8.0,0.2963199360277793,0.4682498429331587,,220000.0,6.0,,20994607.364040527,532317630.93409044,0.23490859002769707,0.880142692592429,0.8779649691977778,63.29432103450035,13679269054.38795,1131842516.8451073,196996901.647759,1328839418.4928663,39.88260551594661,16.952082064087367,6.459633454466375,31.69560343385175,8.187002082094857,0.39410809483773007,1.7214767500480748,,,4.344048609580572,,6.606503812213559,10.702536175785964,-1.4681119582696796,1.1111540343575257
hydrogen_decentral_nt400_tc15_A125_daa9cff1,hydrogen_decentral,400,15.0,125.0,6000.0,1.0,150.0,8.0,0.2658452353533518,0.4885286237809262,,245967.4775249769,6.0,,20350372.423788596,515983073.6254716,0.48813650726308033,0.8158283260221009,0.8151174743469519,62.0160775692007,13038923343.32775,1078859386.067015,183190888.72878152,1262050274.7957964,41.14517543096312,13.998258181108161,6.872643957129421,32.698996136414145,8.446179294548982,0.40658443677601286,1.984490680765979,,,4.48156883958743,,3.407823471189302,11.041348046653336,-1.5145882094174672,1.0636748726829932
hydrogen_decentral_nt400_tc15_A125_5ab182bc,hydrogen_decentral,400,15.0,125.0,6000.0,1.2,150.0,8.0,0.2658452353533518,0.4885286237809262,,245967.4775249769,6.0,,21033156.050767932,533295031.7131829,0.408846334102139,0.8437134509831313,0.8431394739751074,60.69877464698261,13181383128.132853,1090646714.8154979,186040084.4248836,1276686799.2403815,39.80951034838374,14.239721846381991,6.649542452216889,31.637513060516504,8.171997287867233,0.3933857900420083,1.9200696427891026,,,4.336087019385779,,3.956637413377528,10.682921016119327,-1.4654212642138995,1.0655846810990384
hydrogen_decentral_nt400_tc15_A125_7ff1be56,hydrogen_decentral,400,15.0,125.0,6000.0,1.4,150.0,8.0,0.2658452353533518,0.4885286237809262,,245967.4775249769,6.0,,21283930.100357927,539653400.1104952,0.3504397149446906,0.8539656262080934,0.8535265324488265,60.64852489651709,13319128563.360975,1102043971.4578412,188794993.129446,1290838964.5872872,39.34046200650391,14.736867466789532,6.5711954232236405,31.264749795850047,8.075712210653863,0.3887507932554733,1.8974467701548356,,,4.284997859813332,,4.561688891700017,10.557051435077184,-1.4481552037142913,1.0662823437266198
hydrogen_decentral_nt400_tc15_A125_44295fa4,hydrogen_decentral,400,15.0,125.0,6000.0,1.6,150.0,8.0,0.2658452353533518,0.4885286237809262,,245967.4775249769,6.0,,21517836.233881354,545584083.0091622,0.3066347505766043,0.8635212700733547,0.8621376880885725,60.64493654197651,13456452386.756315,1113406343.327025,191541469.59735283,1304947812.9243777,38.912817922826136,15.232354305326716,6.499764313823667,30.92489142622412,7.987926496602016,0.38452494108492025,1.8768208841340748,,,4.238418488604673,,5.156687766516826,10.442292727196572,-1.432413268476896,1.0657870800902154
hydrogen_decentral_nt400_tc15_A125_dec09cb5,hydrogen_decentral,400,15.0,125.0,6000.0,1.8,150.0,8.0,0.2658452353533518,0.4885286237809262,,245967.4775249769,6.0,,21705107.590576608,550332342.5602589,0.27256422273475933,0.8711822954637567,0.869562437888363,60.770338329243316,13593484901.139128,1124744611.8669586,194282119.8850091,1319026731.7519677,38.577078688416314,15.749575200193082,6.44368444063393,30.658071906953147,7.919006781463167,0.38120726541343913,1.8606277004892093,,,4.201849474731282,,5.751220430808209,10.352196775454775,-1.4200544273600515,1.0662124212901511
hydrogen_decentral_nt400_tc15_A125_7a966498,hydrogen_decentral,400,15.0,125.0,6000.0,2.0,150.0,8.0,0.2658452353533518,0.4885286237809262,,245967.4775249769,6.0,,21871614.435251415,554554118.5408574,0.24530780046128342,0.8779963770023508,0.876058347131279,60.950361867929665,13730295147.724531,1136064489.6476908,197018324.81671712,1333082814.464408,38.28339448562481,16.272338193969123,6.394629188335735,30.424674466990393,7.858720018634418,0.37830516510808626,1.8464628911908307,,,4.169861132036819,,6.341596501578335,10.273386332556901,-1.4092436670174078,1.0665990268512928
hydrogen_decentral_nt400_tc15_A150_a6835c8d,hydrogen_decentral,400,15.0,150.0,6000.0,1.0,150.0,8.0,0.24405182027468109,0.5030306165330863,,269443.8717061496,6.0,,20921591.787914835,530466323.2229928,0.5027031203154327,0.8138536191950306,0.813391419679939,60.506227768376625,13085054457.893755,1082676341.242592,183210256.75398096,1265886597.996573,40.02179432378974,13.616065649194486,6.8683677953924,31.806219909349135,8.215574414440606,0.3954835174103566,2.1136751005459353,,,4.359209177436109,,3.3147801322311414,10.739887628428896,-1.4732356143249514,1.0346335028594023
hydrogen_decentral_nt400_tc15_A150_8b555451,hydrogen_decentral,400,15.0,150.0,6000.0,1.2,150.0,8.0,0.24405182027468109,0.5030306165330863,,269443.8717061496,6.0,,21631541.867958006,548467085.9015721,0.4213230489696176,0.8419872779851864,0.8414915856260878,59.197034139205265,13227514242.698858,1094463669.991075,186059452.45008305,1280523122.441158,38.708273713142304,13.845813374872236,6.642947051190726,30.762335543253105,7.945938169889199,0.3825036957889891,2.0443040027306365,,,4.216139352671101,,3.847186329105271,10.387403088584232,-1.424883825594545,1.0361077827772793
hydrogen_decentral_nt400_tc15_A150_04be6af4,hydrogen_decentral,400,15.0,150.0,6000.0,1.4,150.0,8.0,0.24405182027468109,0.5030306165330863,,269443.8717061496,6.0,,21892346.296570785,555079774.2538232,0.36113404197395793,0.8523327765200721,0.8516764547799255,59.13826093600855,13365259677.92698,1105860926.633418,188814361.15464544,1294675287.7880635,38.24714044439237,14.32731114391876,6.563809347697422,30.395862565187276,7.851277879205096,0.3779469134107499,2.019950124433613,,,4.16591230985306,,4.434913745436718,10.263657525153548,-1.407909125535466,1.036648998863959
hydrogen_decentral_nt400_tc15_A150_fb340e55,hydrogen_decentral,400,15.0,150.0,6000.0,1.6,150.0,8.0,0.24405182027468109,0.5030306165330863,,269443.8717061496,6.0,,22133603.055180553,561196832.0279045,0.31599228672721325,0.8618973816161738,0.8603255814128241,59.13109279416766,13502583501.322319,1117223298.5026019,191560837.62255228,1308784136.125154,37.830245774929736,14.808583337350544,6.492263681887384,30.06454699675755,7.765698778172188,0.37382728376759056,1.9979326237872286,,,4.120503774332566,,5.013226386708745,10.15178343308521,-1.3925628851968739,1.0361364027534634
hydrogen_decentral_nt400_tc15_A150_6eb36095,hydrogen_decentral,400,15.0,150.0,6000.0,1.8,150.0,8.0,0.24405182027468109,0.5030306165330863,,269443.8717061496,6.0,,22328376.217800543,566135299.6399732,0.28088203264641176,0.8696288000828449,0.8681335435703506,59.245824329049796,13639616015.705133,1128561567.0425358,194301487.91020855,1322863054.9527442,37.5002479040411,15.30994555499932,6.435630870009375,29.802290268181494,7.69795763585961,0.37056634254988535,1.9805044126159002,,,4.08456011484359,,5.590682323253642,10.063228181856557,-1.3804153884576895,1.036450438346813
hydrogen_decentral_nt400_tc15_A150_c8bdd084,hydrogen_decentral,400,15.0,150.0,6000.0,2.0,150.0,8.0,0.24405182027468109,0.5030306165330863,,269443.8717061496,6.0,,22501571.282539498,570526655.2368027,0.2527938293817706,0.8765062496325018,0.8747012139444899,59.41447914362278,13776426262.290535,1139881444.8232677,197037692.84191656,1336919137.6651843,37.211607711677864,15.81677574733089,6.386095684614025,29.5729014167295,7.638706294948365,0.36771408566159386,1.9652604287335407,,,4.053121170218891,,6.164056360547946,9.98577130408767,-1.3697903023439877,1.0367383850392626
hydrogen_decentral_nt400_tc15_A175_6875b680,hydrogen_decentral,400,15.0,175.0,6000.0,1.0,150.0,8.0,0.22729429857581107,0.5141815746249653,,291032.64421710494,6.0,,21358121.932052504,541534531.7457532,0.5138466963993535,0.812402012650547,0.8117944146775048,59.434741748828245,13127476395.87778,1086186393.7802227,183228067.49130252,1269414461.2715251,39.20380481607963,13.337772308640472,6.893164624108147,31.156145253643285,8.047659562436348,0.3874003873763375,2.235651198769307,,,4.270113037962503,,3.24703066186521,10.52037934444328,-1.4431247386067598,1.0134870409387462
hydrogen_decentral_nt400_tc15_A175_ccaca1c2,hydrogen_decentral,400,15.0,175.0,6000.0,1.2,150.0,8.0,0.22729429857581107,0.5141815746249653,,291032.64421710494,6.0,,22089246.23668556,560072166.2445629,0.43086796257009435,0.840731390859575,0.8400689906438336,58.130140429308696,13269936180.682884,1097973722.5287056,186077263.1874046,1284050985.7161102,37.90621166926038,13.558918602530909,6.665010157517419,30.12491880120847,7.781292868051909,0.37457795623494783,2.1616541546606833,,,4.128778046621788,,3.767469983365235,10.172168955086137,-1.3953592530982355,1.014638917177774
hydrogen_decentral_nt400_tc15_A175_0eef1bc7,hydrogen_decentral,400,15.0,175.0,6000.0,1.4,150.0,8.0,0.22729429857581107,0.5141815746249653,,291032.64421710494,6.0,,22357294.510367364,566868522.068138,0.36931539648865236,0.8511281515478979,0.8504527380173466,58.06620074092697,13407681615.911007,1109370979.1710489,188832171.891967,1298203151.063016,37.45174278909016,14.029356589454048,6.5851013623827575,29.763742162607407,7.688000626482758,0.3700870293707212,2.135737438119458,,,4.079276894892579,,4.342684105426987,10.050211786845315,-1.3786298747387262,1.0150905719204706
hydrogen_decentral_nt400_tc15_A175_6bc56f15,hydrogen_decentral,400,15.0,175.0,6000.0,1.6,150.0,8.0,0.22729429857581107,0.5141815746249653,,291032.64421710494,6.0,,22604060.439345818,573125264.6892956,0.3231509719275708,0.8606946526093654,0.8594711240655805,58.05647188572488,13545005439.306347,1120733351.0402327,191578648.35987383,1312311999.4001064,37.042886418969815,14.500372898842052,6.51321256791302,29.43881481142025,7.604071607549562,0.36604683182078995,2.112421838057876,,,4.034743898034354,,4.90888631124098,9.940494780262984,-1.3635795309002723,1.0145713382383594
hydrogen_decentral_nt400_tc15_A175_6bf31a2b,hydrogen_decentral,400,15.0,175.0,6000.0,1.8,150.0,8.0,0.22729429857581107,0.5141815746249653,,291032.64421710494,6.0,,22804653.263907466,578211289.6528263,0.2872453083800629,0.8684803211359016,0.8670199816873299,58.16316972146,13682037953.68916,1132071619.5801666,194319298.6475301,1326390918.2276967,36.717052163534866,14.990196091562687,6.455921466362448,29.179867001671433,7.537185161863431,0.3628270342177724,2.093840688927563,,,3.999253743217113,,5.473920466284053,9.853056839311296,-1.3515853003170502,1.014804086284389
hydrogen_decentral_nt400_tc15_A175_512973b3,hydrogen_decentral,400,15.0,175.0,6000.0,2.0,150.0,8.0,0.22729429857581107,0.5141815746249653,,291032.64421710494,6.0,,22983190.17468462,582738087.5934235,0.2585207775420566,0.8754125056531775,0.8736286714104748,58.32293040052393,13818848200.274563,1143391497.3608985,197055503.57923812,1340447000.9401367,36.4318285276385,15.485330984665696,6.405770888219739,28.953193364470927,7.47863516316757,0.3600085387285331,2.077575416551564,,,3.968186932939642,,6.034886912228401,9.776516797810007,-1.3410859804952,1.015013255122489
hydrogen_decentral_nt400_tc15_A200_b256a644,hydrogen_decentral,400,15.0,200.0,6000.0,1.0,150.0,8.0,0.21372529357021974,0.5232107979722366,,311126.98372208094,6.0,,21709107.36499045,550433756.7188249,0.5228265003298249,0.8112370235726614,0.8106793065309942,58.62507817326923,13166961773.00506,1089453471.0230658,183244645.32139412,1272698116.34446,38.56997109022241,13.122131761589449,6.932975321457369,30.65242333884164,7.917547751380768,0.381137030233294,2.350762982364162,,,4.201075308859914,,3.194533779176452,10.350289444531704,-1.4197927907450898,0.9971013286263856
hydrogen_decentral_nt400_tc15_A200_31bbd7c4,hydrogen_decentral,400,15.0,200.0,6000.0,1.2,150.0,8.0,0.21372529357021974,0.5232107979722366,,311126.98372208094,6.0,,22458000.99389954,569421931.8940046,0.438565525692344,0.8397442636051081,0.8393329367794021,57.32187121813445,13309421557.810163,1101240799.7715487,186093841.0174962,1287334640.7890449,37.2838011579777,13.336284551587614,6.701785508569137,29.63027517190023,7.653525986077472,0.3684274799148761,2.2723734845167773,,,4.060984544137484,,3.7056090688784926,10.00514448597193,-1.3724478032883307,0.9979788000255226
hydrogen_decentral_nt400_tc15_A200_d4abdc5c,hydrogen_decentral,400,15.0,200.0,6000.0,1.4,150.0,8.0,0.21372529357021974,0.5232107979722366,,311126.98372208094,6.0,,22733048.626557723,576395756.2514637,0.3759133077362949,0.8502247949399101,0.8496525848531283,57.25086975864282,13447166993.038284,1112638056.4138918,188848749.7220586,1301486806.1359503,36.83270366491995,13.797465628739205,6.620700464983675,29.27177785044899,7.560925814470957,0.36396986809952003,2.244879990014619,,,4.011850606869537,,4.270903964772104,9.884092032758296,-1.3558425284990805,0.9983121597078847
hydrogen_decentral_nt400_tc15_A200_8914356a,hydrogen_decentral,400,15.0,200.0,6000.0,1.6,150.0,8.0,0.21372529357021974,0.5232107979722366,,311126.98372208094,6.0,,22983278.098358706,582740316.8955048,0.32892414426925803,0.8597557938482038,0.8584220762975365,57.24142782604154,13584490816.433624,1124000428.2830756,191595226.18996543,1315595654.473041,36.431689155865506,14.26112080251444,6.548617867661594,28.95308260258891,7.4786065532765935,0.36000716149795303,2.220438953720581,,,3.968171752443061,,4.827891060374562,9.776479397258488,-1.341080850104045,0.997831194985435
hydrogen_decentral_nt400_tc15_A200_9adcf4ea,hydrogen_decentral,400,15.0,200.0,6000.0,1.8,150.0,8.0,0.21372529357021974,0.5232107979722366,,311126.98372208094,6.0,,23188336.272018522,587939560.6495569,0.29237701712822933,0.8675747172296658,0.8659948720982338,57.3423879015053,13721523330.816439,1135338696.8230095,194335876.4776217,1329674573.3006313,36.10951789036343,14.742162620721325,6.490707390420536,28.6970458533085,7.412472037054928,0.3568235604765073,2.2008032562202606,,,3.933080573723769,,5.383346901797716,9.69002442323589,-1.329221457234004,0.9980127529217263
hydrogen_decentral_nt400_tc15_A200_80bb74a6,hydrogen_decentral,400,15.0,200.0,6000.0,2.0,150.0,8.0,0.21372529357021974,0.5232107979722366,,311126.98372208094,6.0,,23370801.356001265,592565957.3022634,0.2631393154154064,0.8745347830321363,0.8726296866574206,57.49613098602721,13858333577.40184,1146658574.6037414,197072081.4093297,1343730656.013071,35.827596611153645,15.22850250263745,6.440031872236117,28.472996673226106,7.354599937927542,0.35403769789791634,2.1836207152855827,,,3.9023734590526185,,5.9347966496169935,9.614370572379528,-1.3188436999148871,0.998178980555817
hydrogen_decentral_nt400_tc15_A225_f9ea7d7a,hydrogen_decentral,400,15.0,225.0,6000.0,1.0,150.0,8.0,0.2023517328735166,0.5307791067569974,,330000.0,6.0,,22007709.930671062,558004815.686386,0.5304273318931108,0.8102984303633671,0.8098858521325686,57.969784072678955,13204047249.99117,1092521977.0553305,183260215.5598234,1275782192.6151538,38.0466502920999,12.944089510780385,6.9790442697986705,30.236528532787766,7.810121759312135,0.3759657291091847,2.459003795259154,,,4.144074745430332,,3.1511900607423016,10.209855796805055,-1.4005289158854672,0.9835725691184986
hydrogen_decentral_nt400_tc15_A225_ab5dd957,hydrogen_decentral,400,15.0,225.0,6000.0,1.2,150.0,8.0,0.2023517328735166,0.5307791067569974,,330000.0,6.0,,22770294.43229615,577340122.5227219,0.44510312088988646,0.838899209421079,0.8384070551406212,56.67114761719897,13346507034.796274,1104309305.8038135,186109411.25592548,1290418717.0597389,36.77245570767005,13.153378082352692,6.745313827176232,29.223897444041516,7.54855826362853,0.3633745156308823,2.376650965379088,,,4.005288346166262,,3.6547868276064444,9.867924434537402,-1.35362475096535,0.9842915711741974
hydrogen_decentral_nt400_tc15_A225_bfeebf12,hydrogen_decentral,400,15.0,225.0,6000.0,1.4,150.0,8.0,0.2023517328735166,0.5307791067569974,,330000.0,6.0,,23051376.51775401,584466950.2473127,0.38151696076275987,0.8494520982102911,0.8487570243222138,56.59405551776367,13484252470.024395,1115706562.4461565,188864319.96048787,1304570882.4066443,36.324062591980926,13.606929582700173,6.663063343082573,28.8675493520978,7.456513239883128,0.35894362767167076,2.3476707433416024,,,3.9564489720693015,,4.211924933669095,9.747597703634192,-1.3371190265616175,0.984525971958504
hydrogen_decentral_nt400_tc15_A225_4eb32c70,hydrogen_decentral,400,15.0,225.0,6000.0,1.6,150.0,8.0,0.2023517328735166,0.5307791067569974,,330000.0,6.0,,23305184.624046676,590902247.0600071,0.3338273406674149,0.8589777652701687,0.8575432452876216,56.58310594901271,13621576293.419735,1127068934.3153403,191610796.4283947,1318679730.743735,35.928470723130665,14.064136829891583,6.590498395990461,28.55316359834556,7.375307124785109,0.355034505994464,2.322103133593881,,,3.913360756402117,,4.7612050562636306,9.641440238933853,-1.3225569600732308,0.9840484947673296
hydrogen_decentral_nt400_tc15_A225_5a4b7d7d,hydrogen_decentral,400,15.0,225.0,6000.0,1.8,150.0,8.0,0.2023517328735166,0.5307791067569974,,330000.0,6.0,,23514331.71359467,596205165.1519948,0.296735413926591,0.8668351745812325,0.8651383313640282,56.678568024146685,13758608807.80255,1138407202.8552742,194351446.71605098,1332758649.5713253,35.60890667278137,14.537781825559243,6.531879525806061,28.299198861574872,7.309707811206505,0.3518766687009243,2.301449299245671,,,3.878553557859466,,5.308713840914487,9.555684913646077,-1.31079354096654,0.9841766119652199
hydrogen_decentral_nt400_tc15_A225_ba25e525,hydrogen_decentral,400,15.0,225.0,6000.0,2.0,150.0,8.0,0.2023517328735166,0.5307791067569974,,330000.0,6.0,,23700187.971667837,600917544.9205842,0.2670618725339319,0.8738202009717552,0.8723175906339272,56.82717512172485,13895419054.38795,1149727080.636006,197087651.647759,1346814732.283765,35.32966255217814,15.016855873209444,6.480656696337269,28.077277279637705,7.252385272540436,0.34911726101073276,2.2834013936588358,,,3.8481380416677013,,5.852314494394277,9.480749480918728,-1.3005143320876171,0.9843062299840564
hydrogen_decentral_nt400_tc15_A250_7ce533c9,hydrogen_decentral,400,15.0,250.0,6000.0,1.0,150.0,8.0,0.19272857397932652,0.5371826456256262,,347850.5426185217,6.0,,22262000.494387776,564452345.1923878,0.5368833833078335,0.8095139680376788,0.8090149031047809,57.438646845789634,13239123566.236568,1095424242.22045,183274942.2574837,1278699184.4779336,37.612057536037845,12.796233983631074,7.030355326120695,29.891147896964966,7.720909639072881,0.37167121221626476,2.561945595214608,,,4.096738518689823,,3.1151951870054746,10.093232405897737,-1.3845311942246552,0.9723375849525207
hydrogen_decentral_nt400_tc15_A250_6ba83e7b,hydrogen_decentral,400,15.0,250.0,6000.0,1.2,150.0,8.0,0.19272857397932652,0.5371826456256262,,347850.5426185217,6.0,,23036080.98626333,584079132.5117478,0.4506742825095113,0.838185793884102,0.8376224119345487,56.143912225944554,13381583351.041672,1107211570.9689329,186124137.95358577,1293335708.9225187,36.348181097362826,13.001616546368309,6.794114582213404,28.886716870671684,7.461464226691141,0.35918195959816923,2.4758566416428303,,,3.959075980972406,,3.6126184918998017,9.754069928129466,-1.3380068488517787,0.972934975190821
hydrogen_decentral_nt400_tc15_A250_f49181ea,hydrogen_decentral,400,15.0,250.0,6000.0,1.4,150.0,8.0,0.19272857397932652,0.5371826456256262,,347850.5426185217,6.0,,23321453.237323087,591314737.2546421,0.38629224215100966,0.8487669794665788,0.8479987158317676,56.063739294640186,13519328786.26979,1118608827.6112757,188879046.65814817,1307487874.269424,35.90340768825632,13.4493529999844,6.710978606399459,28.533245440944626,7.370162247311699,0.3547868405072824,2.4455608973795124,,,3.910630868512665,,4.163148261924812,9.634714549025995,-1.3216343688650198,0.9731245578986129
hydrogen_decentral_nt400_tc15_A250_f7989e41,hydrogen_decentral,400,15.0,250.0,6000.0,1.6,150.0,8.0,0.19272857397932652,0.5371826456256262,,347850.5426185217,6.0,,23578941.716421466,597843349.8078465,0.33800571188213346,0.8583116953227652,0.8569624149436549,56.04987443885547,13656652609.66513,1129971199.4804595,191625523.126055,1321596722.6065145,35.51133267694826,13.900848873561001,6.637692888346214,28.221654612963874,7.289678063984382,0.3509124713746458,2.4188547048971687,,,3.8679257120744004,,4.705926339004869,9.52950083648486,-1.307201760834686,0.9726234589059586
hydrogen_decentral_nt400_tc15_A250_7d9de79a,hydrogen_decentral,400,15.0,250.0,6000.0,1.8,150.0,8.0,0.19272857397932652,0.5371826456256262,,347850.5426185217,6.0,,23791816.566887297,603240785.1644853,0.30044952167300754,0.8662101008389193,0.8649093838391148,56.140128589132466,13793685124.047947,1141309468.0203936,194366173.41371128,1335675641.434105,35.19359865221772,14.368227128223525,6.5783028086912045,27.96914423870375,7.224454413513974,0.34777271785223346,2.3972122493008947,,,3.8333178415380775,,5.2467981113115245,9.444236600360744,-1.2955057064966728,0.9726981230479302
hydrogen_decentral_nt400_tc15_A250_b747cf1d,hydrogen_decentral,400,15.0,250.0,6000.0,2.0,150.0,8.0,0.19272857397932652,0.5371826456256262,,347850.5426185217,6.0,,23980628.13203843,608028096.6541184,0.2704045695057068,0.8732182315946071,0.871622339029141,56.28425230210235,13930495370.633347,1152629345.8011253,197102378.3454193,1349731724.1465445,34.91650172180211,14.841242063339362,6.526508516960886,27.748929077092026,7.167572644710088,0.3450345280594975,2.378337789703848,,,3.8031361991975423,,5.783874918653791,9.369877368219141,-1.2853055374786202,0.9727953139450511
hydrogen_decentral_nt400_tc15_A275_eabe72e4,hydrogen_decentral,400,15.0,275.0,6000.0,1.0,150.0,8.0,0.18448766503890957,0.5426663938722286,,364828.726939094,6.0,,22479446.98713426,569965694.3999559,0.5424052146013991,0.8088297572179102,0.8082633290808976,57.00645675621824,13272485698.42649,1098184673.3162215,183288949.25954816,1281473622.5757697,37.24823141518749,12.672454417270012,7.085770923760748,29.6020070974568,7.646224317730688,0.3680759902520627,2.660584677164389,,,4.057110256344296,,3.0850615156556964,9.995599310724455,-1.3711384514025315,0.9629320422923955
hydrogen_decentral_nt400_tc15_A275_b8143469,hydrogen_decentral,400,15.0,275.0,6000.0,1.2,150.0,8.0,0.18448766503890957,0.5426663938722286,,364828.726939094,6.0,,23263528.615035433,589846060.2189512,0.45545414991287514,0.8375660688436615,0.8370766963403036,55.714254207449294,13414945483.231594,1109972002.0647047,186138144.95565024,1296110147.020355,35.99280475968072,12.874499680195035,6.846949767573532,28.604291303855526,7.388513455825198,0.35567023588848573,2.5709114552142287,,,3.9203680764708175,,3.5772979038996735,9.65870434052912,-1.3249251495924719,0.9634225853587138
hydrogen_decentral_nt400_tc15_A275_c84c85fd,hydrogen_decentral,400,15.0,275.0,6000.0,1.4,150.0,8.0,0.18448766503890957,0.5426663938722286,,364828.726939094,6.0,,23552661.41173806,597177013.4822024,0.390389271353893,0.8481738421923025,0.8474918685193751,55.63117855183272,13552690918.459715,1121369258.7070477,188893053.66021264,1310262312.3672605,35.55095659146684,13.317325442680868,6.762896517684995,28.253144628845007,7.29781196262184,0.35130402316166964,2.539350910691203,,,3.872241583832122,,4.1222801030092855,9.540133952678634,-1.308660350161678,0.9635717371546274
hydrogen_decentral_nt400_tc15_A275_a765793c,hydrogen_decentral,400,15.0,275.0,6000.0,1.6,150.0,8.0,0.18448766503890957,0.5426663938722286,,364828.726939094,6.0,,23813117.466727693,603780868.831838,0.3415906124346563,0.8577275478339049,0.8566224766812952,55.615194547912374,13690014741.855055,1132731630.5762315,191639530.12811947,1324371160.704351,35.16211788028765,13.764149354087841,6.688927313536882,27.944125761350556,7.217992118937097,0.34746163418834347,2.5115767512869556,,,3.829888928061583,,4.6596487429336255,9.435788704440592,-1.2943468730371184,0.9630587797507417
hydrogen_decentral_nt400_tc15_A275_f6ae7264,hydrogen_decentral,400,15.0,275.0,6000.0,1.8,150.0,8.0,0.18448766503890957,0.5426663938722286,,364828.726939094,6.0,,24029164.40270179,609258732.3200251,0.30363609994191676,0.8656593836542223,0.864296944140533,55.70106630014352,13827047256.23787,1144069899.1161654,194380180.41577575,1338450079.5319412,34.84597422655569,14.226305105625373,6.628786967962459,27.692879290685273,7.153094935870414,0.34433759624108534,2.4889950895826347,,,3.79545428213874,,5.1949729144047465,9.350951245928544,-1.282709361581419,0.9630903068735032
hydrogen_decentral_nt400_tc15_A275_aab61fab,hydrogen_decentral,400,15.0,275.0,6000.0,2.0,150.0,8.0,0.18448766503890957,0.5426663938722286,,364828.726939094,6.0,,24220767.79876954,614116830.5976051,0.2732724899477251,0.8726963196492533,0.8710218120333325,55.840763326796385,13963857502.82327,1155389776.8968973,197116385.34748375,1352506162.244381,34.57031793619496,14.694096813751234,6.576348576850194,27.473809038120486,7.096508898074477,0.3416136424266671,2.4693053788384436,,,3.765429555585083,,5.726530006761671,9.276978610953906,-1.2725622237248155,0.9631504197604737
hydrogen_decentral_nt400_tc15_A300_3ce90075,hydrogen_decentral,400,15.0,300.0,6000.0,1.0,150.0,8.0,0.17732518576251488,0.5474325226399696,,381051.177665153,6.0,,22662114.37169589,574597220.377685,0.5471010533191896,0.8083062784037411,0.80780012178491,56.663934517157855,13304362814.103197,1100822231.9967208,183302332.78139716,1284124564.778118,36.94799301286715,12.57030842742935,7.145633076861358,29.36340088774581,7.584592125121341,0.3651091232882612,2.7561159291233754,,,4.024408024449721,,3.0601944574000726,9.915030041976234,-1.3600864255111433,0.955170353564188
hydrogen_decentral_nt400_tc15_A300_f71b35d8,hydrogen_decentral,400,15.0,300.0,6000.0,1.2,150.0,8.0,0.17732518576251488,0.5474325226399696,,381051.177665153,6.0,,23454715.883800615,594693607.6014354,0.45944710804996813,0.8371013447773631,0.8365537532557565,55.37313245050705,13446822598.9083,1112609560.7452037,186151528.47749925,1298761089.222703,35.699415316325556,12.769555308122094,6.9041618260594015,28.37112811584501,7.328287200480546,0.35277104830857764,2.662978938516388,,,3.888411839234436,,3.548138146894117,9.579972996614119,-1.314125239590414,0.9555694042042732
hydrogen_decentral_nt400_tc15_A300_3ea5bf0f,hydrogen_decentral,400,15.0,300.0,6000.0,1.4,150.0,8.0,0.17732518576251488,0.5474325226399696,,381051.177665153,6.0,,23746760.603349935,602098392.5798665,0.39381180689997264,0.8477224888611163,0.8469823765430977,55.288099143274174,13584568034.136421,1124006817.3875468,188906437.18206164,1312913254.5696084,35.26037329673067,13.20847345457046,6.819252391973045,28.022211550243178,7.238161746487496,0.3484325651112583,2.630228832080605,,,3.840590994781181,,4.088585771013579,9.462155641488572,-1.297963736829708,0.9556957788980145
hydrogen_decentral_nt400_tc15_A300_55a3503c,hydrogen_decentral,400,15.0,300.0,6000.0,1.6,150.0,8.0,0.17732518576251488,0.5474325226399696,,381051.177665153,6.0,,24009608.00173172,608762880.3684514,0.3445853310374761,0.857280400108994,0.8561312819521069,55.27046100923373,13721891857.531761,1135369189.2567308,191652913.64996848,1327022102.9066992,34.874357107447295,13.65150590442115,6.744597997365286,27.715435804368685,7.158921303078608,0.34461806746330087,2.6014341593141324,,,3.7985457705878525,,4.621514972721141,9.35856781976031,-1.2837541590892059,0.9551772710289042
hydrogen_decentral_nt400_tc15_A300_bb680d44,hydrogen_decentral,400,15.0,300.0,6000.0,1.8,150.0,8.0,0.17732518576251488,0.5474325226399696,,381051.177665153,6.0,,24228032.47047952,614301026.1277769,0.3062980720333121,0.865229711337927,0.8638149689860335,55.35327820648848,13858924371.914576,1146707457.7966645,194393563.93762475,1341101021.7342892,34.5599521745087,14.109533023062776,6.68379300891701,27.46557113421608,7.094381040292618,0.34151121103992926,2.5779812902079473,,,3.764300507669133,,5.152331638151543,9.274196948672778,-1.2721806513954428,0.9551850876338989
hydrogen_decentral_nt400_tc15_A300_e832ae70,hydrogen_decentral,400,15.0,300.0,6000.0,2.0,150.0,8.0,0.17732518576251488,0.5474325226399696,,381051.177665153,6.0,,24422224.081675902,619224748.5211943,0.27566826482998086,0.8722996438046549,0.8705514074802085,55.48868522025844,13995734618.499977,1158027335.5773966,197129768.86933276,1355157104.4467294,34.28515112554636,14.572886799672885,6.630647295039191,27.247180561222194,7.0379705643241675,0.338795708467695,2.557482651807719,,,3.7343689347637765,,5.679292480594693,9.200453818563401,-1.2620649956877095,0.955205496202499
hydrogen_decentral_nt400_tc15_A325_5bc958c1,hydrogen_decentral,400,15.0,325.0,6000.0,1.0,150.0,8.0,0.1710308190509875,0.551620983241509,,396610.64030103886,6.0,,22831442.62667698,578890533.1307551,0.5513836102266898,0.8077708740074413,0.8072265955087429,56.35505332916263,13334937158.182713,1103351997.4700263,183315169.33807176,1286667166.808098,36.673970066344616,12.477081362219563,7.20400190059845,29.14562869025783,7.528341376086783,0.36240130969387,2.8470393877553994,,,3.9945612031491806,,3.037498677906538,9.841495716417182,-1.3499994124029056,0.9480863802987529
hydrogen_decentral_nt400_tc15_A325_43c8df71,hydrogen_decentral,400,15.0,325.0,6000.0,1.2,150.0,8.0,0.1710308190509875,0.551620983241509,,396610.64030103886,6.0,,23632403.662436638,599198875.82243,0.4631812968295279,0.8366341366993535,0.836030454148702,55.064381509405514,13477396942.987816,1115139326.2185092,186164365.03417385,1301303691.2526832,35.43099785457386,12.673543326045273,6.959840328786378,28.157810723153577,7.273187131420287,0.35011862645439756,2.7505461300471405,,,3.859175572284841,,3.5214603364343433,9.507942908372728,-1.304244569049757,0.9483846502879592
hydrogen_decentral_nt400_tc15_A325_e6dda48d,hydrogen_decentral,400,15.0,325.0,6000.0,1.4,150.0,8.0,0.1710308190509875,0.551620983241509,,396610.64030103886,6.0,,23927277.843556523,606675401.7128936,0.3970125401395954,0.8472713394327976,0.8467371819559553,54.97724668892217,13615142378.215937,1126536582.8608525,188919273.73873624,1315455856.5995886,34.99435451608221,13.108823289977952,6.874068882862007,27.810800443363032,7.183554072719178,0.3458038463132725,2.716649042253322,,,3.8116159942954124,,4.05773979578159,9.390769241665964,-1.2881713637401873,0.9484856162705841
hydrogen_decentral_nt400_tc15_A325_ad503662,hydrogen_decentral,400,15.0,325.0,6000.0,1.6,150.0,8.0,0.1710308190509875,0.551620983241509,,396610.64030103886,6.0,,24192304.65442932,613395148.4388773,0.347385972622146,0.8568309934369083,0.8556422840944656,54.95816640574804,13752466201.611277,1137898954.7300363,191665750.20664307,1329564704.9366794,34.610991198348394,13.548411781366502,6.798763426033143,27.506132994163444,7.104858204184946,0.342015563556211,2.686888139263155,,,3.769859723213777,,4.586613985487029,9.287893320611234,-1.2740594404130636,0.9479639156813037
hydrogen_decentral_nt400_tc15_A325_a32226d9,hydrogen_decentral,400,15.0,325.0,6000.0,1.8,150.0,8.0,0.1710308190509875,0.551620983241509,,396610.64030103886,6.0,,24412985.845747598,618990513.3303144,0.30878753121968533,0.8647975579521022,0.8633370667252382,55.038069994961866,13889498715.994091,1149237223.2699702,194406400.49429935,1343643623.7642696,34.2981251352368,14.00263885728721,6.737306002437845,27.25749129846655,7.040633836770255,0.33892391378867043,2.6626000132937206,,,3.7357820753554543,,5.113297448192242,9.203935406746035,-1.2625425798005536,0.9479485821494869
hydrogen_decentral_nt400_tc15_A325_7e75bd7e,hydrogen_decentral,400,15.0,325.0,6000.0,2.0,150.0,8.0,0.1710308190509875,0.551620983241509,,396610.64030103886,6.0,,24609334.154735427,623968918.7306143,0.2779087780977168,0.8718882822472421,0.87025837677181,55.17011138700213,14026308962.579493,1160557101.050702,197142605.42600736,1357699706.4767094,34.024473730066184,14.462085999593118,6.683551657342828,27.040014373245697,6.984459356820485,0.3362197716558717,2.641356163019917,,,3.7059757226670396,,5.636111595476515,9.130500784671954,-1.2524692434392255,0.9479428628838759
