scenario_id,carrier,num_turbines,turbine_capacity_MW,farm_area_km2,farm_capacity_MW,stack_overplant_factor,compressor_outlet_pressure_bar,export_pipeline_diameter_inch,wake_loss_frac,farm_cf,infield_horizontal_cable_length_m,infield_horizontal_pipeline_length_m,num_export_pipelines,yield_el_MWh_year,yield_h2_MWh_year,yield_h2_kg_year,stack_sp_expected,stack_eff1,stack_eff2,total_LCOE,total_capex_EUR,total_annual_capex_EUR_per_year,total_annual_opex_EUR_per_year,total_annual_cost_EUR_per_year,turbine_LCOE,hydrogen_LCOE,infra_LCOE
hydrogen_central_nt50_tc15_A200_f8203f0c,hydrogen_central,50,15.0,200,750.0,1.0,80.0,4.0,0.053754099213902395,0.6296604339166372,61282.58770283412,,13,,2971364.055960394,75338845.23226151,0.6140240544439066,,,81.22680908648661,2551449710.788598,211110641.2762855,30243779.62365795,241354420.89994344,37.67588081385227,8.393513610516097,35.157414662118256
hydrogen_central_nt50_tc15_A200_6cd66109,hydrogen_central,50,15.0,200,750.0,1.0,80.0,5.0,0.053754099213902395,0.6296604339166372,61282.58770283412,,7,,2971364.055960394,75338845.23226151,0.6140240544439066,,,76.41686932119391,2378139574.788598,196770709.8263602,30291628.94365795,227062338.77001816,37.67588081385227,8.393513610516097,30.347474896825556
hydrogen_central_nt50_tc15_A200_0a63e392,hydrogen_central,50,15.0,200,750.0,1.0,80.0,6.0,0.053754099213902395,0.6296604339166372,61282.58770283412,,5,,2971364.055960394,75338845.23226151,0.6140240544439066,,,74.9202471452127,2323982622.7885985,192289685.2472964,30325644.18365795,222615329.43095434,37.67588081385227,8.393513610516097,28.850852720844333
hydrogen_central_nt50_tc15_A200_f4fd210a,hydrogen_central,50,15.0,200,750.0,1.0,80.0,7.0,0.053754099213902395,0.6296604339166372,61282.58770283412,,3,,2971364.055960394,75338845.23226151,0.6140240544439066,,,72.78347849453338,2248147110.788598,186014945.2427649,30251266.62365795,216266211.86642283,37.67588081385227,8.393513610516097,26.714084070165033
hydrogen_central_nt50_tc15_A200_e1c8d68d,hydrogen_central,50,15.0,200,750.0,1.0,80.0,8.0,0.053754099213902395,0.6296604339166372,61282.58770283412,,2,,2971364.055960394,75338845.23226151,0.6140240544439066,,,71.6350758598565,2207519534.7885985,182653360.81231576,30200528.74365795,212853889.5559737,37.67588081385227,8.393513610516097,25.565681435488123
hydrogen_central_nt50_tc15_A200_f3a8cbb9,hydrogen_central,50,15.0,200,750.0,1.0,90.0,4.0,0.053754099213902395,0.6296604339166372,61282.58770283412,,9,,2966841.0736752446,75224165.15403765,0.6140240544439066,,,77.4430051028544,2412082845.310404,199579225.1486779,30181863.2593121,229761088.40798998,37.73331811408735,8.444793426740443,31.264893562026604
hydrogen_central_nt50_tc15_A200_3b640185,hydrogen_central,50,15.0,200,750.0,1.0,90.0,5.0,0.053754099213902395,0.6296604339166372,61282.58770283412,,5,,2966841.0736752446,75224165.15403765,0.6140240544439066,,,74.33541280211983,2300056741.310404,190310023.1906216,30231332.739312105,220541355.92993373,37.73331811408735,8.444793426740443,28.15730126129202
hydrogen_central_nt50_tc15_A200_e8d9859f,hydrogen_central,50,15.0,200,750.0,1.0,90.0,6.0,0.053754099213902395,0.6296604339166372,61282.58770283412,,3,,2966841.0736752446,75224165.15403765,0.6140240544439066,,,72.52426403363644,2235341709.310404,184955407.79374877,30212557.5793121,215167965.37306088,37.73331811408735,8.444793426740443,26.346152492808645
hydrogen_central_nt50_tc15_A200_7427d209,hydrogen_central,50,15.0,200,750.0,1.0,90.0,7.0,0.053754099213902395,0.6296604339166372,61282.58770283412,,2,,2966841.0736752446,75224165.15403765,0.6140240544439066,,,71.53290544335606,2200083533.310404,182038095.28936413,30188666.699312102,212226761.98867622,37.73331811408735,8.444793426740443,25.35479390252826
hydrogen_central_nt50_tc15_A200_f18481b5,hydrogen_central,50,15.0,200,750.0,1.0,90.0,8.0,0.053754099213902395,0.6296604339166372,61282.58770283412,,2,,2966841.0736752446,75224165.15403765,0.6140240544439066,,,71.87604226751085,2211686173.310404,182998114.51315704,30246679.8993121,213244794.41246915,37.73331811408735,8.444793426740443,25.697930726683047
hydrogen_central_nt50_tc15_A200_75af09c5,hydrogen_central,50,15.0,200,750.0,1.0,100.0,4.0,0.053754099213902395,0.6296604339166372,61282.58770283412,,7,,2966137.4496068554,75206324.78719208,0.6140240544439066,,,75.49450498964055,2342073749.9720325,193786571.29014346,30140507.19916098,223927078.48930442,37.74226917291599,8.452710085450232,29.299525731274336
hydrogen_central_nt50_tc15_A200_9a56dee5,hydrogen_central,50,15.0,200,750.0,1.0,100.0,5.0,0.053754099213902395,0.6296604339166372,61282.58770283412,,4,,2966137.4496068554,75206324.78719208,0.6140240544439066,,,73.24686367576932,2260880501.9720325,187068524.45578644,30191740.95916098,217260265.41494742,37.74226917291599,8.452710085450232,27.051884417403098
hydrogen_central_nt50_tc15_A200_ef2bd8e7,hydrogen_central,50,15.0,200,750.0,1.0,100.0,6.0,0.053754099213902395,0.6296604339166372,61282.58770283412,,3,,2966137.4496068554,75206324.78719208,0.6140240544439066,,,72.61958297437037,2237938085.9720325,185170235.7559514,30229428.879160978,215399664.63511238,37.74226917291599,8.452710085450232,26.42460371600417
hydrogen_central_nt50_tc15_A200_e26df131,hydrogen_central,50,15.0,200,750.0,1.0,100.0,7.0,0.053754099213902395,0.6296604339166372,61282.58770283412,,2,,2966137.4496068554,75206324.78719208,0.6140240544439066,,,71.62650306329701,2202629669.9720325,182248766.32126442,30205286.79916098,212454053.1204254,37.74226917291599,8.452710085450232,25.43152380493079
hydrogen_central_nt50_tc15_A200_4314cd68,hydrogen_central,50,15.0,200,750.0,1.0,100.0,8.0,0.053754099213902395,0.6296604339166372,61282.58770283412,,2,,2966137.4496068554,75206324.78719208,0.6140240544439066,,,71.99230227297146,2214995669.9720325,183271947.0561164,30267116.79916098,213539063.8552774,37.74226917291599,8.452710085450232,25.797323014605244
hydrogen_central_nt50_tc15_A200_06fb2e91,hydrogen_central,50,15.0,200,750.0,1.0,110.0,4.0,0.053754099213902395,0.6296604339166372,61282.58770283412,,6,,2962831.3946815347,75122499.86515048,0.6140240544439066,,,74.62105348025771,2307791300.76485,190949991.83257183,30139608.122945506,221089599.95551735,37.784383623004466,8.489711624954928,28.346958232298316
hydrogen_central_nt50_tc15_A200_89b6c556,hydrogen_central,50,15.0,200,750.0,1.0,110.0,5.0,0.053754099213902395,0.6296604339166372,61282.58770283412,,4,,2962831.3946815347,75122499.86515048,0.6140240544439066,,,73.40732893129696,2263332708.76485,187271423.59441525,30222115.16294551,217493538.75736076,37.784383623004466,8.489711624954928,27.133233683337572
hydrogen_central_nt50_tc15_A200_986bb05b,hydrogen_central,50,15.0,200,750.0,1.0,110.0,6.0,0.053754099213902395,0.6296604339166372,61282.58770283412,,2,,2962831.3946815347,75122499.86515048,0.6140240544439066,,,71.41597724636152,2192615396.76485,181420170.86443657,30173328.602945507,211593499.46738207,37.784383623004466,8.489711624954928,25.141881998402127
hydrogen_central_nt50_tc15_A200_27fef654,hydrogen_central,50,15.0,200,750.0,1.0,110.0,7.0,0.053754099213902395,0.6296604339166372,61282.58770283412,,2,,2962831.3946815347,75122499.86515048,0.6140240544439066,,,71.80479081434888,2205744756.76485,182506513.11034763,30238975.402945507,212745488.51329315,37.784383623004466,8.489711624954928,25.53069556638948
hydrogen_central_nt50_tc15_A200_565d0de9,hydrogen_central,50,15.0,200,750.0,1.0,110.0,8.0,0.053754099213902395,0.6296604339166372,61282.58770283412,,1,,2962831.3946815347,75122499.86515048,0.6140240544439066,,,70.4203014038938,2157256740.76485,178494544.4994472,30148935.322945505,208643479.8223927,37.784383623004466,8.489711624954928,24.146206155934408
hydrogen_central_nt50_tc15_A200_12a4e5a4,hydrogen_central,50,15.0,200,750.0,1.0,120.0,4.0,0.053754099213902395,0.6296604339166372,61282.58770283412,,5,,2959745.8949491004,75044267.11331391,0.6140240544439066,,,73.73499372996366,2273351070.938117,188100357.3782141,30136487.628143504,218236845.0063576,37.823773391483556,8.523977758219306,27.387242580260786
hydrogen_central_nt50_tc15_A200_f00c2cff,hydrogen_central,50,15.0,200,750.0,1.0,120.0,5.0,0.053754099213902395,0.6296604339166372,61282.58770283412,,3,,2959745.8949491004,75044267.11331391,0.6140240544439066,,,72.3563603404921,2223372358.938117,183965046.4230859,30191394.068143502,214156440.49122941,37.823773391483556,8.523977758219306,26.008609190789233
hydrogen_central_nt50_tc15_A200_d645301c,hydrogen_central,50,15.0,200,750.0,1.0,120.0,6.0,0.053754099213902395,0.6296604339166372,61282.58770283412,,2,,2959745.8949491004,75044267.11331391,0.6140240544439066,,,71.56408148276707,2194909822.938117,181610015.00627926,30201481.388143502,211811496.39442277,37.823773391483556,8.523977758219306,25.216330333064192
hydrogen_central_nt50_tc15_A200_41ff1526,hydrogen_central,50,15.0,200,750.0,1.0,120.0,7.0,0.053754099213902395,0.6296604339166372,61282.58770283412,,2,,2959745.8949491004,75044267.11331391,0.6140240544439066,,,71.9759301347241,2208802542.938117,182759518.7632494,30270944.988143504,213030463.7513929,37.823773391483556,8.523977758219306,25.628178985021226
hydrogen_central_nt50_tc15_A200_1ddafc5f,hydrogen_central,50,15.0,200,750.0,1.0,120.0,8.0,0.053754099213902395,0.6296604339166372,61282.58770283412,,1,,2959745.8949491004,75044267.11331391,0.6140240544439066,,,70.5658782990635,2159500926.9381166,178680231.7109875,30176836.9081435,208857068.619131,37.823773391483556,8.523977758219306,24.21812714936064
hydrogen_central_nt50_tc15_A200_a5577e31,hydrogen_central,50,15.0,200,750.0,1.0,130.0,4.0,0.053754099213902395,0.6296604339166372,61282.58770283412,,5,,2956846.978450293,74970765.17368898,0.6140240544439066,,,73.83836489917799,2274221923.1580553,188172412.95110297,30156333.19474166,218328746.14584464,37.86085612235561,8.555961417983674,27.421547358838716
hydrogen_central_nt50_tc15_A200_74e4dc0e,hydrogen_central,50,15.0,200,750.0,1.0,130.0,5.0,0.053754099213902395,0.6296604339166372,61282.58770283412,,3,,2956846.978450293,74970765.17368898,0.6140240544439066,,,72.48937614926479,2225287771.1580553,184123530.40195867,30216462.43474166,214339992.83670032,37.86085612235561,8.555961417983674,26.072558608925508
hydrogen_central_nt50_tc15_A200_a81167a9,hydrogen_central,50,15.0,200,750.0,1.0,130.0,6.0,0.053754099213902395,0.6296604339166372,61282.58770283412,,2,,2956846.978450293,74970765.17368898,0.6140240544439066,,,71.70615568217345,2197156675.1580553,181795922.81037924,30228206.95474166,212024129.7651209,37.86085612235561,8.555961417983674,25.28933814183417
hydrogen_central_nt50_tc15_A200_e858f190,hydrogen_central,50,15.0,200,750.0,1.0,130.0,7.0,0.053754099213902395,0.6296604339166372,61282.58770283412,,2,,2956846.978450293,74970765.17368898,0.6140240544439066,,,72.1410600507124,2211812755.1580553,183008588.07840845,30301487.354741663,213310075.4331501,37.86085612235561,8.555961417983674,25.72424251037312
hydrogen_central_nt50_tc15_A200_180fd902,hydrogen_central,50,15.0,200,750.0,1.0,130.0,8.0,0.053754099213902395,0.6296604339166372,61282.58770283412,,1,,2956846.978450293,74970765.17368898,0.6140240544439066,,,70.70548303081263,2161697539.1580553,178861982.58478516,30203311.27474166,209065293.8595268,37.86085612235561,8.555961417983674,24.288665490473356
hydrogen_central_nt50_tc15_A200_c656f372,hydrogen_central,50,15.0,200,750.0,1.0,140.0,4.0,0.053754099213902395,0.6296604339166372,61282.58770283412,,4,,2954107.9665817823,74901317.61109996,0.6140240544439066,,,72.93331199376169,2239543260.9942355,185303050.260139,30149827.729827065,215452877.98996606,37.89596023345928,8.586011134981373,26.451340625321038
hydrogen_central_nt50_tc15_A200_15e60e33,hydrogen_central,50,15.0,200,750.0,1.0,140.0,5.0,0.053754099213902395,0.6296604339166372,61282.58770283412,,3,,2954107.9665817823,74901317.61109996,0.6140240544439066,,,72.61719014654818,2227163044.9942355,184278693.27287504,30240326.649827063,214519019.9227021,37.89596023345928,8.586011134981373,26.135218778107536
hydrogen_central_nt50_tc15_A200_36091021,hydrogen_central,50,15.0,200,750.0,1.0,140.0,6.0,0.053754099213902395,0.6296604339166372,61282.58770283412,,2,,2954107.9665817823,74901317.61109996,0.6140240544439066,,,71.84308775346662,2199363388.9942355,181978509.50652274,30253728.369827066,212232237.8763498,37.89596023345928,8.586011134981373,25.361116385025973
hydrogen_central_nt50_tc15_A200_46e3703e,hydrogen_central,50,15.0,200,750.0,1.0,140.0,7.0,0.053754099213902395,0.6296604339166372,61282.58770283412,,1,,2954107.9665817823,74901317.61109996,0.6140240544439066,,,70.611004814517,2156144292.9942355,178402498.9610822,30190032.889827065,208592531.85090926,37.89596023345928,8.586011134981373,24.129033446076345
hydrogen_central_nt50_tc15_A200_698840d9,hydrogen_central,50,15.0,200,750.0,1.0,140.0,8.0,0.053754099213902395,0.6296604339166372,61282.58770283412,,1,,2954107.9665817823,74901317.61109996,0.6140240544439066,,,70.83999508745102,2163854012.9942355,179040412.35062632,30228581.489827067,209268993.8404534,37.89596023345928,8.586011134981373,24.358023719010376
hydrogen_central_nt50_tc15_A200_949145bc,hydrogen_central,50,15.0,200,750.0,1.0,150.0,4.0,0.053754099213902395,0.6296604339166372,61282.58770283412,,4,,2951507.515439542,74835383.25150968,0.6140240544439066,,,73.02436978456088,2240289412.8449044,185364787.94402048,30167188.28534714,215531976.2293676,37.929348795934516,8.61440110865316,26.48061987997321
hydrogen_central_nt50_tc15_A200_c39927b4,hydrogen_central,50,15.0,200,750.0,1.0,150.0,5.0,0.053754099213902395,0.6296604339166372,61282.58770283412,,2,,2951507.515439542,74835383.25150968,0.6140240544439066,,,71.49450681838859,2185352980.844905,180819268.06177035,30197306.12534714,211016574.1871175,37.929348795934516,8.61440110865316,24.950756913800905
hydrogen_central_nt50_tc15_A200_6525e1fd,hydrogen_central,50,15.0,200,750.0,1.0,150.0,6.0,0.053754099213902395,0.6296604339166372,61282.58770283412,,2,,2951507.515439542,74835383.25150968,0.6140240544439066,,,71.97558378760509,2201535780.844905,182158256.35191774,30278220.12534714,212436476.47726488,37.929348795934516,8.61440110865316,25.43183388301741
hydrogen_central_nt50_tc15_A200_8b70c036,hydrogen_central,50,15.0,200,750.0,1.0,150.0,7.0,0.053754099213902395,0.6296604339166372,61282.58770283412,,1,,2951507.515439542,74835383.25150968,0.6140240544439066,,,70.72957533530243,2157884764.8449044,178546508.12064523,30212365.04534714,208758873.16599238,37.929348795934516,8.61440110865316,24.185825430714754
hydrogen_central_nt50_tc15_A200_a28d8ab2,hydrogen_central,50,15.0,200,750.0,1.0,150.0,8.0,0.053754099213902395,0.6296604339166372,61282.58770283412,,1,,2951507.515439542,74835383.25150968,0.6140240544439066,,,70.97011381991067,2165976164.8449044,179216002.2657189,30252822.04534714,209468824.31106603,37.929348795934516,8.61440110865316,24.426363915323005
hydrogen_central_nt75_tc15_A200_03bd8454,hydrogen_central,75,15.0,200,1125.0,1.0,80.0,4.0,0.07215531677959253,0.6174157112421385,89566.85895029602,,19,,4376781.324933926,110973157.32591091,0.6020589255329686,,,81.32776405725556,3759106505.8305583,311033912.099512,44919926.82491675,355953838.9244287,38.36680989378142,8.199145732206786,34.76180843126736
hydrogen_central_nt75_tc15_A200_bd790be0,hydrogen_central,75,15.0,200,1125.0,1.0,80.0,5.0,0.07215531677959253,0.6174157112421385,89566.85895029602,,10,,4376781.324933926,110973157.32591091,0.6020589255329686,,,76.37529211181318,3496431481.8305583,289299800.49644053,44978151.70491675,334277952.2013573,38.36680989378142,8.199145732206786,29.80933648582498
hydrogen_central_nt75_tc15_A200_9ad57817,hydrogen_central,75,15.0,200,1125.0,1.0,80.0,6.0,0.07215531677959253,0.6174157112421385,89566.85895029602,,7,,4376781.324933926,110973157.32591091,0.6020589255329686,,,74.79689990441099,3412486233.8305583,282354049.1996614,45015625.46491675,327369674.66457814,38.36680989378142,8.199145732206786,28.230944278422772
hydrogen_central_nt75_tc15_A200_81ce5b85,hydrogen_central,75,15.0,200,1125.0,1.0,80.0,7.0,0.07215531677959253,0.6174157112421385,89566.85895029602,,5,,4376781.324933926,110973157.32591091,0.6020589255329686,,,73.56355899677969,3347490001.8305583,276976166.9078637,44995444.304916754,321971611.2127804,38.36680989378142,8.199145732206786,26.997603370791495
hydrogen_central_nt75_tc15_A200_11c4dd84,hydrogen_central,75,15.0,200,1125.0,1.0,80.0,8.0,0.07215531677959253,0.6174157112421385,89566.85895029602,,3,,4376781.324933926,110973157.32591091,0.6020589255329686,,,71.89562744267687,3260815209.8305583,269804569.1905984,44866870.34491675,314671439.5355152,38.36680989378142,8.199145732206786,25.329671816688666
hydrogen_central_nt75_tc15_A200_776608be,hydrogen_central,75,15.0,200,1125.0,1.0,90.0,4.0,0.07215531677959253,0.6174157112421385,89566.85895029602,,13,,4370108.7505381815,110803974.4051263,0.6020589255329686,,,77.46957229843918,3549931919.8291416,293726504.15698504,44823951.64487425,338550455.8018593,38.42539090582422,8.248296023454534,30.795885369160413
hydrogen_central_nt75_tc15_A200_43333aa0,hydrogen_central,75,15.0,200,1125.0,1.0,90.0,5.0,0.07215531677959253,0.6174157112421385,89566.85895029602,,8,,4370108.7505381815,110803974.4051263,0.6020589255329686,,,75.03624904865916,3420051599.8291416,282980018.53023344,44936550.04487425,327916568.5751077,38.42539090582422,8.248296023454534,28.36256211938041
hydrogen_central_nt75_tc15_A200_fae4ee2e,hydrogen_central,75,15.0,200,1125.0,1.0,90.0,6.0,0.07215531677959253,0.6174157112421385,89566.85895029602,,5,,4370108.7505381815,110803974.4051263,0.6020589255329686,,,73.2501201042937,3325879711.8291416,275188100.24087244,44922890.60487425,320110990.8457467,38.42539090582422,8.248296023454534,26.57643317501495
hydrogen_central_nt75_tc15_A200_f9231f0b,hydrogen_central,75,15.0,200,1125.0,1.0,90.0,7.0,0.07215531677959253,0.6174157112421385,89566.85895029602,,3,,4370108.7505381815,110803974.4051263,0.6020589255329686,,,71.78758831263552,3249562039.8291416,268873465.6202067,44846102.244874254,313719567.86508095,38.42539090582422,8.248296023454534,25.11390138335677
hydrogen_central_nt75_tc15_A200_79608afe,hydrogen_central,75,15.0,200,1125.0,1.0,90.0,8.0,0.07215531677959253,0.6174157112421385,89566.85895029602,,3,,4370108.7505381815,110803974.4051263,0.6020589255329686,,,72.1370186638828,3266965999.8291416,270313494.4558961,44933122.04487425,315246616.50077033,38.42539090582422,8.248296023454534,25.463331734604044
hydrogen_central_nt75_tc15_A200_9e49b4e3,hydrogen_central,75,15.0,200,1125.0,1.0,100.0,4.0,0.07215531677959253,0.6174157112421385,89566.85895029602,,11,,4369070.722165091,110777655.22730961,0.6020589255329686,,,76.15833022185976,3480186338.3882627,287955653.81966037,44785477.001647875,332741130.82130826,38.43452022611766,8.255884438086062,29.46792555765602
hydrogen_central_nt75_tc15_A200_55ed6de9,hydrogen_central,75,15.0,200,1125.0,1.0,100.0,5.0,0.07215531677959253,0.6174157112421385,89566.85895029602,,6,,4369070.722165091,110777655.22730961,0.6020589255329686,,,73.53236554917218,3340742258.3882627,276417848.8507813,44850256.60164788,321268105.4524292,38.43452022611766,8.255884438086062,26.84196088496847
hydrogen_central_nt75_tc15_A200_c363a95c,hydrogen_central,75,15.0,200,1125.0,1.0,100.0,6.0,0.07215531677959253,0.6174157112421385,89566.85895029602,,4,,4369070.722165091,110777655.22730961,0.6020589255329686,,,72.43231187639935,3282491426.3882627,271598090.7162593,44863802.44164788,316461893.1579072,38.43452022611766,8.255884438086062,25.741907212195624
hydrogen_central_nt75_tc15_A200_28f6fbdf,hydrogen_central,75,15.0,200,1125.0,1.0,100.0,7.0,0.07215531677959253,0.6174157112421385,89566.85895029602,,3,,4369070.722165091,110777655.22730961,0.6020589255329686,,,71.88228504001293,3253366010.3882627,269188211.6489983,44870575.361647874,314058787.0106462,38.43452022611766,8.255884438086062,25.191880375809202
hydrogen_central_nt75_tc15_A200_3372c4e2,hydrogen_central,75,15.0,200,1125.0,1.0,100.0,8.0,0.07215531677959253,0.6174157112421385,89566.85895029602,,2,,4369070.722165091,110777655.22730961,0.6020589255329686,,,71.08391918513739,3211874594.3882627,265755151.84688532,44815518.281647876,310570670.1285332,38.43452022611766,8.255884438086062,24.39351452093367
hydrogen_central_nt75_tc15_A200_fa9e1fd0,hydrogen_central,75,15.0,200,1125.0,1.0,110.0,4.0,0.07215531677959253,0.6174157112421385,89566.85895029602,,9,,4364193.4319050675,110653991.68116297,0.6020589255329686,,,74.92887601255484,3411037509.2065907,282234179.6278233,44769928.92619771,327004108.554021,38.47747348061301,8.291353519953887,28.16004901198794
hydrogen_central_nt75_tc15_A200_b72f10c8,hydrogen_central,75,15.0,200,1125.0,1.0,110.0,5.0,0.07215531677959253,0.6174157112421385,89566.85895029602,,5,,4364193.4319050675,110653991.68116297,0.6020589255329686,,,72.88494599332883,3302426285.2065907,273247529.78264356,44836472.80619771,318084002.58884126,38.47747348061301,8.291353519953887,26.116118992761933
hydrogen_central_nt75_tc15_A200_2d672fd1,hydrogen_central,75,15.0,200,1125.0,1.0,110.0,6.0,0.07215531677959253,0.6174157112421385,89566.85895029602,,3,,4364193.4319050675,110653991.68116297,0.6020589255329686,,,71.66500813995575,3238273653.2065907,267939448.17562035,44820509.64619771,312759957.82181805,38.47747348061301,8.291353519953887,24.89618113938885
hydrogen_central_nt75_tc15_A200_c2f10868,hydrogen_central,75,15.0,200,1125.0,1.0,110.0,7.0,0.07215531677959253,0.6174157112421385,89566.85895029602,,2,,4364193.4319050675,110653991.68116297,0.6020589255329686,,,70.98904826534918,3202914997.2065907,265013821.810631,44796116.36619771,309809938.17682874,38.47747348061301,8.291353519953887,24.220221264782285
hydrogen_central_nt75_tc15_A200_210706e8,hydrogen_central,75,15.0,200,1125.0,1.0,110.0,8.0,0.07215531677959253,0.6174157112421385,89566.85895029602,,2,,4364193.4319050675,110653991.68116297,0.6020589255329686,,,71.2530120570293,3216044357.2065907,266100164.05654207,44861763.16619772,310961927.2227398,38.47747348061301,8.291353519953887,24.484185056462387
hydrogen_central_nt75_tc15_A200_3a6fbaea,hydrogen_central,75,15.0,200,1125.0,1.0,120.0,4.0,0.07215531677959253,0.6174157112421385,89566.85895029602,,8,,4359641.517876944,110538578.03947626,0.6020589255329686,,,74.36272513986849,3377016276.1072865,279419213.5690236,44775610.3332186,324194823.9022422,38.51764791940229,8.32420289039045,27.520874330075756
hydrogen_central_nt75_tc15_A200_7aadb675,hydrogen_central,75,15.0,200,1125.0,1.0,120.0,5.0,0.07215531677959253,0.6174157112421385,89566.85895029602,,5,,4359641.517876944,110538578.03947626,0.6020589255329686,,,73.02870147998694,3305521388.1072865,273503623.07557386,44875335.89321859,318378958.96879244,38.51764791940229,8.32420289039045,26.186850670194204
hydrogen_central_nt75_tc15_A200_32388851,hydrogen_central,75,15.0,200,1125.0,1.0,120.0,6.0,0.07215531677959253,0.6174157112421385,89566.85895029602,,3,,4359641.517876944,110538578.03947626,0.6020589255329686,,,71.81314927222674,3241649956.1072865,268218808.3634755,44860778.733218595,313079587.0966941,38.51764791940229,8.32420289039045,24.971298462434
hydrogen_central_nt75_tc15_A200_49a6ba6d,hydrogen_central,75,15.0,200,1125.0,1.0,120.0,7.0,0.07215531677959253,0.6174157112421385,89566.85895029602,,2,,4359641.517876944,110538578.03947626,0.6020589255329686,,,71.13547250380968,3206241060.1072865,265289025.0681838,44836134.2532186,310125159.32140243,38.51764791940229,8.32420289039045,24.29362169401694
hydrogen_central_nt75_tc15_A200_c566eaca,hydrogen_central,75,15.0,200,1125.0,1.0,120.0,8.0,0.07215531677959253,0.6174157112421385,89566.85895029602,,2,,4359641.517876944,110538578.03947626,0.6020589255329686,,,71.41507516195753,3220133780.1072865,266438528.82515395,44905597.8532186,311344126.67837256,38.51764791940229,8.32420289039045,24.573224352164793
hydrogen_central_nt75_tc15_A200_af5d04ca,hydrogen_central,75,15.0,200,1125.0,1.0,130.0,4.0,0.07215531677959253,0.6174157112421385,89566.85895029602,,7,,4355364.862611487,110430143.57534195,0.6020589255329686,,,73.78697606398184,3342827860.631609,276590414.5984731,44778788.26894827,321369202.8674213,38.555469481311285,8.354866124973313,26.876640457697246
hydrogen_central_nt75_tc15_A200_3aa969aa,hydrogen_central,75,15.0,200,1125.0,1.0,130.0,5.0,0.07215531677959253,0.6174157112421385,89566.85895029602,,4,,4355364.862611487,110430143.57534195,0.6020589255329686,,,72.3394242331707,3265762612.631609,270213924.4577493,44850662.02894827,315064586.48669755,38.555469481311285,8.354866124973313,25.429088626886106
hydrogen_central_nt75_tc15_A200_1e0af0f6,hydrogen_central,75,15.0,200,1125.0,1.0,130.0,6.0,0.07215531677959253,0.6174157112421385,89566.85895029602,,3,,4355364.862611487,110430143.57534195,0.6020589255329686,,,71.95532547443624,3244959556.631609,268492649.5001845,44899046.74894827,313391696.24913275,38.555469481311285,8.354866124973313,25.044989868151628
hydrogen_central_nt75_tc15_A200_33f9a1ac,hydrogen_central,75,15.0,200,1125.0,1.0,130.0,7.0,0.07215531677959253,0.6174157112421385,89566.85895029602,,2,,4355364.862611487,110430143.57534195,0.6020589255329686,,,71.27597116109405,3209500420.631609,265558709.2745904,44874151.06894827,310432860.34353864,38.555469481311285,8.354866124973313,24.36563555480945
hydrogen_central_nt75_tc15_A200_9ecef3a7,hydrogen_central,75,15.0,200,1125.0,1.0,130.0,8.0,0.07215531677959253,0.6174157112421385,89566.85895029602,,2,,4355364.862611487,110430143.57534195,0.6020589255329686,,,71.57122671570174,3224156500.631609,266771374.54261962,44947431.468948275,311718806.0115679,38.555469481311285,8.354866124973313,24.660891109417147
hydrogen_central_nt75_tc15_A200_2bfdfe65,hydrogen_central,75,15.0,200,1125.0,1.0,140.0,4.0,0.07215531677959253,0.6174157112421385,89566.85895029602,,6,,4351324.108235004,110327690.3710701,0.6020589255329686,,,73.20264197374743,3308482688.0254173,273748645.3161003,44779775.49076252,318528420.80686283,38.59127310755671,8.383676901179014,26.227691965011708
hydrogen_central_nt75_tc15_A200_4f5be691,hydrogen_central,75,15.0,200,1125.0,1.0,140.0,5.0,0.07215531677959253,0.6174157112421385,89566.85895029602,,4,,4351324.108235004,110327690.3710701,0.6020589255329686,,,72.4624902329196,3268302816.0254173,270424104.5624841,44883676.13076252,315307780.6932466,38.59127310755671,8.383676901179014,25.487540224183878
hydrogen_central_nt75_tc15_A200_4847a2dd,hydrogen_central,75,15.0,200,1125.0,1.0,140.0,6.0,0.07215531677959253,0.6174157112421385,89566.85895029602,,3,,4351324.108235004,110327690.3710701,0.6020589255329686,,,72.09241436250569,3248212880.0254173,268761834.185676,44935626.45076252,313697460.6364385,38.59127310755671,8.383676901179014,25.117464353769964
hydrogen_central_nt75_tc15_A200_f2902a0b,hydrogen_central,75,15.0,200,1125.0,1.0,140.0,7.0,0.07215531677959253,0.6174157112421385,89566.85895029602,,2,,4351324.108235004,110327690.3710701,0.6020589255329686,,,71.41141612790202,3212703504.0254173,265823737.02977952,44910479.570762515,310734216.60054207,38.59127310755671,8.383676901179014,24.436466119166294
hydrogen_central_nt75_tc15_A200_07f17c57,hydrogen_central,75,15.0,200,1125.0,1.0,140.0,8.0,0.07215531677959253,0.6174157112421385,89566.85895029602,,1,,4351324.108235004,110327690.3710701,0.6020589255329686,,,70.4194955291086,3161774688.0254173,261609813.0947948,44808235.49076252,306418048.58555734,38.59127310755671,8.383676901179014,23.44454552037287
hydrogen_central_nt75_tc15_A200_d63d0587,hydrogen_central,75,15.0,200,1125.0,1.0,150.0,4.0,0.07215531677959253,0.6174157112421385,89566.85895029602,,6,,4347487.766941765,110230420.05430442,0.6020589255329686,,,73.29314454221998,3309548529.33066,273836834.5680762,44804214.729919806,318641049.297996,38.625327095173866,8.410897761029169,26.256919686016953
hydrogen_central_nt75_tc15_A200_5086c106,hydrogen_central,75,15.0,200,1125.0,1.0,150.0,5.0,0.07215531677959253,0.6174157112421385,89566.85895029602,,3,,4347487.766941765,110230420.05430442,0.6020589255329686,,,71.73520960911269,3227143881.33066,267018554.74470094,44849391.4899198,311867946.23462075,38.625327095173866,8.410897761029169,24.69898475290964
hydrogen_central_nt75_tc15_A200_f4332918,hydrogen_central,75,15.0,200,1125.0,1.0,150.0,6.0,0.07215531677959253,0.6174157112421385,89566.85895029602,,2,,4347487.766941765,110230420.05430442,0.6020589255329686,,,71.21589796474356,3199675665.33066,264745794.80357584,44864450.4099198,309610245.2134956,38.625327095173866,8.410897761029169,24.17967310854054
hydrogen_central_nt75_tc15_A200_001490b2,hydrogen_central,75,15.0,200,1125.0,1.0,150.0,7.0,0.07215531677959253,0.6174157112421385,89566.85895029602,,2,,4347487.766941765,110230420.05430442,0.6020589255329686,,,71.54250090562918,3215858465.33066,266084783.0937232,44945364.4099198,311030147.50364304,38.625327095173866,8.410897761029169,24.50627604942614
hydrogen_central_nt75_tc15_A200_dc9b8ff5,hydrogen_central,75,15.0,200,1125.0,1.0,150.0,8.0,0.07215531677959253,0.6174157112421385,89566.85895029602,,1,,4347487.766941765,110230420.05430442,0.6020589255329686,,,70.53328484993166,3164116049.33066,261803540.71737704,44839052.3299198,306642593.0472968,38.625327095173866,8.410897761029169,23.497059993728627
hydrogen_central_nt100_tc15_A200_0dd53cd6,hydrogen_central,100,15.0,200,1500.0,1.0,80.0,4.0,0.08639459662359783,0.6079404668920301,117851.13019775793,,25,,5752564.36847464,145856094.53536105,0.5927761800184312,,,81.7562681904816,4964589640.136435,410777331.08792806,59530864.20409304,470308195.2920211,38.92134041660902,8.09838648571731,34.73654128815528
hydrogen_central_nt100_tc15_A200_3a6eeb4e,hydrogen_central,100,15.0,200,1500.0,1.0,80.0,5.0,0.08639459662359783,0.6079404668920301,117851.13019775793,,14,,5752564.36847464,145856094.53536105,0.5927761800184312,,,77.29784454444267,4653177304.136435,385010623.7621597,59650202.52409304,444660826.28625274,38.92134041660902,8.09838648571731,30.278117642116346
hydrogen_central_nt100_tc15_A200_c6807157,hydrogen_central,100,15.0,200,1500.0,1.0,80.0,6.0,0.08639459662359783,0.6079404668920301,117851.13019775793,,9,,5752564.36847464,145856094.53536105,0.5927761800184312,,,75.0759019070006,4498816184.136435,372238561.3172159,59640396.92409304,431878958.2413089,38.92134041660902,8.09838648571731,28.056175004674287
hydrogen_central_nt100_tc15_A200_8c159237,hydrogen_central,100,15.0,200,1500.0,1.0,80.0,7.0,0.08639459662359783,0.6079404668920301,117851.13019775793,,6,,5752564.36847464,145856094.53536105,0.5927761800184312,,,73.54434394468909,4393192376.136435,363499094.5949691,59569477.88409304,423068572.47906214,38.92134041660902,8.09838648571731,26.524617042362774
hydrogen_central_nt100_tc15_A200_1f1d492a,hydrogen_central,100,15.0,200,1500.0,1.0,80.0,8.0,0.08639459662359783,0.6079404668920301,117851.13019775793,,4,,5752564.36847464,145856094.53536105,0.5927761800184312,,,72.35797831994286,4311937224.136435,356775925.7340707,59468002.12409304,416243927.8581638,38.92134041660902,8.09838648571731,25.338251417616533
hydrogen_central_nt100_tc15_A200_454e3096,hydrogen_central,100,15.0,200,1500.0,1.0,90.0,4.0,0.08639459662359783,0.6079404668920301,117851.13019775793,,18,,5743784.211402017,145633473.91992944,0.5927761800184312,,,78.3513828422993,4720843075.873611,390609387.6349052,59424048.07620834,450033435.7111136,38.980836990602256,8.146188761621113,31.224357090075927
hydrogen_central_nt100_tc15_A200_c4adb52b,hydrogen_central,100,15.0,200,1500.0,1.0,90.0,5.0,0.08639459662359783,0.6079404668920301,117851.13019775793,,10,,5743784.211402017,145633473.91992944,0.5927761800184312,,,75.14104897921504,4496790867.873611,372070983.7187926,59522987.03620835,431593970.75500095,38.980836990602256,8.146188761621113,28.014023226991664
hydrogen_central_nt100_tc15_A200_d7a4d779,hydrogen_central,100,15.0,200,1500.0,1.0,90.0,6.0,0.08639459662359783,0.6079404668920301,117851.13019775793,,6,,5743784.211402017,145633473.91992944,0.5927761800184312,,,73.27002097429589,4367360803.873611,361361752.925047,59485436.71620834,420847189.6412553,38.980836990602256,8.146188761621113,26.142995222072514
hydrogen_central_nt100_tc15_A200_99292f25,hydrogen_central,100,15.0,200,1500.0,1.0,90.0,7.0,0.08639459662359783,0.6079404668920301,117851.13019775793,,4,,5743784.211402017,145633473.91992944,0.5927761800184312,,,72.24588661404397,4296844451.873611,355527127.9162777,59437654.95620834,414964782.87248605,38.980836990602256,8.146188761621113,25.118860861820597
hydrogen_central_nt100_tc15_A200_39a801fb,hydrogen_central,100,15.0,200,1500.0,1.0,90.0,8.0,0.08639459662359783,0.6079404668920301,117851.13019775793,,3,,5743784.211402017,145633473.91992944,0.5927761800184312,,,71.73381943391801,4261586275.8736115,352609815.41189307,59413764.07620834,412023579.4881014,38.980836990602256,8.146188761621113,24.60679368169464
hydrogen_central_nt100_tc15_A200_a78e20a4,hydrogen_central,100,15.0,200,1500.0,1.0,100.0,4.0,0.08639459662359783,0.6079404668920301,117851.13019775793,,14,,5742418.313980569,145598841.63236737,0.5927761800184312,,,76.33745370965431,4580790969.996401,379021273.72507083,59340318.49989204,438361592.2249629,38.99010901186927,8.15356946484781,29.19377523293725
hydrogen_central_nt100_tc15_A200_9606cf46,hydrogen_central,100,15.0,200,1500.0,1.0,100.0,5.0,0.08639459662359783,0.6079404668920301,117851.13019775793,,8,,5742418.313980569,145598841.63236737,0.5927761800184312,,,74.01550058473971,4418404473.996401,365585180.0563568,59442786.01989204,425027966.0762488,38.99010901186927,8.15356946484781,26.871822108022638
hydrogen_central_nt100_tc15_A200_a446b14b,hydrogen_central,100,15.0,200,1500.0,1.0,100.0,6.0,0.08639459662359783,0.6079404668920301,117851.13019775793,,5,,5742418.313980569,145598841.63236737,0.5927761800184312,,,72.66557736679226,4324845225.996401,357843952.4871478,59432189.779892035,417276142.26703984,38.99010901186927,8.15356946484781,25.521898890075196
hydrogen_central_nt100_tc15_A200_7a11148c,hydrogen_central,100,15.0,200,1500.0,1.0,100.0,7.0,0.08639459662359783,0.6079404668920301,117851.13019775793,,4,,5742418.313980569,145598841.63236737,0.5927761800184312,,,72.34156739780322,4301902809.996401,355945663.7873128,59469877.69989204,415415541.48720485,38.99010901186927,8.15356946484781,25.197888921086136
hydrogen_central_nt100_tc15_A200_dec75439,hydrogen_central,100,15.0,200,1500.0,1.0,100.0,8.0,0.08639459662359783,0.6079404668920301,117851.13019775793,,3,,5742418.313980569,145598841.63236737,0.5927761800184312,,,71.82861077332402,4266594393.996401,353024194.3526258,59445735.61989203,412469929.97251785,38.99010901186927,8.15356946484781,24.68493229660694
hydrogen_central_nt100_tc15_A200_8b791657,hydrogen_central,100,15.0,200,1500.0,1.0,110.0,4.0,0.08639459662359783,0.6079404668920301,117851.13019775793,,12,,5736000.495005166,145436118.02751437,0.5927761800184312,,,75.43040288219102,4512068127.12452,373335046.2569512,59333782.013735615,432668828.2706868,39.033733739880944,8.188069051183387,28.208600091126694
hydrogen_central_nt100_tc15_A200_2981de6a,hydrogen_central,100,15.0,200,1500.0,1.0,110.0,5.0,0.08639459662359783,0.6079404668920301,117851.13019775793,,7,,5736000.495005166,145436118.02751437,0.5927761800184312,,,73.56182972331642,4381227607.12452,362509112.29269314,59441579.41373561,421950691.70642877,39.033733739880944,8.188069051183387,26.3400269322521
hydrogen_central_nt100_tc15_A200_75ba2097,hydrogen_central,100,15.0,200,1500.0,1.0,110.0,6.0,0.08639459662359783,0.6079404668920301,117851.13019775793,,4,,5736000.495005166,145436118.02751437,0.5927761800184312,,,72.11934999912228,4281716319.1245203,354275404.3206806,59401222.973735616,413676627.29441625,39.033733739880944,8.188069051183387,24.897547208057954
hydrogen_central_nt100_tc15_A200_24b61d5d,hydrogen_central,100,15.0,200,1500.0,1.0,110.0,7.0,0.08639459662359783,0.6079404668920301,117851.13019775793,,3,,5736000.495005166,145436118.02751437,0.5927761800184312,,,71.7054683887387,4252922343.1245203,351892949.0786468,59409653.09373562,411302602.1723824,39.033733739880944,8.188069051183387,24.483665597674364
hydrogen_central_nt100_tc15_A200_0616171e,hydrogen_central,100,15.0,200,1500.0,1.0,110.0,8.0,0.08639459662359783,0.6079404668920301,117851.13019775793,,2,,5736000.495005166,145436118.02751437,0.5927761800184312,,,71.09075188531173,4210999007.1245203,348424151.59070194,59352436.41373561,407776588.00443757,39.033733739880944,8.188069051183387,23.868949094247405
hydrogen_central_nt100_tc15_A200_94ec9f88,hydrogen_central,100,15.0,200,1500.0,1.0,120.0,4.0,0.08639459662359783,0.6079404668920301,117851.13019775793,,10,,5730010.824785306,145284250.1213313,0.5927761800184312,,,74.51066548275693,4443042214.36011,367623742.34735084,59323177.4308033,426946919.77815413,39.07453631420426,8.220022451163803,27.216106717388882
hydrogen_central_nt100_tc15_A200_1fd24631,hydrogen_central,100,15.0,200,1500.0,1.0,120.0,5.0,0.08639459662359783,0.6079404668920301,117851.13019775793,,6,,5730010.824785306,145284250.1213313,0.5927761800184312,,,73.08644321166513,4343084790.36011,359353120.43709445,59432990.3108033,418786110.74789774,39.07453631420426,8.220022451163803,25.791884446297068
hydrogen_central_nt100_tc15_A200_ee160af5,hydrogen_central,100,15.0,200,1500.0,1.0,120.0,6.0,0.08639459662359783,0.6079404668920301,117851.13019775793,,4,,5730010.824785306,145284250.1213313,0.5927761800184312,,,72.26796514294543,4286159718.3601103,354643057.6034812,59453164.9508033,414096222.55428445,39.07453631420426,8.220022451163803,24.973406377577362
hydrogen_central_nt100_tc15_A200_85c00ae0,hydrogen_central,100,15.0,200,1500.0,1.0,120.0,7.0,0.08639459662359783,0.6079404668920301,117851.13019775793,,3,,5730010.824785306,145284250.1213313,0.5927761800184312,,,71.85872610858557,4257697182.3601103,352288026.18667454,59463252.2708033,411751278.4574778,39.07453631420426,8.220022451163803,24.564167343217512
hydrogen_central_nt100_tc15_A200_82f358ab,hydrogen_central,100,15.0,200,1500.0,1.0,120.0,8.0,0.08639459662359783,0.6079404668920301,117851.13019775793,,2,,5730010.824785306,145284250.1213313,0.5927761800184312,,,71.23675320787812,4215341926.3601103,348783491.01289773,59403875.9908033,408187367.00370103,39.07453631420426,8.220022451163803,23.94219444251006
hydrogen_central_nt100_tc15_A200_528aa545,hydrogen_central,100,15.0,200,1500.0,1.0,130.0,4.0,0.08639459662359783,0.6079404668920301,117851.13019775793,,9,,5724383.35587314,145141565.81828448,0.5927761800184312,,,74.09647999199451,4409189700.654376,364822736.3753292,59333920.41963127,424156656.7949605,39.11294931429446,8.249850911202712,26.733679766497342
hydrogen_central_nt100_tc15_A200_0d9db85a,hydrogen_central,100,15.0,200,1500.0,1.0,130.0,5.0,0.08639459662359783,0.6079404668920301,117851.13019775793,,5,,5724383.35587314,145141565.81828448,0.5927761800184312,,,72.59055718487525,4303993356.654376,356118638.643026,59417538.699631274,415536177.34265727,39.11294931429446,8.249850911202712,25.227756959378087
hydrogen_central_nt100_tc15_A200_8fb6085b,hydrogen_central,100,15.0,200,1500.0,1.0,130.0,6.0,0.08639459662359783,0.6079404668920301,117851.13019775793,,4,,5724383.35587314,145141565.81828448,0.5927761800184312,,,72.41063956938336,4290518340.654376,355003696.31947577,59502563.619631276,414506259.93910706,39.11294931429446,8.249850911202712,25.04783934388618
hydrogen_central_nt100_tc15_A200_8d06dbdc,hydrogen_central,100,15.0,200,1500.0,1.0,130.0,7.0,0.08639459662359783,0.6079404668920301,117851.13019775793,,3,,5724383.35587314,145141565.81828448,0.5927761800184312,,,72.00607842670526,4262387244.654376,352676088.7278963,59514308.13963127,412190396.86752754,39.11294931429446,8.249850911202712,24.643278201208098
hydrogen_central_nt100_tc15_A200_7d285358,hydrogen_central,100,15.0,200,1500.0,1.0,130.0,8.0,0.08639459662359783,0.6079404668920301,117851.13019775793,,2,,5724383.35587314,145141565.81828448,0.5927761800184312,,,71.376873756841,4219600068.654376,349135815.8682876,59452772.259631276,408588588.1279189,39.11294931429446,8.249850911202712,24.01407353134383
hydrogen_central_nt100_tc15_A200_e6ea4650,hydrogen_central,100,15.0,200,1500.0,1.0,140.0,4.0,0.08639459662359783,0.6079404668920301,117851.13019775793,,8,,5719066.29891533,145006752.0008958,0.5927761800184312,,,73.67452858586631,4375165180.21675,362007498.3173997,59342015.20650249,421349513.5239022,39.14931290380757,8.27787865400674,26.24733702805201
hydrogen_central_nt100_tc15_A200_c40ee477,hydrogen_central,100,15.0,200,1500.0,1.0,140.0,5.0,0.08639459662359783,0.6079404668920301,117851.13019775793,,5,,5719066.29891533,145006752.0008958,0.5927761800184312,,,72.71153535023744,4307185652.21675,356382773.7974312,59459317.56650249,415842091.3639337,39.14931290380757,8.27787865400674,25.284343792423133
hydrogen_central_nt100_tc15_A200_990c08a8,hydrogen_central,100,15.0,200,1500.0,1.0,140.0,6.0,0.08639459662359783,0.6079404668920301,117851.13019775793,,3,,5719066.29891533,145006752.0008958,0.5927761800184312,,,71.79354877553304,4243876620.21675,351144492.8751825,59447572.406502485,410592065.281685,39.14931290380757,8.27787865400674,24.366357217718722
hydrogen_central_nt100_tc15_A200_9d17823a,hydrogen_central,100,15.0,200,1500.0,1.0,140.0,7.0,0.08639459662359783,0.6079404668920301,117851.13019775793,,2,,5719066.29891533,145006752.0008958,0.5927761800184312,,,71.2754145415483,4208367244.21675,348206395.7192861,59422425.52650249,407628821.2457886,39.14931290380757,8.27787865400674,23.848222983733987
hydrogen_central_nt100_tc15_A200_3c11043c,hydrogen_central,100,15.0,200,1500.0,1.0,140.0,8.0,0.08639459662359783,0.6079404668920301,117851.13019775793,,2,,5719066.29891533,145006752.0008958,0.5927761800184312,,,71.51197832807843,4223786684.21675,349482222.49837434,59499522.72650249,408981745.2248768,39.14931290380757,8.27787865400674,24.084786770264124
hydrogen_central_nt100_tc15_A200_67206b0e,hydrogen_central,100,15.0,200,1500.0,1.0,150.0,4.0,0.08639459662359783,0.6079404668920301,117851.13019775793,,8,,5714018.220446498,144878758.12491122,0.5927761800184312,,,73.76495741124779,4376538633.8880415,362121139.8616886,59373170.81664124,421494310.6783298,39.18389956347766,8.304360804950583,26.276697042819556
hydrogen_central_nt100_tc15_A200_b51aabdd,hydrogen_central,100,15.0,200,1500.0,1.0,150.0,5.0,0.08639459662359783,0.6079404668920301,117851.13019775793,,4,,5714018.220446498,144878758.12491122,0.5927761800184312,,,72.18449271266049,4266665769.8880415,353030100.0971883,59433406.49664124,412463506.5938295,39.18389956347766,8.304360804950583,24.696232344232246
hydrogen_central_nt100_tc15_A200_7ea4bd22,hydrogen_central,100,15.0,200,1500.0,1.0,150.0,6.0,0.08639459662359783,0.6079404668920301,117851.13019775793,,3,,5714018.220446498,144878758.12491122,0.5927761800184312,,,71.91362380459276,4247288953.8880415,351426834.30113685,59488922.416641235,410915756.7177781,39.18389956347766,8.304360804950583,24.425363436164528
hydrogen_central_nt100_tc15_A200_914d1ab5,hydrogen_central,100,15.0,200,1500.0,1.0,150.0,7.0,0.08639459662359783,0.6079404668920301,117851.13019775793,,2,,5714018.220446498,144878758.12491122,0.5927761800184312,,,71.39426036336684,4211729337.8880415,348484580.2149381,59463524.33664124,407948104.55157936,39.18389956347766,8.304360804950583,23.905999994938593
hydrogen_central_nt100_tc15_A200_4f932559,hydrogen_central,100,15.0,200,1500.0,1.0,150.0,8.0,0.08639459662359783,0.6079404668920301,117851.13019775793,,2,,5714018.220446498,144878758.12491122,0.5927761800184312,,,71.64275489652505,4227912137.8880415,349823568.50508547,59544438.33664124,409368006.8417267,39.18389956347766,8.304360804950583,24.15449452809681
hydrogen_central_nt125_tc15_A200_eae0da17,hydrogen_central,125,15.0,200,1875.0,1.0,80.0,4.0,0.10352008261059809,0.5965446543145069,150849.44665313014,,31,,7065474.371579787,179144887.71754023,0.5816896369239274,,,82.75625590672433,6170513193.990954,510557191.0271305,74155014.16972864,584712205.1968591,39.61119669375348,8.084974112178514,35.06008510079234
hydrogen_central_nt125_tc15_A200_992a8ffd,hydrogen_central,125,15.0,200,1875.0,1.0,80.0,5.0,0.10352008261059809,0.5965446543145069,150849.44665313014,,17,,7065474.371579787,179144887.71754023,0.5816896369239274,,,78.08124445501215,5769735969.990954,477396303.54821604,74284728.04972863,551681031.5979447,39.61119669375348,8.084974112178514,30.385073649080162
hydrogen_central_nt125_tc15_A200_ef0fcebe,hydrogen_central,125,15.0,200,1875.0,1.0,80.0,6.0,0.10352008261059809,0.5965446543145069,150849.44665313014,,11,,7065474.371579787,179144887.71754023,0.5816896369239274,,,75.92383287285806,5585586553.990954,462159514.38555694,74278380.96972863,536437895.3552856,39.61119669375348,8.084974112178514,28.227662066926065
hydrogen_central_nt125_tc15_A200_de3f1934,hydrogen_central,125,15.0,200,1875.0,1.0,80.0,7.0,0.10352008261059809,0.5965446543145069,150849.44665313014,,7,,7065474.371579787,179144887.71754023,0.5816896369239274,,,74.19391249810435,5439335169.990954,450058463.23286086,74156724.04972863,524215187.2825895,39.61119669375348,8.084974112178514,26.49774169217236
hydrogen_central_nt125_tc15_A200_bcd345d5,hydrogen_central,125,15.0,200,1875.0,1.0,80.0,8.0,0.10352008261059809,0.5965446543145069,150849.44665313014,,5,,7065474.371579787,179144887.71754023,0.5816896369239274,,,73.2953008507293,5363499657.990954,443783723.2283294,74082346.48972863,517866069.71805805,39.61119669375348,8.084974112178514,25.59913004479732
hydrogen_central_nt125_tc15_A200_02bffcfb,hydrogen_central,125,15.0,200,1875.0,1.0,90.0,4.0,0.10352008261059809,0.5965446543145069,150849.44665313014,,22,,7054674.550130547,178871058.57328972,0.5816896369239274,,,79.18480438836005,5856920141.654743,484610048.07598704,74012976.19964229,558623024.2756293,39.67183646510556,8.132079584348865,31.38088833890563
hydrogen_central_nt125_tc15_A200_6adfd3e7,hydrogen_central,125,15.0,200,1875.0,1.0,90.0,5.0,0.10352008261059809,0.5965446543145069,150849.44665313014,,12,,7054674.550130547,178871058.57328972,0.5816896369239274,,,75.88148555550791,5573954221.654743,461197038.3748981,74122146.59964229,535319184.97454035,39.67183646510556,8.132079584348865,28.077569506053482
hydrogen_central_nt125_tc15_A200_bde5b739,hydrogen_central,125,15.0,200,1875.0,1.0,90.0,6.0,0.10352008261059809,0.5965446543145069,150849.44665313014,,8,,7054674.550130547,178871058.57328972,0.5816896369239274,,,74.50243559071929,5456126797.654743,451447826.80494535,74142609.47964229,525590436.2845876,39.67183646510556,8.132079584348865,26.69851954126486
hydrogen_central_nt125_tc15_A200_f10fc19b,hydrogen_central,125,15.0,200,1875.0,1.0,90.0,7.0,0.10352008261059809,0.5965446543145069,150849.44665313014,,5,,7054674.550130547,178871058.57328972,0.5816896369239274,,,73.17953595888898,5344550949.654743,442215879.679895,74041930.23964229,516257809.9195373,39.67183646510556,8.132079584348865,25.37561990943455
hydrogen_central_nt125_tc15_A200_07e1553c,hydrogen_central,125,15.0,200,1875.0,1.0,90.0,8.0,0.10352008261059809,0.5965446543145069,150849.44665313014,,4,,7054674.550130547,178871058.57328972,0.5816896369239274,,,72.83477346769182,5315094093.654743,439778576.7874068,74047045.95964229,513825622.7470491,39.67183646510556,8.132079584348865,25.030857418237396
hydrogen_central_nt125_tc15_A200_15e9a6e5,hydrogen_central,125,15.0,200,1875.0,1.0,100.0,4.0,0.10352008261059809,0.5965446543145069,150849.44665313014,,18,,7052994.460794146,178828459.95928365,0.5816896369239274,,,77.5521939408036,5717125594.095162,473043244.9140663,73931949.37285487,546975194.2869211,39.681286668103866,8.139353065685844,29.7315542070139
hydrogen_central_nt125_tc15_A200_897de0da,hydrogen_central,125,15.0,200,1875.0,1.0,100.0,5.0,0.10352008261059809,0.5965446543145069,150849.44665313014,,10,,7052994.460794146,178828459.95928365,0.5816896369239274,,,74.98025963062217,5496488266.095162,454787393.11083025,74047962.73285487,528835355.84368515,39.681286668103866,8.139353065685844,27.159619896832467
hydrogen_central_nt125_tc15_A200_067a6e47,hydrogen_central,125,15.0,200,1875.0,1.0,100.0,6.0,0.10352008261059809,0.5965446543145069,150849.44665313014,,6,,7052994.460794146,178828459.95928365,0.5816896369239274,,,73.46353714014519,5367620602.095162,444124696.10693425,74013224.41285488,518137920.5197891,39.681286668103866,8.139353065685844,25.64289740635549
hydrogen_central_nt125_tc15_A200_96ed25ff,hydrogen_central,125,15.0,200,1875.0,1.0,100.0,7.0,0.10352008261059809,0.5965446543145069,150849.44665313014,,4,,7052994.460794146,178828459.95928365,0.5816896369239274,,,72.62825744977796,5297003770.095162,438281757.2375603,73964940.25285488,512246697.49041516,39.681286668103866,8.139353065685844,24.807617715988254
hydrogen_central_nt125_tc15_A200_71d5adac,hydrogen_central,125,15.0,200,1875.0,1.0,100.0,8.0,0.10352008261059809,0.5965446543145069,150849.44665313014,,3,,7052994.460794146,178828459.95928365,0.5816896369239274,,,72.21061760459435,5261695354.095162,435360287.8028733,73940798.17285487,509301085.97572815,39.681286668103866,8.139353065685844,24.389977870804636
hydrogen_central_nt125_tc15_A200_f23293e5,hydrogen_central,125,15.0,200,1875.0,1.0,110.0,4.0,0.10352008261059809,0.5965446543145069,150849.44665313014,,15,,7045100.376616089,178628305.6951341,0.5816896369239274,,,76.41903321345379,5613508635.872986,464469827.84655106,73909931.82618958,538379759.6727407,39.72574982696692,8.173352682553704,28.51993070393317
hydrogen_central_nt125_tc15_A200_79e16093,hydrogen_central,125,15.0,200,1875.0,1.0,110.0,5.0,0.10352008261059809,0.5965446543145069,150849.44665313014,,8,,7045100.376616089,178628305.6951341,0.5816896369239274,,,74.14196397757348,5418515483.872986,448335812.27526987,74001766.06618959,522337578.34145945,39.72574982696692,8.173352682553704,26.24286146805287
hydrogen_central_nt125_tc15_A200_7c0c777f,hydrogen_central,125,15.0,200,1875.0,1.0,110.0,6.0,0.10352008261059809,0.5965446543145069,150849.44665313014,,5,,7045100.376616089,178628305.6951341,0.5816896369239274,,,73.04927977471837,5325568875.872986,440645275.42621285,73994233.02618958,514639508.4524024,39.72574982696692,8.173352682553704,25.150177265197755
hydrogen_central_nt125_tc15_A200_57fc645d,hydrogen_central,125,15.0,200,1875.0,1.0,110.0,7.0,0.10352008261059809,0.5965446543145069,150849.44665313014,,4,,7045100.376616089,178628305.6951341,0.5816896369239274,,,72.79406260207932,5303339579.872986,438805991.30713457,74035486.54618958,512841477.8533242,39.72574982696692,8.173352682553704,24.8949600925587
hydrogen_central_nt125_tc15_A200_df5c7f41,hydrogen_central,125,15.0,200,1875.0,1.0,110.0,8.0,0.10352008261059809,0.5965446543145069,150849.44665313014,,3,,7045100.376616089,178628305.6951341,0.5816896369239274,,,72.37532908697129,5267980923.872986,435880364.9421452,74011093.26618958,509891458.2083348,39.72574982696692,8.173352682553704,24.476226577450678
hydrogen_central_nt125_tc15_A200_0c0967d6,hydrogen_central,125,15.0,200,1875.0,1.0,120.0,4.0,0.10352008261059809,0.5965446543145069,150849.44665313014,,13,,7037732.926537543,178441504.22255433,0.5816896369239274,,,75.6917671373414,5544876177.966682,458791078.96127945,73907362.88900049,532698441.8502799,39.767336724585526,8.204844718947225,27.71958569380867
hydrogen_central_nt125_tc15_A200_58b7de14,hydrogen_central,125,15.0,200,1875.0,1.0,120.0,5.0,0.10352008261059809,0.5965446543145069,150849.44665313014,,7,,7037732.926537543,178441504.22255433,0.5816896369239274,,,73.77919372160412,5381047321.966682,445235642.3389247,74002618.60900049,519238260.9479252,39.767336724585526,8.204844718947225,25.80701227807137
hydrogen_central_nt125_tc15_A200_fc9194cd,hydrogen_central,125,15.0,200,1875.0,1.0,120.0,6.0,0.10352008261059809,0.5965446543145069,150849.44665313014,,5,,7037732.926537543,178441504.22255433,0.5816896369239274,,,73.19940409933214,5331068609.966682,441100331.3837965,74057525.04900049,515157856.432797,39.767336724585526,8.204844718947225,25.2272226557994
hydrogen_central_nt125_tc15_A200_391095df,hydrogen_central,125,15.0,200,1875.0,1.0,120.0,7.0,0.10352008261059809,0.5965446543145069,150849.44665313014,,3,,7037732.926537543,178441504.22255433,0.5816896369239274,,,72.27320537921739,5253304457.966682,434666012.914728,73973504.28900048,508639517.20372844,39.767336724585526,8.204844718947225,24.301023935684654
hydrogen_central_nt125_tc15_A200_412625c3,hydrogen_central,125,15.0,200,1875.0,1.0,120.0,8.0,0.10352008261059809,0.5965446543145069,150849.44665313014,,3,,7037732.926537543,178441504.22255433,0.5816896369239274,,,72.53301220259947,5274143537.966682,436390268.5501832,74077699.68900049,510467968.23918366,39.767336724585526,8.204844718947225,24.560830759066732
hydrogen_central_nt125_tc15_A200_13259d03,hydrogen_central,125,15.0,200,1875.0,1.0,130.0,4.0,0.10352008261059809,0.5965446543145069,150849.44665313014,,11,,7030810.993483286,178265998.82057014,0.5816896369239274,,,74.95408180855509,5475940675.859129,453087255.7602608,73900726.62577388,526987982.3860347,39.80648823111995,8.234243893390815,26.913349684044327
hydrogen_central_nt125_tc15_A200_526dc394,hydrogen_central,125,15.0,200,1875.0,1.0,130.0,5.0,0.10352008261059809,0.5965446543145069,150849.44665313014,,7,,7030810.993483286,178265998.82057014,0.5816896369239274,,,73.91088298112648,5385400411.859129,445595823.29598683,74057625.30577388,519653448.60176075,39.80648823111995,8.234243893390815,25.870150856615712
hydrogen_central_nt125_tc15_A200_2ec17ad3,hydrogen_central,125,15.0,200,1875.0,1.0,130.0,6.0,0.10352008261059809,0.5965446543145069,150849.44665313014,,4,,7030810.993483286,178265998.82057014,0.5816896369239274,,,72.73981823619177,5286351043.859129,437400335.2532192,74019578.46577388,511419913.71899307,39.80648823111995,8.234243893390815,24.69908611168101
hydrogen_central_nt125_tc15_A200_f1a2a735,hydrogen_central,125,15.0,200,1875.0,1.0,130.0,7.0,0.10352008261059809,0.5965446543145069,150849.44665313014,,3,,7030810.993483286,178265998.82057014,0.5816896369239274,,,72.41043047797639,5258219947.859129,435072727.66163975,74031322.98577388,509104050.6474136,39.80648823111995,8.234243893390815,24.36969835346564
hydrogen_central_nt125_tc15_A200_c414d596,hydrogen_central,125,15.0,200,1875.0,1.0,130.0,8.0,0.10352008261059809,0.5965446543145069,150849.44665313014,,2,,7030810.993483286,178265998.82057014,0.5816896369239274,,,71.89814124947245,5215432771.859129,431532454.8020311,73969787.10577388,505502241.90780497,39.80648823111995,8.234243893390815,23.857409124961684
hydrogen_central_nt125_tc15_A200_2b72f20e,hydrogen_central,125,15.0,200,1875.0,1.0,140.0,4.0,0.10352008261059809,0.5965446543145069,150849.44665313014,,10,,7024270.875202391,178100174.32054746,0.5816896369239274,,,74.62887372184984,5442227460.797414,450297775.5596245,73915648.57392241,524213424.1335469,39.84355103037754,8.261869433827224,26.523453257645077
hydrogen_central_nt125_tc15_A200_ca31cc67,hydrogen_central,125,15.0,200,1875.0,1.0,140.0,5.0,0.10352008261059809,0.5965446543145069,150849.44665313014,,6,,7024270.875202391,178100174.32054746,0.5816896369239274,,,73.51926329468985,5346448276.797414,442372867.2733037,74046352.65392241,516419219.92722607,39.84355103037754,8.261869433827224,25.41384283048509
hydrogen_central_nt125_tc15_A200_46123c90,hydrogen_central,125,15.0,200,1875.0,1.0,140.0,6.0,0.10352008261059809,0.5965446543145069,150849.44665313014,,4,,7024270.875202391,178100174.32054746,0.5816896369239274,,,72.86815456412387,5290848964.797414,437772499.74059916,74073156.0939224,511845655.83452153,39.84355103037754,8.261869433827224,24.76273409991912
hydrogen_central_nt125_tc15_A200_ff6e6d9b,hydrogen_central,125,15.0,200,1875.0,1.0,140.0,7.0,0.10352008261059809,0.5965446543145069,150849.44665313014,,3,,7024270.875202391,178100174.32054746,0.5816896369239274,,,72.54260019884089,5263049308.797414,435472315.97424686,74086557.8139224,509558873.78816926,39.84355103037754,8.261869433827224,24.437179734636132
hydrogen_central_nt125_tc15_A200_04674f1f,hydrogen_central,125,15.0,200,1875.0,1.0,140.0,8.0,0.10352008261059809,0.5965446543145069,150849.44665313014,,2,,7024270.875202391,178100174.32054746,0.5816896369239274,,,72.02443879958595,5219830212.797414,431896305.4288063,74022862.33392242,505919167.7627287,39.84355103037754,8.261869433827224,23.919018335381196
hydrogen_central_nt125_tc15_A200_6aed1012,hydrogen_central,125,15.0,200,1875.0,1.0,150.0,4.0,0.10352008261059809,0.5965446543145069,150849.44665313014,,9,,7018061.607455339,177942738.5257439,0.5816896369239274,,,74.29711729380095,5408340117.610388,447493887.745919,73927858.67831162,521421746.4242306,39.878802826411665,8.287972555103625,26.130341912285658
hydrogen_central_nt125_tc15_A200_1e95319e,hydrogen_central,125,15.0,200,1875.0,1.0,150.0,5.0,0.10352008261059809,0.5965446543145069,150849.44665313014,,5,,7018061.607455339,177942738.5257439,0.5816896369239274,,,73.11148322490259,5306558653.610388,439072342.1264923,74028551.35831162,513100893.4848039,39.878802826411665,8.287972555103625,24.94470784338729
hydrogen_central_nt125_tc15_A200_0104def2,hydrogen_central,125,15.0,200,1875.0,1.0,150.0,6.0,0.10352008261059809,0.5965446543145069,150849.44665313014,,4,,7018061.607455339,177942738.5257439,0.5816896369239274,,,72.99210571329914,5295273237.610388,438138570.4755146,74124524.27831161,512263094.7538262,39.878802826411665,8.287972555103625,24.825330331783846
hydrogen_central_nt125_tc15_A200_0c292e4a,hydrogen_central,125,15.0,200,1875.0,1.0,150.0,7.0,0.10352008261059809,0.5965446543145069,150849.44665313014,,3,,7018061.607455339,177942738.5257439,0.5816896369239274,,,72.67040705241439,5267805021.610388,435865810.5343895,74139583.19831161,510005393.7327011,39.878802826411665,8.287972555103625,24.503631670899093
hydrogen_central_nt125_tc15_A200_b8969fd9,hydrogen_central,125,15.0,200,1875.0,1.0,150.0,8.0,0.10352008261059809,0.5965446543145069,150849.44665313014,,2,,7018061.607455339,177942738.5257439,0.5816896369239274,,,72.14638724224832,5224154005.610388,432254062.30311704,74073728.11831161,506327790.4214287,39.878802826411665,8.287972555103625,23.979611860733026
hydrogen_central_nt150_tc15_A200_0c4ab410,hydrogen_central,150,15.0,200,2250.0,1.0,80.0,4.0,0.11633680565513049,0.5880160219717878,179133.71790059205,,37,,8366677.63387151,212136856.84258392,0.5733481125985473,,,83.52005386273476,7373502170.747898,610094239.8106498,88691126.82243693,698785366.6330867,40.14093631636425,8.07293014355134,35.30618740281917
hydrogen_central_nt150_tc15_A200_deb59eaa,hydrogen_central,150,15.0,200,2250.0,1.0,80.0,5.0,0.11633680565513049,0.5880160219717878,179133.71790059205,,20,,8366677.63387151,212136856.84258392,0.5733481125985473,,,78.68958471349382,6883360058.747898,569539172.1785892,88831216.26243693,658370388.4410262,40.14093631636425,8.07293014355134,30.47571825357822
hydrogen_central_nt150_tc15_A200_a60be1b7,hydrogen_central,150,15.0,200,2250.0,1.0,80.0,6.0,0.11633680565513049,0.5880160219717878,179133.71790059205,,13,,8366677.63387151,212136856.84258392,0.5733481125985473,,,76.57352321153031,6669422346.747898,551837656.2982147,88828327.70243692,640665984.0006516,40.14093631636425,8.07293014355134,28.35965675161473
hydrogen_central_nt150_tc15_A200_6d84fa67,hydrogen_central,150,15.0,200,2250.0,1.0,80.0,7.0,0.11633680565513049,0.5880160219717878,179133.71790059205,,9,,8366677.63387151,212136856.84258392,0.5733481125985473,,,75.22631534083023,6534010242.747898,540633462.8582525,88760867.18243693,629394330.0406895,40.14093631636425,8.07293014355134,27.01244888091463
hydrogen_central_nt150_tc15_A200_7db1e7e7,hydrogen_central,150,15.0,200,2250.0,1.0,80.0,8.0,0.11633680565513049,0.5880160219717878,179133.71790059205,,6,,8366677.63387151,212136856.84258392,0.5733481125985473,,,74.00277508036835,6412127514.747898,530548709.56690496,88608653.54243693,619157363.1093419,40.14093631636425,8.07293014355134,25.78890862045277
hydrogen_central_nt150_tc15_A200_1d33477e,hydrogen_central,150,15.0,200,2250.0,1.0,90.0,4.0,0.11633680565513049,0.5880160219717878,179133.71790059205,,26,,8353873.984598333,211812220.7048259,0.5733481125985473,,,79.82888514943319,6990050944.288221,578366930.4406915,88513516.42864667,666880446.8693382,40.202458727528125,8.11944504312686,31.506981378778214
hydrogen_central_nt150_tc15_A200_6b4599a8,hydrogen_central,150,15.0,200,2250.0,1.0,90.0,5.0,0.11633680565513049,0.5880160219717878,179133.71790059205,,15,,8353873.984598333,211812220.7048259,0.5733481125985473,,,76.8700191077194,6689230808.288221,553476637.0709072,88685815.74864668,642162452.8195539,40.202458727528125,8.11944504312686,28.548115337064427
hydrogen_central_nt150_tc15_A200_ee39107a,hydrogen_central,150,15.0,200,2250.0,1.0,90.0,6.0,0.11633680565513049,0.5880160219717878,179133.71790059205,,9,,8353873.984598333,211812220.7048259,0.5733481125985473,,,74.94035489440489,6495085712.288221,537412790.8802887,88629490.26864666,626042281.1489353,40.202458727528125,8.11944504312686,26.618451123749917
hydrogen_central_nt150_tc15_A200_2b188875,hydrogen_central,150,15.0,200,2250.0,1.0,90.0,7.0,0.11633680565513049,0.5880160219717878,179133.71790059205,,6,,8353873.984598333,211812220.7048259,0.5733481125985473,,,73.88412515363771,6389311184.288221,528660853.3671348,88557817.62864667,617218670.9957814,40.202458727528125,8.11944504312686,25.56222138298275
hydrogen_central_nt150_tc15_A200_dfc1c988,hydrogen_central,150,15.0,200,2250.0,1.0,90.0,8.0,0.11633680565513049,0.5880160219717878,179133.71790059205,,5,,8353873.984598333,211812220.7048259,0.5733481125985473,,,73.65391208552856,6365655648.288221,526703560.0865431,88591939.94864666,615295500.0351897,40.202458727528125,8.11944504312686,25.33200831487358
hydrogen_central_nt150_tc15_A200_1156d2a6,hydrogen_central,150,15.0,200,2250.0,1.0,100.0,4.0,0.11633680565513049,0.5880160219717878,179133.71790059205,,21,,8351882.166982464,211761718.2297785,0.5733481125985473,,,78.10345062622937,6815203743.80246,563899820.0509266,88410996.41407381,652310816.4650004,40.21204650234268,8.126627643851403,29.764776480035287
hydrogen_central_nt150_tc15_A200_1821cded,hydrogen_central,150,15.0,200,2250.0,1.0,100.0,5.0,0.11633680565513049,0.5880160219717878,179133.71790059205,,12,,8351882.166982464,211761718.2297785,0.5733481125985473,,,75.70872823633037,6571623999.80246,543745679.5478555,88564697.69407381,632310377.2419293,40.21204650234268,8.126627643851403,27.37005409013629
hydrogen_central_nt150_tc15_A200_97a44696,hydrogen_central,150,15.0,200,2250.0,1.0,100.0,6.0,0.11633680565513049,0.5880160219717878,179133.71790059205,,8,,8351882.166982464,211761718.2297785,0.5733481125985473,,,74.55779909283204,6455122335.80246,534106163.27881145,88591789.3740738,622697952.6528852,40.21204650234268,8.126627643851403,26.219124946637972
hydrogen_central_nt150_tc15_A200_b3f6a2bb,hydrogen_central,150,15.0,200,2250.0,1.0,100.0,7.0,0.11633680565513049,0.5880160219717878,179133.71790059205,,5,,8351882.166982464,211761718.2297785,0.5733481125985473,,,73.43477799124535,6343014087.80246,524830164.6073245,88488448.13407381,613318612.7413983,40.21204650234268,8.126627643851403,25.09610384505127
hydrogen_central_nt150_tc15_A200_5f48f258,hydrogen_central,150,15.0,200,2250.0,1.0,100.0,8.0,0.11633680565513049,0.5880160219717878,179133.71790059205,,4,,8351882.166982464,211761718.2297785,0.5733481125985473,,,73.14704570537077,6313888671.80246,522420285.5400635,88495221.05407381,610915506.5941373,40.21204650234268,8.126627643851403,24.80837155917669
hydrogen_central_nt150_tc15_A200_c8f4d2b1,hydrogen_central,150,15.0,200,2250.0,1.0,110.0,4.0,0.11633680565513049,0.5880160219717878,179133.71790059205,,18,,8342523.393263485,211524426.8068835,0.5733481125985473,,,77.16578663093496,6711992725.7071,555359991.0569406,88397389.07121298,643757380.1281536,40.25715700743235,8.160203471905415,28.748426151597183
hydrogen_central_nt150_tc15_A200_6738f559,hydrogen_central,150,15.0,200,2250.0,1.0,110.0,5.0,0.11633680565513049,0.5880160219717878,179133.71790059205,,10,,8342523.393263485,211524426.8068835,0.5733481125985473,,,75.02731951620498,6494770277.7071,537386691.3665811,88530476.83121297,625917168.1977941,40.25715700743235,8.160203471905415,26.609959036867206
hydrogen_central_nt150_tc15_A200_a700e986,hydrogen_central,150,15.0,200,2250.0,1.0,110.0,6.0,0.11633680565513049,0.5880160219717878,179133.71790059205,,6,,8342523.393263485,211524426.8068835,0.5733481125985473,,,73.75095635459316,6366465013.7071,526770528.15253466,88498550.51121297,615269078.6637477,40.25715700743235,8.160203471905415,25.33359587525538
hydrogen_central_nt150_tc15_A200_5d84a68b,hydrogen_central,150,15.0,200,2250.0,1.0,110.0,7.0,0.11633680565513049,0.5880160219717878,179133.71790059205,,4,,8342523.393263485,211524426.8068835,0.5733481125985473,,,73.04373157237163,6295747701.7071,520919275.422556,88449763.95121297,609369039.3737689,40.25715700743235,8.160203471905415,24.626371093033864
hydrogen_central_nt150_tc15_A200_133a8539,hydrogen_central,150,15.0,200,2250.0,1.0,110.0,8.0,0.11633680565513049,0.5880160219717878,179133.71790059205,,3,,8342523.393263485,211524426.8068835,0.5733481125985473,,,72.69011918126087,6260389045.7071,517993649.05756664,88425370.67121297,606419019.7287796,40.25715700743235,8.160203471905415,24.272758701923106
hydrogen_central_nt150_tc15_A200_c10c8659,hydrogen_central,150,15.0,200,2250.0,1.0,120.0,4.0,0.11633680565513049,0.5880160219717878,179133.71790059205,,15,,8333788.966746652,211302965.68830255,0.5733481125985473,,,76.2151957174602,6608337127.344332,546783376.8482766,88377980.32032993,635161357.1686065,40.299349482075165,8.191304417646618,27.724541817738416
hydrogen_central_nt150_tc15_A200_884063b2,hydrogen_central,150,15.0,200,2250.0,1.0,120.0,5.0,0.11633680565513049,0.5880160219717878,179133.71790059205,,9,,8333788.966746652,211302965.68830255,0.5733481125985473,,,74.74633040370804,6458400991.344332,534377443.9828919,88542699.64032994,622920143.6232219,40.299349482075165,8.191304417646618,26.255676503986255
hydrogen_central_nt150_tc15_A200_12c66936,hydrogen_central,150,15.0,200,2250.0,1.0,120.0,6.0,0.11633680565513049,0.5880160219717878,179133.71790059205,,6,,8333788.966746652,211302965.68830255,0.5733481125985473,,,73.90219668272108,6373013383.344332,527312349.732472,88572961.60032994,615885311.3328019,40.299349482075165,8.191304417646618,25.411542782999298
hydrogen_central_nt150_tc15_A200_98e766ac,hydrogen_central,150,15.0,200,2250.0,1.0,120.0,7.0,0.11633680565513049,0.5880160219717878,179133.71790059205,,4,,8333788.966746652,211302965.68830255,0.5733481125985473,,,73.19317278324861,6302195591.344332,521452783.1418886,88523672.64032994,609976455.7822186,40.299349482075165,8.191304417646618,24.70251888352682
hydrogen_central_nt150_tc15_A200_549ee13f,hydrogen_central,150,15.0,200,2250.0,1.0,120.0,8.0,0.11633680565513049,0.5880160219717878,179133.71790059205,,3,,8333788.966746652,211302965.68830255,0.5733481125985473,,,72.83866083351236,6266786695.344332,518522999.8465969,88499028.16032994,607022028.0069268,40.299349482075165,8.191304417646618,24.348006933790575
hydrogen_central_nt150_tc15_A200_352b73b7,hydrogen_central,150,15.0,200,2250.0,1.0,130.0,4.0,0.11633680565513049,0.5880160219717878,179133.71790059205,,14,,8325582.719677138,211094896.543538,0.5733481125985473,,,75.9638310083925,6575179518.489906,544039868.3092498,88403290.45469719,632443158.763947,40.33907119642544,8.220339672284187,27.404420139682873
hydrogen_central_nt150_tc15_A200_0dcdb896,hydrogen_central,150,15.0,200,2250.0,1.0,130.0,5.0,0.11633680565513049,0.5880160219717878,179133.71790059205,,8,,8325582.719677138,211094896.543538,0.5733481125985473,,,74.44931446510644,6421049022.489906,531286888.0278022,88547037.97469717,619833926.0024993,40.33907119642544,8.220339672284187,25.889903596396817
hydrogen_central_nt150_tc15_A200_dc5ba5d9,hydrogen_central,150,15.0,200,2250.0,1.0,130.0,6.0,0.11633680565513049,0.5880160219717878,179133.71790059205,,5,,8325582.719677138,211094896.543538,0.5733481125985473,,,73.53759905678878,6329327694.489906,523697732.61904925,88545631.33469719,612243363.9537464,40.33907119642544,8.220339672284187,24.978188188079148
hydrogen_central_nt150_tc15_A200_d3e1c7a1,hydrogen_central,150,15.0,200,2250.0,1.0,130.0,7.0,0.11633680565513049,0.5880160219717878,179133.71790059205,,4,,8325582.719677138,211094896.543538,0.5733481125985473,,,73.33666534513266,6308524638.489906,521976457.6614844,88594016.05469719,610570473.7161816,40.33907119642544,8.220339672284187,24.77725447642302
hydrogen_central_nt150_tc15_A200_653e2ed9,hydrogen_central,150,15.0,200,2250.0,1.0,130.0,8.0,0.11633680565513049,0.5880160219717878,179133.71790059205,,3,,8325582.719677138,211094896.543538,0.5733481125985473,,,72.98127449680187,6273065502.489906,519042517.4358903,88569120.37469718,607611637.8105875,40.33907119642544,8.220339672284187,24.42186362809225
hydrogen_central_nt150_tc15_A200_8cc5727e,hydrogen_central,150,15.0,200,2250.0,1.0,140.0,4.0,0.11633680565513049,0.5880160219717878,179133.71790059205,,12,,8317829.130317607,210898304.52123752,0.5733481125985473,,,75.34917896041526,6506311785.627395,538341652.4336348,88399943.26882184,626741595.7024566,40.37667386754331,8.247624234244848,26.724880858627113
hydrogen_central_nt150_tc15_A200_f51a0aee,hydrogen_central,150,15.0,200,2250.0,1.0,140.0,5.0,0.11633680565513049,0.5880160219717878,179133.71790059205,,7,,8317829.130317607,210898304.52123752,0.5733481125985473,,,74.13720572861023,6382732945.627395,528116560.3809618,88544049.06882185,616660609.4497836,40.37667386754331,8.247624234244848,25.512907626822084
hydrogen_central_nt150_tc15_A200_a33b3ad6,hydrogen_central,150,15.0,200,2250.0,1.0,140.0,6.0,0.11633680565513049,0.5880160219717878,179133.71790059205,,5,,8317829.130317607,210898304.52123752,0.5733481125985473,,,73.66868178539097,6334843353.627395,524154106.2378014,88609401.10882184,612763507.3466232,40.37667386754331,8.247624234244848,25.044383683602828
hydrogen_central_nt150_tc15_A200_fe5f8d04,hydrogen_central,150,15.0,200,2250.0,1.0,140.0,7.0,0.11633680565513049,0.5880160219717878,179133.71790059205,,3,,8317829.130317607,210898304.52123752,0.5733481125985473,,,72.87485085211658,6256114881.627395,517639998.53646433,88520558.74882184,606160557.2852862,40.37667386754331,8.247624234244848,24.250552750328428
hydrogen_central_nt150_tc15_A200_8434011a,hydrogen_central,150,15.0,200,2250.0,1.0,140.0,8.0,0.11633680565513049,0.5880160219717878,179133.71790059205,,2,,8317829.130317607,210898304.52123752,0.5733481125985473,,,72.43727201172248,6212895785.627395,514063987.9910238,88456863.26882184,602520851.2598456,40.37667386754331,8.247624234244848,23.81297390993434
hydrogen_central_nt150_tc15_A200_69bbaeb4,hydrogen_central,150,15.0,200,2250.0,1.0,150.0,4.0,0.11633680565513049,0.5880160219717878,179133.71790059205,,11,,8310467.778386912,210711657.66701096,0.5733481125985473,,,75.08366588554709,6472716970.456598,535561968.81130975,88418417.21369797,623980386.0250077,40.41243923166672,8.273406006753394,26.397820647126984
hydrogen_central_nt150_tc15_A200_a3905f41,hydrogen_central,150,15.0,200,2250.0,1.0,150.0,5.0,0.11633680565513049,0.5880160219717878,179133.71790059205,,6,,8310467.778386912,210711657.66701096,0.5733481125985473,,,73.81074668982342,6343467290.456598,524867663.250758,88534168.81369796,613401832.064456,40.41243923166672,8.273406006753394,25.124901451403307
hydrogen_central_nt150_tc15_A200_070ea52f,hydrogen_central,150,15.0,200,2250.0,1.0,150.0,6.0,0.11633680565513049,0.5880160219717878,179133.71790059205,,4,,8310467.778386912,210711657.66701096,0.5733481125985473,,,73.26740759476148,6288530858.456598,520322143.3685078,88564286.65369797,608886430.0222058,40.41243923166672,8.273406006753394,24.58156235634137
hydrogen_central_nt150_tc15_A200_4bc7c949,hydrogen_central,150,15.0,200,2250.0,1.0,150.0,7.0,0.11633680565513049,0.5880160219717878,179133.71790059205,,3,,8310467.778386912,210711657.66701096,0.5733481125985473,,,72.9957380472305,6261062642.456598,518049383.4273827,88579345.57369797,606628729.0010806,40.41243923166672,8.273406006753394,24.3098928088104
hydrogen_central_nt150_tc15_A200_f60e62d3,hydrogen_central,150,15.0,200,2250.0,1.0,150.0,8.0,0.11633680565513049,0.5880160219717878,179133.71790059205,,2,,8310467.778386912,210711657.66701096,0.5733481125985473,,,72.55321141583717,6217411626.456598,514437635.19611025,88513490.49369797,602951125.6898082,40.41243923166672,8.273406006753394,23.867366177417054
hydrogen_central_nt175_tc15_A200_ec8da789,hydrogen_central,175,15.0,200,2625.0,1.0,80.0,4.0,0.1285518050845479,0.5798877945896361,207417.98914805395,,43,,9636188.55125222,244325267.526679,0.5653835621829328,,,84.34522329867187,8575674651.280894,709563730.5150471,103202744.58842681,812766475.1034739,40.661372596671804,8.081097352881628,35.602753349118444
hydrogen_central_nt175_tc15_A200_5c3a75a9,hydrogen_central,175,15.0,200,2625.0,1.0,80.0,5.0,0.1285518050845479,0.5798877945896361,207417.98914805395,,24,,9636188.55125222,244325267.526679,0.5653835621829328,,,79.73899748245023,8036795227.280894,664976067.1602896,103403947.46842681,768380014.6287165,40.661372596671804,8.081097352881628,30.996527532896785
hydrogen_central_nt175_tc15_A200_c6872a81,hydrogen_central,175,15.0,200,2625.0,1.0,80.0,6.0,0.1285518050845479,0.5798877945896361,207417.98914805395,,15,,9636188.55125222,244325267.526679,0.5653835621829328,,,77.29217996501227,7752441643.280894,641448240.1317506,103353779.5484268,744802019.6801775,40.661372596671804,8.081097352881628,28.549710015458828
hydrogen_central_nt175_tc15_A200_1bf794b1,hydrogen_central,175,15.0,200,2625.0,1.0,80.0,7.0,0.1285518050845479,0.5798877945896361,207417.98914805395,,10,,9636188.55125222,244325267.526679,0.5653835621829328,,,75.76834341985632,7576401963.280894,626882462.2613392,103235581.1484268,730118043.409766,40.661372596671804,8.081097352881628,27.025873470302887
hydrogen_central_nt175_tc15_A200_c29175d7,hydrogen_central,175,15.0,200,2625.0,1.0,80.0,8.0,0.1285518050845479,0.5798877945896361,207417.98914805395,,7,,9636188.55125222,244325267.526679,0.5653835621829328,,,74.75534540481519,7459938875.280894,617246137.8263586,103110465.7084268,720356603.5347854,40.661372596671804,8.081097352881628,26.012875455261746
hydrogen_central_nt175_tc15_A200_05a8aaed,hydrogen_central,175,15.0,200,2625.0,1.0,90.0,4.0,0.1285518050845479,0.5798877945896361,207417.98914805395,,31,,9621426.376593757,243950973.03736708,0.5653835621829328,,,80.85972733567704,8157613612.295355,674972755.1728017,103013158.21886066,777985913.3916624,40.723759425883024,8.127205263600274,32.008762646193745
hydrogen_central_nt175_tc15_A200_84bdb575,hydrogen_central,175,15.0,200,2625.0,1.0,90.0,5.0,0.1285518050845479,0.5798877945896361,207417.98914805395,,17,,9621426.376593757,243950973.03736708,0.5653835621829328,,,77.47939987630303,7762621588.295355,642290543.5136565,103171798.09886065,745462341.6125171,40.723759425883024,8.127205263600274,28.628435186819736
hydrogen_central_nt175_tc15_A200_e7336caa,hydrogen_central,175,15.0,200,2625.0,1.0,90.0,6.0,0.1285518050845479,0.5798877945896361,207417.98914805395,,11,,9621426.376593757,243950973.03736708,0.5653835621829328,,,75.90976366481938,7580079132.295355,627186716.5468309,103173485.81886065,730360202.3656915,40.723759425883024,8.127205263600274,27.058798975336074
hydrogen_central_nt175_tc15_A200_e003ef0f,hydrogen_central,175,15.0,200,2625.0,1.0,90.0,7.0,0.1285518050845479,0.5798877945896361,207417.98914805395,,7,,9621426.376593757,243950973.03736708,0.5653835621829328,,,74.63408693363388,7433245108.295355,615037456.917396,103048915.69886065,718086372.6162566,40.723759425883024,8.127205263600274,25.783122244150583
hydrogen_central_nt175_tc15_A200_7a043955,hydrogen_central,175,15.0,200,2625.0,1.0,90.0,8.0,0.1285518050845479,0.5798877945896361,207417.98914805395,,5,,9621426.376593757,243950973.03736708,0.5653835621829328,,,73.96979634609539,7356927436.295355,608722822.2967302,102972127.33886065,711694949.6355908,40.723759425883024,8.127205263600274,25.1188316566121
hydrogen_central_nt175_tc15_A200_ed5f9f36,hydrogen_central,175,15.0,200,2625.0,1.0,100.0,4.0,0.1285518050845479,0.5798877945896361,207417.98914805395,,25,,9619129.878235674,243892745.39137107,0.5653835621829328,,,79.0610720872602,7947762491.16737,657609369.7348878,102889350.9850211,760498720.719909,40.733481931747946,8.134325293312532,30.19326486219972
hydrogen_central_nt175_tc15_A200_4203d2d8,hydrogen_central,175,15.0,200,2625.0,1.0,100.0,5.0,0.1285518050845479,0.5798877945896361,207417.98914805395,,14,,9619129.878235674,243892745.39137107,0.5653835621829328,,,76.48218482493922,7645931915.16737,632635471.0972948,103056598.10502109,735692069.2023159,40.733481931747946,8.134325293312532,27.614377599878743
hydrogen_central_nt175_tc15_A200_e375af5e,hydrogen_central,175,15.0,200,2625.0,1.0,100.0,6.0,0.1285518050845479,0.5798877945896361,207417.98914805395,,9,,9619129.878235674,243892745.39137107,0.5653835621829328,,,75.17665758259011,7494121835.16737,620074485.3935637,103059547.7050211,723134033.0985849,40.733481931747946,8.134325293312532,26.30885035752963
hydrogen_central_nt175_tc15_A200_c99d94de,hydrogen_central,175,15.0,200,2625.0,1.0,100.0,7.0,0.1285518050845479,0.5798877945896361,207417.98914805395,,6,,9619129.878235674,243892745.39137107,0.5653835621829328,,,74.2579846198666,7388196587.16737,611310077.0895028,102987121.4650211,714297198.554524,40.733481931747946,8.134325293312532,25.39017739480612
hydrogen_central_nt175_tc15_A200_18368012,hydrogen_central,175,15.0,200,2625.0,1.0,100.0,8.0,0.1285518050845479,0.5798877945896361,207417.98914805395,,4,,9619129.878235674,243892745.39137107,0.5653835621829328,,,73.5327387969559,7305213755.16737,604443957.4852768,102877007.3050211,707320964.790298,40.733481931747946,8.134325293312532,24.66493157189542
hydrogen_central_nt175_tc15_A200_b4c9c298,hydrogen_central,175,15.0,200,2625.0,1.0,110.0,4.0,0.1285518050845479,0.5798877945896361,207417.98914805395,,21,,9608339.528603246,243619156.40474766,0.5653835621829328,,,77.95736998077848,7809641975.704361,646181078.4111311,102859801.12113082,749040879.532262,40.779226413453785,8.167609540578994,29.0105340267457
hydrogen_central_nt175_tc15_A200_e08c1c08,hydrogen_central,175,15.0,200,2625.0,1.0,110.0,5.0,0.1285518050845479,0.5798877945896361,207417.98914805395,,12,,9608339.528603246,243619156.40474766,0.5653835621829328,,,75.91349523312033,7570190231.704361,626368494.6016934,103034142.40113083,729402637.0028242,40.779226413453785,8.167609540578994,26.96665927908754
hydrogen_central_nt175_tc15_A200_3d31754e,hydrogen_central,175,15.0,200,2625.0,1.0,110.0,6.0,0.1285518050845479,0.5798877945896361,207417.98914805395,,7,,9608339.528603246,243619156.40474766,0.5653835621829328,,,74.4982549474752,7406526311.704361,612826705.0226576,102977822.80113083,715804527.8237884,40.779226413453785,8.167609540578994,25.55141899344243
hydrogen_central_nt175_tc15_A200_32807c1d,hydrogen_central,175,15.0,200,2625.0,1.0,110.0,7.0,0.1285518050845479,0.5798877945896361,207417.98914805395,,5,,9608339.528603246,243619156.40474766,0.5653835621829328,,,73.9441483038482,7342373679.704361,607518623.4156345,102961859.64113082,710480483.0567653,40.779226413453785,8.167609540578994,24.997312349815406
hydrogen_central_nt175_tc15_A200_514cb5f7,hydrogen_central,175,15.0,200,2625.0,1.0,110.0,8.0,0.1285518050845479,0.5798877945896361,207417.98914805395,,4,,9608339.528603246,243619156.40474766,0.5653835621829328,,,73.69706865861225,7313579703.704361,605136168.1736007,102970289.76113082,708106457.9347315,40.779226413453785,8.167609540578994,24.75023270457946
hydrogen_central_nt175_tc15_A200_a84986db,hydrogen_central,175,15.0,200,2625.0,1.0,120.0,4.0,0.1285518050845479,0.5798877945896361,207417.98914805395,,18,,9598269.03018268,243363819.2236988,0.5653835621829328,,,77.14764483838178,7706365666.699297,637635847.1527936,102848003.0509789,740483850.2037725,40.822011954669314,8.198441679070198,28.12719120464227
hydrogen_central_nt175_tc15_A200_41656582,hydrogen_central,175,15.0,200,2625.0,1.0,120.0,5.0,0.1285518050845479,0.5798877945896361,207417.98914805395,,10,,9598269.03018268,243363819.2236988,0.5653835621829328,,,75.3201710134322,7492558098.699297,619945099.5753107,102998165.2109789,722943264.7862896,40.822011954669314,8.198441679070198,26.299717379692698
hydrogen_central_nt175_tc15_A200_b98e725d,hydrogen_central,175,15.0,200,2625.0,1.0,120.0,6.0,0.1285518050845479,0.5798877945896361,207417.98914805395,,6,,9598269.03018268,243363819.2236988,0.5653835621829328,,,74.21593610285949,7364815234.699297,609375470.151114,102969050.8909789,712344521.0420929,40.822011954669314,8.198441679070198,25.195482469119973
hydrogen_central_nt175_tc15_A200_f5ce52f1,hydrogen_central,175,15.0,200,2625.0,1.0,120.0,7.0,0.1285518050845479,0.5798877945896361,207417.98914805395,,4,,9598269.03018268,243363819.2236988,0.5653835621829328,,,73.60031931487381,7293997442.699297,603515903.5605305,102919761.93097891,706435665.4915094,40.822011954669314,8.198441679070198,24.5798656811343
hydrogen_central_nt175_tc15_A200_6c393144,hydrogen_central,175,15.0,200,2625.0,1.0,120.0,8.0,0.1285518050845479,0.5798877945896361,207417.98914805395,,3,,9598269.03018268,243363819.2236988,0.5653835621829328,,,73.29251092088097,7258588546.699297,600586120.2652389,102895117.4509789,703481237.7162178,40.822011954669314,8.198441679070198,24.272057287141465
hydrogen_central_nt175_tc15_A200_7af8272e,hydrogen_central,175,15.0,200,2625.0,1.0,130.0,4.0,0.1285518050845479,0.5798877945896361,207417.98914805395,,16,,9588807.504804563,243123922.53561267,0.5653835621829328,,,76.63559538362502,7638111913.958266,631988432.8809214,102855539.26874799,734843972.1496694,40.86229209397771,8.227227028605238,27.546076261042053
hydrogen_central_nt175_tc15_A200_6b22c453,hydrogen_central,175,15.0,200,2625.0,1.0,130.0,5.0,0.1285518050845479,0.5798877945896361,207417.98914805395,,9,,9588807.504804563,243123922.53561267,0.5653835621829328,,,75.07908318692603,7455850321.958266,616907845.0078944,103011031.30874799,719918876.3166424,40.86229209397771,8.227227028605238,25.98956406434308
hydrogen_central_nt175_tc15_A200_5944ffa9,hydrogen_central,175,15.0,200,2625.0,1.0,130.0,6.0,0.1285518050845479,0.5798877945896361,207417.98914805395,,6,,9588807.504804563,243123922.53561267,0.5653835621829328,,,74.3545312328632,7371457033.958266,609925022.233156,103046264.86874798,712971287.1019039,40.86229209397771,8.227227028605238,25.265012110280264
hydrogen_central_nt175_tc15_A200_8499f2fc,hydrogen_central,175,15.0,200,2625.0,1.0,130.0,7.0,0.1285518050845479,0.5798877945896361,207417.98914805395,,4,,9588807.504804563,243123922.53561267,0.5653835621829328,,,73.73738756737373,7300538761.958266,604057141.7819679,102996473.508748,707053615.2907159,40.86229209397771,8.227227028605238,24.647868444790777
hydrogen_central_nt175_tc15_A200_06139bf3,hydrogen_central,175,15.0,200,2625.0,1.0,130.0,8.0,0.1285518050845479,0.5798877945896361,207417.98914805395,,3,,9588807.504804563,243123922.53561267,0.5653835621829328,,,73.42881573462898,7265079625.958266,601123201.5563738,102971577.82874799,704094779.3851218,40.86229209397771,8.227227028605238,24.33929661204604
hydrogen_central_nt175_tc15_A200_07e6bcd1,hydrogen_central,175,15.0,200,2625.0,1.0,140.0,4.0,0.1285518050845479,0.5798877945896361,207417.98914805395,,14,,9579867.878459504,242897258.58163044,0.5653835621829328,,,76.11520495508437,7569543183.142138,626314956.8673103,102858650.14426412,729173607.0115744,40.90042347820527,8.254277629682372,26.960503847196723
hydrogen_central_nt175_tc15_A200_ef701998,hydrogen_central,175,15.0,200,2625.0,1.0,140.0,5.0,0.1285518050845479,0.5798877945896361,207417.98914805395,,8,,9579867.878459504,242897258.58163044,0.5653835621829328,,,74.824188371564,7418164687.142138,613789681.048285,103016157.66426411,716805838.7125491,40.90042347820527,8.254277629682372,25.669487263676352
hydrogen_central_nt175_tc15_A200_f9d09f4e,hydrogen_central,175,15.0,200,2625.0,1.0,140.0,6.0,0.1285518050845479,0.5798877945896361,207417.98914805395,,5,,9579867.878459504,242897258.58163044,0.5653835621829328,,,74.03745433470452,7327055999.142138,606251216.359684,103017814.22426412,709269030.5839481,40.90042347820527,8.254277629682372,24.882753226816863
hydrogen_central_nt175_tc15_A200_4becd425,hydrogen_central,175,15.0,200,2625.0,1.0,140.0,7.0,0.1285518050845479,0.5798877945896361,207417.98914805395,,4,,9579867.878459504,242897258.58163044,0.5653835621829328,,,73.8693601524842,7306966063.142138,604588945.9828758,103069764.54426411,707658710.5271399,40.90042347820527,8.254277629682372,24.71465904459657
hydrogen_central_nt175_tc15_A200_5f35a496,hydrogen_central,175,15.0,200,2625.0,1.0,140.0,8.0,0.1285518050845479,0.5798877945896361,207417.98914805395,,3,,9579867.878459504,242897258.58163044,0.5653835621829328,,,73.56004022516461,7271456687.142138,601650848.8269794,103044617.66426411,704695466.4912435,40.90042347820527,8.254277629682372,24.40533911727697
hydrogen_central_nt175_tc15_A200_4f4b0ac5,hydrogen_central,175,15.0,200,2625.0,1.0,150.0,4.0,0.1285518050845479,0.5798877945896361,207417.98914805395,,13,,9571380.48860644,242682061.070143,0.5653835621829328,,,75.89733482620656,7536235612.4541,623559040.2691605,102883229.423623,726442269.6927835,40.93669179285729,8.279839072534283,26.680803960814984
hydrogen_central_nt175_tc15_A200_f0e721d6,hydrogen_central,175,15.0,200,2625.0,1.0,150.0,5.0,0.1285518050845479,0.5798877945896361,207417.98914805395,,7,,9571380.48860644,242682061.070143,0.5653835621829328,,,74.55622682230295,7379517716.4541,610591974.7674836,103014039.943623,713606014.7111065,40.93669179285729,8.279839072534283,25.339695956911388
hydrogen_central_nt175_tc15_A200_7d012273,hydrogen_central,175,15.0,200,2625.0,1.0,150.0,6.0,0.1285518050845479,0.5798877945896361,207417.98914805395,,5,,9571380.48860644,242682061.070143,0.5653835621829328,,,74.15864040290333,7332672684.4541,606715949.0303072,103084614.783623,709800563.8139302,40.93669179285729,8.279839072534283,24.942109537511758
hydrogen_central_nt175_tc15_A200_6ec2da6a,hydrogen_central,175,15.0,200,2625.0,1.0,150.0,7.0,0.1285518050845479,0.5798877945896361,207417.98914805395,,3,,9571380.48860644,242682061.070143,0.5653835621829328,,,73.46435649209427,7253462052.4541,600161946.7128359,102993361.623623,703155308.3364589,40.93669179285729,8.279839072534283,24.247825626702692
hydrogen_central_nt175_tc15_A200_fef0b120,hydrogen_central,175,15.0,200,2625.0,1.0,150.0,8.0,0.1285518050845479,0.5798877945896361,207417.98914805395,,3,,9571380.48860644,242682061.070143,0.5653835621829328,,,73.68687961065135,7277736252.4541,602170429.148057,103114732.623623,705285161.77168,40.93669179285729,8.279839072534283,24.470348745259773
hydrogen_central_nt200_tc15_A200_da5aaa06,hydrogen_central,200,15.0,200,3000.0,1.0,80.0,4.0,0.14055492220723298,0.5719005600562623,235702.26039551586,,49,,10872416.453500187,275669788.3747512,0.5575574985161766,,,85.23158396362412,9777188033.214554,808978686.447553,117694589.3964366,926673275.8439896,41.18633921197472,8.105285900512525,35.93995885113688
hydrogen_central_nt200_tc15_A200_6f69cc8b,hydrogen_central,200,15.0,200,3000.0,1.0,80.0,5.0,0.14055492220723298,0.5719005600562623,235702.26039551586,,27,,10872416.453500187,275669788.3747512,0.5575574985161766,,,80.46996861442206,9148943721.214554,756996842.9396495,117906167.8364366,874903010.7760861,41.18633921197472,8.105285900512525,31.17834350193481
hydrogen_central_nt200_tc15_A200_6973f928,hydrogen_central,200,15.0,200,3000.0,1.0,80.0,6.0,0.14055492220723298,0.5719005600562623,235702.26039551586,,17,,10872416.453500187,275669788.3747512,0.5575574985161766,,,78.0749846421266,8834801841.214554,731004289.193395,117859458.4364366,848863747.6298316,41.18633921197472,8.105285900512525,28.783359529639345
hydrogen_central_nt200_tc15_A200_6d9aa056,hydrogen_central,200,15.0,200,3000.0,1.0,80.0,7.0,0.14055492220723298,0.5719005600562623,235702.26039551586,,11,,10872416.453500187,275669788.3747512,0.5575574985161766,,,76.41056177364506,8618134585.214554,713076926.8925344,117690522.15643659,830767449.0489709,41.18633921197472,8.105285900512525,27.118936661157814
hydrogen_central_nt200_tc15_A200_c2395cf7,hydrogen_central,200,15.0,200,3000.0,1.0,80.0,8.0,0.14055492220723298,0.5719005600562623,235702.26039551586,,8,,10872416.453500187,275669788.3747512,0.5575574985161766,,,75.55648183122119,8507091137.214554,703889031.3139207,117592504.9164366,821481536.2303573,41.18633921197472,8.105285900512525,26.264856718733945
hydrogen_central_nt200_tc15_A200_aaa23505,hydrogen_central,200,15.0,200,3000.0,1.0,90.0,4.0,0.14055492220723298,0.5719005600562623,235702.26039551586,,35,,10855742.573933957,275247022.6656683,0.5575574985161766,,,81.6226932308052,9289250819.761324,768606055.3119633,117468890.5928397,886074945.904803,41.24959937636396,8.151129435853234,32.221964418588
hydrogen_central_nt200_tc15_A200_f11d0bd5,hydrogen_central,200,15.0,200,3000.0,1.0,90.0,5.0,0.14055492220723298,0.5719005600562623,235702.26039551586,,20,,10855742.573933957,275247022.6656683,0.5575574985161766,,,78.49644679517863,8876404579.761324,734446559.9841228,117690659.3928397,852137219.3769624,41.24959937636396,8.151129435853234,29.09571798296144
hydrogen_central_nt200_tc15_A200_a9a6aa55,hydrogen_central,200,15.0,200,3000.0,1.0,90.0,6.0,0.14055492220723298,0.5719005600562623,235702.26039551586,,12,,10855742.573933957,275247022.6656683,0.5575574985161766,,,76.51652123217752,8617544451.761324,713028098.3966315,117615558.75283971,830643657.1494712,41.24959937636396,8.151129435853234,27.115792419960332
hydrogen_central_nt200_tc15_A200_11053d67,hydrogen_central,200,15.0,200,3000.0,1.0,90.0,7.0,0.14055492220723298,0.5719005600562623,235702.26039551586,,8,,10855742.573933957,275247022.6656683,0.5575574985161766,,,75.4327802114769,8476511747.761324,701358848.3790929,117519995.2328397,818878843.6119326,41.24959937636396,8.151129435853234,26.032051399259693
hydrogen_central_nt200_tc15_A200_186438b6,hydrogen_central,200,15.0,200,3000.0,1.0,90.0,8.0,0.14055492220723298,0.5719005600562623,235702.26039551586,,6,,10855742.573933957,275247022.6656683,0.5575574985161766,,,74.89090970112657,8405995395.761324,695524223.3703237,117472213.47283971,812996436.8431634,41.24959937636396,8.151129435853234,25.490180888909375
hydrogen_central_nt200_tc15_A200_50e93364,hydrogen_central,200,15.0,200,3000.0,1.0,100.0,4.0,0.14055492220723298,0.5719005600562623,235702.26039551586,,28,,10853148.67852677,275181254.5265408,0.5575574985161766,,,79.7617048009638,9044344280.443758,748342133.8443099,117323507.21331272,865665641.0576227,41.25945800352737,8.15820889035339,30.344037907083038
hydrogen_central_nt200_tc15_A200_a6ba3844,hydrogen_central,200,15.0,200,3000.0,1.0,100.0,5.0,0.14055492220723298,0.5719005600562623,235702.26039551586,,16,,10853148.67852677,275181254.5265408,0.5575574985161766,,,77.3046065811458,8719571288.443758,721469946.5068817,117528442.25331272,838998388.7601944,41.25945800352737,8.15820889035339,27.886939687265045
hydrogen_central_nt200_tc15_A200_16e680bd,hydrogen_central,200,15.0,200,3000.0,1.0,100.0,6.0,0.14055492220723298,0.5719005600562623,235702.26039551586,,10,,10853148.67852677,275181254.5265408,0.5575574985161766,,,75.87611351635509,8532452792.443758,705987491.3684638,117507249.77331272,823494741.1417764,41.25945800352737,8.15820889035339,26.458446622474334
hydrogen_central_nt200_tc15_A200_dd52742b,hydrogen_central,200,15.0,200,3000.0,1.0,100.0,7.0,0.14055492220723298,0.5719005600562623,235702.26039551586,,7,,10853148.67852677,275181254.5265408,0.5575574985161766,,,75.1118809952393,8432710544.443758,697734673.4318287,117465738.53331272,815200411.9651414,41.25945800352737,8.15820889035339,25.694214101358543
hydrogen_central_nt200_tc15_A200_ce032098,hydrogen_central,200,15.0,200,3000.0,1.0,100.0,8.0,0.14055492220723298,0.5719005600562623,235702.26039551586,,5,,10853148.67852677,275181254.5265408,0.5575574985161766,,,74.51908266662807,8355910712.443758,691380144.1950288,117386539.37331271,808766683.5683415,41.25945800352737,8.15820889035339,25.101415772747306
hydrogen_central_nt200_tc15_A200_5dc679a1,hydrogen_central,200,15.0,200,3000.0,1.0,110.0,4.0,0.14055492220723298,0.5719005600562623,235702.26039551586,,24,,10840960.976212498,274872235.70518506,0.5575574985161766,,,78.7982124595561,8906616827.164293,736946365.0544204,117301981.2149288,854248346.2693491,41.30584300508753,8.1913042926317,29.301065161836874
hydrogen_central_nt200_tc15_A200_e333b44a,hydrogen_central,200,15.0,200,3000.0,1.0,110.0,5.0,0.14055492220723298,0.5719005600562623,235702.26039551586,,13,,10840960.976212498,274872235.70518506,0.5575574985161766,,,76.49562255528159,8603012451.164293,711825699.6379594,117460359.33492881,829286058.9728882,41.30584300508753,8.1913042926317,26.998475257562355
hydrogen_central_nt200_tc15_A200_24327c09,hydrogen_central,200,15.0,200,3000.0,1.0,110.0,6.0,0.14055492220723298,0.5719005600562623,235702.26039551586,,8,,10840960.976212498,274872235.70518506,0.5575574985161766,,,75.29442695235915,8445913211.164293,698827081.1818792,117436863.13492881,816263944.316808,41.30584300508753,8.1913042926317,25.797279654639915
hydrogen_central_nt200_tc15_A200_ba390498,hydrogen_central,200,15.0,200,3000.0,1.0,110.0,7.0,0.14055492220723298,0.5719005600562623,235702.26039551586,,6,,10840960.976212498,274872235.70518506,0.5575574985161766,,,74.85645376395952,8388325259.164293,694062170.6978115,117453723.3749288,811515894.0727403,41.30584300508753,8.1913042926317,25.359306466240294
hydrogen_central_nt200_tc15_A200_f11a44e2,hydrogen_central,200,15.0,200,3000.0,1.0,110.0,8.0,0.14055492220723298,0.5719005600562623,235702.26039551586,,4,,10840960.976212498,274872235.70518506,0.5575574985161766,,,74.20595531171314,8304478587.164293,687124575.7219218,117339290.01492882,804463865.7368506,41.30584300508753,8.1913042926317,24.708808013993906
hydrogen_central_nt200_tc15_A200_ea0803db,hydrogen_central,200,15.0,200,3000.0,1.0,120.0,4.0,0.14055492220723298,0.5719005600562623,235702.26039551586,,20,,10829586.346002428,274583832.3022928,0.5575574985161766,,,77.8215573359846,8768305518.236845,725502287.2033185,117272987.54710534,842775274.7504238,41.349227736016935,8.221962666981732,28.250366932985926
hydrogen_central_nt200_tc15_A200_54942035,hydrogen_central,200,15.0,200,3000.0,1.0,120.0,5.0,0.14055492220723298,0.5719005600562623,235702.26039551586,,12,,10829586.346002428,274583832.3022928,0.5575574985161766,,,76.31442515761309,8568390670.236845,708961043.3828056,117492613.30710533,826453656.6899109,41.349227736016935,8.221962666981732,26.743234754614434
hydrogen_central_nt200_tc15_A200_64f208e7,hydrogen_central,200,15.0,200,3000.0,1.0,120.0,6.0,0.14055492220723298,0.5719005600562623,235702.26039551586,,7,,10829586.346002428,274583832.3022928,0.5575574985161766,,,75.06293030947502,8405238910.236845,695461630.6633172,117438854.50710534,812900485.1704226,41.349227736016935,8.221962666981732,25.49173990647636
hydrogen_central_nt200_tc15_A200_b1c58e0b,hydrogen_central,200,15.0,200,3000.0,1.0,120.0,7.0,0.14055492220723298,0.5719005600562623,235702.26039551586,,5,,10829586.346002428,274583832.3022928,0.5575574985161766,,,74.57358826973456,8341367478.236845,690176815.9512188,117424297.34710532,807601113.2983241,41.349227736016935,8.221962666981732,25.002397866735897
hydrogen_central_nt200_tc15_A200_48adc6aa,hydrogen_central,200,15.0,200,3000.0,1.0,120.0,8.0,0.14055492220723298,0.5719005600562623,235702.26039551586,,4,,10829586.346002428,274583832.3022928,0.5575574985161766,,,74.35705699865123,8312904942.236845,687821784.5344123,117434384.66710533,805256169.2015176,41.349227736016935,8.221962666981732,24.78586659565256
hydrogen_central_nt200_tc15_A200_ce97573b,hydrogen_central,200,15.0,200,3000.0,1.0,130.0,4.0,0.14055492220723298,0.5719005600562623,235702.26039551586,,18,,10818899.550979512,274312868.9396428,0.5575574985161766,,,77.38010471263955,8700359508.875868,719880336.0640476,117287244.06627604,837167580.1303236,41.39007206765052,8.250586744069203,27.739445900919822
hydrogen_central_nt200_tc15_A200_05f98a69,hydrogen_central,200,15.0,200,3000.0,1.0,130.0,5.0,0.14055492220723298,0.5719005600562623,235702.26039551586,,10,,10818899.550979512,274312868.9396428,0.5575574985161766,,,75.78650835624805,8489966820.875868,702472140.599441,117454480.62627603,819926621.2257171,41.39007206765052,8.250586744069203,26.145849544528332
hydrogen_central_nt200_tc15_A200_bcb8d3fa,hydrogen_central,200,15.0,200,3000.0,1.0,130.0,6.0,0.14055492220723298,0.5719005600562623,235702.26039551586,,7,,10818899.550979512,274312868.9396428,0.5575574985161766,,,75.20376735278316,8412901572.875868,696095650.4587173,117526354.38627604,813622004.8449934,41.39007206765052,8.250586744069203,25.563108541063436
hydrogen_central_nt200_tc15_A200_4a390160,hydrogen_central,200,15.0,200,3000.0,1.0,130.0,7.0,0.14055492220723298,0.5719005600562623,235702.26039551586,,5,,10818899.550979512,274312868.9396428,0.5575574985161766,,,74.71622248259385,8349311340.875868,690834102.6415439,117513203.22627604,808347305.8678199,41.39007206765052,8.250586744069203,25.075563670874118
hydrogen_central_nt200_tc15_A200_51ad3cea,hydrogen_central,200,15.0,200,3000.0,1.0,130.0,8.0,0.14055492220723298,0.5719005600562623,235702.26039551586,,3,,10818899.550979512,274312868.9396428,0.5575574985161766,,,73.99095552949402,8256408948.875868,683147224.2883118,117353491.26627603,800500715.5545878,41.39007206765052,8.250586744069203,24.350296717774295
hydrogen_central_nt200_tc15_A200_d521cf37,hydrogen_central,200,15.0,200,3000.0,1.0,140.0,4.0,0.14055492220723298,0.5719005600562623,235702.26039551586,,16,,10808802.241030723,274056851.95311165,0.5575574985161766,,,76.9306224926152,8632085095.816805,714231212.3275636,117296672.47450416,831527884.8020678,41.42873762717786,8.277486591362667,27.224398274074694
hydrogen_central_nt200_tc15_A200_bb251713,hydrogen_central,200,15.0,200,3000.0,1.0,140.0,5.0,0.14055492220723298,0.5719005600562623,235702.26039551586,,9,,10808802.241030723,274056851.95311165,0.5575574985161766,,,75.57482468832676,8452906943.816805,699405752.7421861,117467581.71450415,816873334.4566902,41.42873762717786,8.277486591362667,25.868600469786234
hydrogen_central_nt200_tc15_A200_face4feb,hydrogen_central,200,15.0,200,3000.0,1.0,140.0,6.0,0.14055492220723298,0.5719005600562623,235702.26039551586,,6,,10808802.241030723,274056851.95311165,0.5575574985161766,,,74.9401247478454,8369507975.816805,692505201.4431292,117507786.87450415,810012988.3176334,41.42873762717786,8.277486591362667,25.23390052930489
hydrogen_central_nt200_tc15_A200_3641d578,hydrogen_central,200,15.0,200,3000.0,1.0,140.0,7.0,0.14055492220723298,0.5719005600562623,235702.26039551586,,4,,10808802.241030723,274056851.95311165,0.5575574985161766,,,74.39182273068984,8298489223.816805,686629007.1313363,117457493.11450416,804086500.2458405,41.42873762717786,8.277486591362667,24.685598512149316
hydrogen_central_nt200_tc15_A200_ce54ddb1,hydrogen_central,200,15.0,200,3000.0,1.0,140.0,8.0,0.14055492220723298,0.5719005600562623,235702.26039551586,,3,,10808802.241030723,274056851.95311165,0.5575574985161766,,,74.11767172211204,8262979847.816805,683690909.9754399,117432346.23450416,801123256.209944,41.42873762717786,8.277486591362667,24.41144750357153
hydrogen_central_nt200_tc15_A200_ea1c07b4,hydrogen_central,200,15.0,200,3000.0,1.0,150.0,4.0,0.14055492220723298,0.5719005600562623,235702.26039551586,,15,,10799215.732300417,273813786.3159335,0.5575574985161766,,,76.74871430960887,8599060362.7515,711498698.1236134,117327224.88254493,828825923.0061584,41.46551408991307,8.302906259765379,26.98029395993041
hydrogen_central_nt200_tc15_A200_0ee67240,hydrogen_central,200,15.0,200,3000.0,1.0,150.0,5.0,0.14055492220723298,0.5719005600562623,235702.26039551586,,8,,10799215.732300417,273813786.3159335,0.5575574985161766,,,75.35102429424451,8414874250.751499,696258872.6808114,117473094.32254493,813731967.0033563,41.46551408991307,8.302906259765379,25.582603944566063
hydrogen_central_nt200_tc15_A200_d142b3f5,hydrogen_central,200,15.0,200,3000.0,1.0,150.0,6.0,0.14055492220723298,0.5719005600562623,235702.26039551586,,5,,10799215.732300417,273813786.3159335,0.5575574985161766,,,74.65809858612414,8324378202.751499,688771098.7123624,117477814.08254492,806248912.7949073,41.46551408991307,8.302906259765379,24.889678236445683
hydrogen_central_nt200_tc15_A200_b7edc989,hydrogen_central,200,15.0,200,3000.0,1.0,150.0,7.0,0.14055492220723298,0.5719005600562623,235702.26039551586,,4,,10799215.732300417,273813786.3159335,0.5575574985161766,,,74.51477800485061,8305001386.751499,687167832.916311,117533330.00254494,804701162.9188559,41.46551408991307,8.302906259765379,24.746357655172165
hydrogen_central_nt200_tc15_A200_3a7de5c3,hydrogen_central,200,15.0,200,3000.0,1.0,150.0,8.0,0.14055492220723298,0.5719005600562623,235702.26039551586,,3,,10799215.732300417,273813786.3159335,0.5575574985161766,,,74.23997544142719,8269441770.751499,684225578.8301122,117507931.92254493,801733510.7526572,41.46551408991307,8.302906259765379,24.471555091748737
hydrogen_central_nt225_tc15_A200_fd7119bb,hydrogen_central,225,15.0,200,3375.0,1.0,80.0,4.0,0.14836960105665986,0.5667004381099886,268700.5768508881,,55,,12129126.756182298,307533639.86263436,0.5524963617712213,,,85.80427300875724,10980039228.034786,908504334.9542444,132226568.59104355,1040730903.545288,41.53385657911468,8.105723635546404,36.16469279409615
hydrogen_central_nt225_tc15_A200_bf7877ce,hydrogen_central,225,15.0,200,3375.0,1.0,80.0,5.0,0.14836960105665986,0.5667004381099886,268700.5768508881,,30,,12129126.756182298,307533639.86263436,0.5524963617712213,,,80.927246752032,10262430028.034786,849128311.2931948,132448522.59104355,981576833.8842384,41.53385657911468,8.105723635546404,31.287666537370903
hydrogen_central_nt225_tc15_A200_636aa619,hydrogen_central,225,15.0,200,3375.0,1.0,80.0,6.0,0.14836960105665986,0.5667004381099886,268700.5768508881,,19,,12129126.756182298,307533639.86263436,0.5524963617712213,,,78.57748720900118,9918499852.034786,820671030.829225,132405271.71104355,953076302.5402685,41.53385657911468,8.105723635546404,28.93790699434009
hydrogen_central_nt225_tc15_A200_ba7e3895,hydrogen_central,225,15.0,200,3375.0,1.0,80.0,7.0,0.14836960105665986,0.5667004381099886,268700.5768508881,,13,,12129126.756182298,307533639.86263436,0.5524963617712213,,,77.1639275346093,9712671876.034786,803640526.2410982,132290531.83104354,935931058.0721416,41.53385657911468,8.105723635546404,27.524347319948216
hydrogen_central_nt225_tc15_A200_a1036686,hydrogen_central,225,15.0,200,3375.0,1.0,80.0,8.0,0.14836960105665986,0.5667004381099886,268700.5768508881,,9,,12129126.756182298,307533639.86263436,0.5524963617712213,,,76.07780134842571,9555581212.034786,790642617.3756684,132114678.51104355,922757295.886712,41.53385657911468,8.105723635546404,26.43822113376461
hydrogen_central_nt225_tc15_A200_13fedf62,hydrogen_central,225,15.0,200,3375.0,1.0,90.0,4.0,0.14836960105665986,0.5667004381099886,268700.5768508881,,39,,12110511.092684943,307061640.28105843,0.5524963617712213,,,82.1033900897308,10422218842.24376,862349469.0114111,131964547.41731277,994314016.4287238,41.59770031716231,8.151205885333123,32.35448388723537
hydrogen_central_nt225_tc15_A200_65a9db0d,hydrogen_central,225,15.0,200,3375.0,1.0,90.0,5.0,0.14836960105665986,0.5667004381099886,268700.5768508881,,22,,12110511.092684943,307061640.28105843,0.5524963617712213,,,78.89938816315195,9950458890.24376,823315367.8985941,132196547.65731278,955511915.5559069,41.59770031716231,8.151205885333123,29.150481960656535
hydrogen_central_nt225_tc15_A200_59cc9e46,hydrogen_central,225,15.0,200,3375.0,1.0,90.0,6.0,0.14836960105665986,0.5667004381099886,268700.5768508881,,14,,12110511.092684943,307061640.28105843,0.5524963617712213,,,77.20866432441439,9703201402.24376,802856925.5348958,132179460.21731277,935036385.7522086,41.59770031716231,8.151205885333123,27.459758121918945
hydrogen_central_nt225_tc15_A200_928cb6eb,hydrogen_central,225,15.0,200,3375.0,1.0,90.0,7.0,0.14836960105665986,0.5667004381099886,268700.5768508881,,9,,12110511.092684943,307061640.28105843,0.5524963617712213,,,75.95231494185117,9521109202.24376,787790353.4010761,132030999.21731277,919821352.6183889,41.59770031716231,8.151205885333123,26.20340873935574
hydrogen_central_nt225_tc15_A200_0aac4684,hydrogen_central,225,15.0,200,3375.0,1.0,90.0,8.0,0.14836960105665986,0.5667004381099886,268700.5768508881,,7,,12110511.092684943,307061640.28105843,0.5524963617712213,,,75.50861851023495,9456394170.24376,782435738.0042033,132012224.05731277,914447962.061516,41.59770031716231,8.151205885333123,25.75971230773953
hydrogen_central_nt225_tc15_A200_9f61bd98,hydrogen_central,225,15.0,200,3375.0,1.0,100.0,4.0,0.14836960105665986,0.5667004381099886,268700.5768508881,,31,,12107615.120943293,306988213.0056616,0.5524963617712213,,,80.19601453351736,10142255809.704166,839184922.5642779,131797555.64112498,970982478.2054029,41.6076499037186,8.158229768520503,30.43013486127825
hydrogen_central_nt225_tc15_A200_75ba1358,hydrogen_central,225,15.0,200,3375.0,1.0,100.0,5.0,0.14836960105665986,0.5667004381099886,268700.5768508881,,18,,12107615.120943293,306988213.0056616,0.5524963617712213,,,77.83982359151122,9794540401.704166,810414446.5270147,132040178.60112497,942454625.1281397,41.6076499037186,8.158229768520503,28.07394391927212
hydrogen_central_nt225_tc15_A200_cedf4816,hydrogen_central,225,15.0,200,3375.0,1.0,100.0,6.0,0.14836960105665986,0.5667004381099886,268700.5768508881,,11,,12107615.120943293,306988213.0056616,0.5524963617712213,,,76.3160504166279,9572113489.704166,792010521.9539098,131994844.04112498,924005365.9950347,41.6076499037186,8.158229768520503,26.550170744388804
hydrogen_central_nt225_tc15_A200_7dcb417a,hydrogen_central,225,15.0,200,3375.0,1.0,100.0,7.0,0.14836960105665986,0.5667004381099886,268700.5768508881,,8,,12107615.120943293,306988213.0056616,0.5524963617712213,,,75.67580675742866,9478554241.704166,784269294.3847008,131984247.80112499,916253542.1858258,41.6076499037186,8.158229768520503,25.909927085189548
hydrogen_central_nt225_tc15_A200_9252ac1a,hydrogen_central,225,15.0,200,3375.0,1.0,100.0,8.0,0.14836960105665986,0.5667004381099886,268700.5768508881,,5,,12107615.120943293,306988213.0056616,0.5524963617712213,,,74.76672136746397,9347896993.704166,773458524.6109358,131788161.56112498,905246686.1720607,41.6076499037186,8.158229768520503,25.00084169522487
hydrogen_central_nt225_tc15_A200_8dcc73c0,hydrogen_central,225,15.0,200,3375.0,1.0,110.0,4.0,0.14836960105665986,0.5667004381099886,268700.5768508881,,26,,12094008.07981125,306643206.891766,0.5524963617712213,,,79.10157984199301,9969557756.138756,824895635.7007357,131759510.03416264,956655145.7348983,41.654462920537455,8.191066118593467,29.256050802862095
hydrogen_central_nt225_tc15_A200_2ba70139,hydrogen_central,225,15.0,200,3375.0,1.0,110.0,5.0,0.14836960105665986,0.5667004381099886,268700.5768508881,,15,,12094008.07981125,306643206.891766,0.5524963617712213,,,77.13281166411352,9679082740.138756,800861312.5301857,131983534.95416266,932844847.4843483,41.654462920537455,8.191066118593467,27.2872826249826
hydrogen_central_nt225_tc15_A200_7394e2b6,hydrogen_central,225,15.0,200,3375.0,1.0,110.0,6.0,0.14836960105665986,0.5667004381099886,268700.5768508881,,9,,12094008.07981125,306643206.891766,0.5524963617712213,,,75.8121465714771,9486624844.138756,784937067.7091162,131935645.47416264,916872713.1832788,41.654462920537455,8.191066118593467,25.966617532346177
hydrogen_central_nt225_tc15_A200_66531167,hydrogen_central,225,15.0,200,3375.0,1.0,110.0,7.0,0.14836960105665986,0.5667004381099886,268700.5768508881,,6,,12094008.07981125,306643206.891766,0.5524963617712213,,,75.08037436853458,9380548876.138756,776160188.6141481,131862465.63416265,908022654.2483108,41.654462920537455,8.191066118593467,25.23484532940366
hydrogen_central_nt225_tc15_A200_a49f09cd,hydrogen_central,225,15.0,200,3375.0,1.0,110.0,8.0,0.14836960105665986,0.5667004381099886,268700.5768508881,,5,,12094008.07981125,306643206.891766,0.5524963617712213,,,74.93170317638615,9358319580.138756,774320904.4950699,131903719.15416265,906224623.6492325,41.654462920537455,8.191066118593467,25.08617413725523
hydrogen_central_nt225_tc15_A200_23695ea7,hydrogen_central,225,15.0,200,3375.0,1.0,120.0,4.0,0.14836960105665986,0.5667004381099886,268700.5768508881,,23,,12081308.798425877,306321216.9986277,0.5524963617712213,,,78.48238758472245,9866974388.76587,816407739.4358011,131762220.21297602,948169959.6487771,41.69824805627154,8.22148554677882,28.562653981672074
hydrogen_central_nt225_tc15_A200_c324f4a3,hydrogen_central,225,15.0,200,3375.0,1.0,120.0,5.0,0.14836960105665986,0.5667004381099886,268700.5768508881,,13,,12081308.798425877,306321216.9986277,0.5524963617712213,,,76.69276443268214,9603188108.76587,794581680.9031899,131967288.81297603,926548969.7161659,41.69824805627154,8.22148554677882,26.77303082963177
hydrogen_central_nt225_tc15_A200_060cd54e,hydrogen_central,225,15.0,200,3375.0,1.0,120.0,6.0,0.14836960105665986,0.5667004381099886,268700.5768508881,,8,,12081308.798425877,306321216.9986277,0.5524963617712213,,,75.62138317283967,9446982708.76587,781657020.0621866,131948261.81297603,913605281.8751626,41.69824805627154,8.22148554677882,25.701649569789314
hydrogen_central_nt225_tc15_A200_82619326,hydrogen_central,225,15.0,200,3375.0,1.0,120.0,7.0,0.14836960105665986,0.5667004381099886,268700.5768508881,,6,,12081308.798425877,306321216.9986277,0.5524963617712213,,,75.23318945377636,9390057636.76587,776946957.2285733,131968436.45297602,908915393.6815493,41.69824805627154,8.22148554677882,25.313455850725997
hydrogen_central_nt225_tc15_A200_e97b7167,hydrogen_central,225,15.0,200,3375.0,1.0,120.0,8.0,0.14836960105665986,0.5667004381099886,268700.5768508881,,4,,12081308.798425877,306321216.9986277,0.5524963617712213,,,74.64320181034469,9305347124.76587,769937886.8810197,131849683.89297602,901787570.7739958,41.69824805627154,8.22148554677882,24.723468207294324
hydrogen_central_nt225_tc15_A200_dffce319,hydrogen_central,225,15.0,200,3375.0,1.0,130.0,4.0,0.14836960105665986,0.5667004381099886,268700.5768508881,,20,,12069377.455199985,306018698.1541579,0.5524963617712213,,,77.85319014508137,9763922944.99721,807881113.8525264,131758424.09991626,939639537.9524426,41.73946941266084,8.249887375344656,27.86383335707587
hydrogen_central_nt225_tc15_A200_c3ad0cd1,hydrogen_central,225,15.0,200,3375.0,1.0,130.0,5.0,0.14836960105665986,0.5667004381099886,268700.5768508881,,11,,12069377.455199985,306018698.1541579,0.5524963617712213,,,76.23282305914191,9525399160.99721,788145310.7963406,131937405.17991626,920082715.9762568,41.73946941266084,8.249887375344656,26.243466271136406
hydrogen_central_nt225_tc15_A200_67e01a5e,hydrogen_central,225,15.0,200,3375.0,1.0,130.0,6.0,0.14836960105665986,0.5667004381099886,268700.5768508881,,7,,12069377.455199985,306018698.1541579,0.5524963617712213,,,75.41203299295134,9405546736.99721,778228547.7960081,131947743.05991626,910176290.8559244,41.73946941266084,8.249887375344656,25.422676204945844
hydrogen_central_nt225_tc15_A200_46fdbac2,hydrogen_central,225,15.0,200,3375.0,1.0,130.0,7.0,0.14836960105665986,0.5667004381099886,268700.5768508881,,5,,12069377.455199985,306018698.1541579,0.5524963617712213,,,74.9750014230338,9341956504.99721,772966999.9788346,131934591.89991626,904901591.8787509,41.73946941266084,8.249887375344656,24.985644635028297
hydrogen_central_nt225_tc15_A200_26c4585a,hydrogen_central,225,15.0,200,3375.0,1.0,130.0,8.0,0.14836960105665986,0.5667004381099886,268700.5768508881,,4,,12069377.455199985,306018698.1541579,0.5524963617712213,,,74.78312217489729,9313825408.99721,770639392.3872551,131946336.41991627,902585728.8071713,41.73946941266084,8.249887375344656,24.793765386891792
hydrogen_central_nt225_tc15_A200_fb22828f,hydrogen_central,225,15.0,200,3375.0,1.0,140.0,4.0,0.14836960105665986,0.5667004381099886,268700.5768508881,,18,,12058104.246497214,305732866.2904973,0.5524963617712213,,,77.46077176600011,9695938845.26312,802256011.0606637,131774049.90789361,934030060.9685574,41.77849194391558,8.2765790656334,27.405700756451118
hydrogen_central_nt225_tc15_A200_66afecf5,hydrogen_central,225,15.0,200,3375.0,1.0,140.0,5.0,0.14836960105665986,0.5667004381099886,268700.5768508881,,10,,12058104.246497214,305732866.2904973,0.5524963617712213,,,76.05579698344658,9488961037.26312,785130367.7089337,131958360.8678936,917088728.5768273,41.77849194391558,8.2765790656334,26.000725973897616
hydrogen_central_nt225_tc15_A200_ea20aabe,hydrogen_central,225,15.0,200,3375.0,1.0,140.0,6.0,0.14836960105665986,0.5667004381099886,268700.5768508881,,7,,12058104.246497214,305732866.2904973,0.5524963617712213,,,75.5429564885314,9413271789.26312,778867729.7994211,132037114.62789363,910904844.4273148,41.77849194391558,8.2765790656334,25.48788547898242
hydrogen_central_nt225_tc15_A200_625b7be6,hydrogen_central,225,15.0,200,3375.0,1.0,140.0,7.0,0.14836960105665986,0.5667004381099886,268700.5768508881,,5,,12058104.246497214,305732866.2904973,0.5524963617712213,,,75.10756250163882,9349962757.26312,773629448.8771724,132025369.46789362,905654818.345066,41.77849194391558,8.2765790656334,25.052491492089846
hydrogen_central_nt225_tc15_A200_6c0944f4,hydrogen_central,225,15.0,200,3375.0,1.0,140.0,8.0,0.14836960105665986,0.5667004381099886,268700.5768508881,,3,,12058104.246497214,305732866.2904973,0.5524963617712213,,,74.44776773806839,9255814845.26312,765839514.3967471,131859429.90789363,897698944.3046408,41.77849194391558,8.2765790656334,24.392696728519404
hydrogen_central_nt225_tc15_A200_91035329,hydrogen_central,225,15.0,200,3375.0,1.0,150.0,4.0,0.14836960105665986,0.5667004381099886,268700.5768508881,,17,,12047401.325204724,305461494.04677296,0.5524963617712213,,,77.30771349168883,9663193182.552866,799546587.5417333,131810462.42658597,931357049.9683192,41.81560799068154,8.301802629340294,27.190302871666997
hydrogen_central_nt225_tc15_A200_11b7aa3d,hydrogen_central,225,15.0,200,3375.0,1.0,150.0,5.0,0.14836960105665986,0.5667004381099886,268700.5768508881,,9,,12047401.325204724,305461494.04677296,0.5524963617712213,,,75.86743134655724,9451538854.552866,782034002.1578062,131971390.78658596,914005392.9443921,41.81560799068154,8.301802629340294,25.7500207265354
hydrogen_central_nt225_tc15_A200_e8a996c8,hydrogen_central,225,15.0,200,3375.0,1.0,150.0,6.0,0.14836960105665986,0.5667004381099886,268700.5768508881,,6,,12047401.325204724,305461494.04677296,0.5524963617712213,,,75.30522686107994,9369134206.552866,775215722.3344309,132016567.54658596,907232289.8810169,41.81560799068154,8.301802629340294,25.187816241058105
hydrogen_central_nt225_tc15_A200_6092a48c,hydrogen_central,225,15.0,200,3375.0,1.0,150.0,7.0,0.14836960105665986,0.5667004381099886,268700.5768508881,,4,,12047401.325204724,305461494.04677296,0.5524963617712213,,,74.81256423847931,9298014974.552866,769331214.1620333,131965771.38658597,901296985.5486193,41.81560799068154,8.301802629340294,24.695153618457482
hydrogen_central_nt225_tc15_A200_e998e44c,hydrogen_central,225,15.0,200,3375.0,1.0,150.0,8.0,0.14836960105665986,0.5667004381099886,268700.5768508881,,3,,12047401.325204724,305461494.04677296,0.5524963617712213,,,74.566232927179,9262455358.552866,766388960.0758345,131940373.30658597,898329333.3824205,41.81560799068154,8.301802629340294,24.44882230715717
hydrogen_central_nt250_tc15_A200_873a343e,hydrogen_central,250,15.0,200,3750.0,1.0,80.0,4.0,0.16021636737221745,0.5588172440981931,296984.84809835,,61,,13302834.739175616,337292970.06023365,0.5448017477540875,,,86.78774765282031,12180535771.192589,1007835156.1749674,146687908.2357777,1154523064.4107451,42.07703103205881,8.15268156518125,36.55803505558027
hydrogen_central_nt250_tc15_A200_12efcb5a,hydrogen_central,250,15.0,200,3750.0,1.0,80.0,5.0,0.16021636737221745,0.5588172440981931,296984.84809835,,34,,13302834.739175616,337292970.06023365,0.5448017477540875,,,82.04247695064076,11414189259.192589,944426536.7912208,146970975.67577773,1091397512.4669986,42.07703103205881,8.15268156518125,31.812764353400702
hydrogen_central_nt250_tc15_A200_b71627ee,hydrogen_central,250,15.0,200,3750.0,1.0,80.0,6.0,0.16021636737221745,0.5588172440981931,296984.84809835,,21,,13302834.739175616,337292970.06023365,0.5448017477540875,,,79.45850725349749,10999843211.192589,910142945.1790864,146880445.43577772,1057023390.6148641,42.07703103205881,8.15268156518125,29.22879465625745
hydrogen_central_nt250_tc15_A200_dd4013ed,hydrogen_central,250,15.0,200,3750.0,1.0,80.0,7.0,0.16021636737221745,0.5588172440981931,296984.84809835,,14,,13302834.739175616,337292970.06023365,0.5448017477540875,,,77.91315491456812,10753387659.192589,889750856.1605105,146714967.67577773,1036465823.8362882,42.07703103205881,8.15268156518125,27.683442317328076
hydrogen_central_nt250_tc15_A200_baa690ba,hydrogen_central,250,15.0,200,3750.0,1.0,80.0,8.0,0.16021636737221745,0.5588172440981931,296984.84809835,,10,,13302834.739175616,337292970.06023365,0.5448017477540875,,,76.95860384496281,10601716635.192589,877201376.1514477,146566212.55577773,1023767588.7072253,42.07703103205881,8.15268156518125,26.728891247722757
hydrogen_central_nt250_tc15_A200_f8d2ce8a,hydrogen_central,250,15.0,200,3750.0,1.0,90.0,4.0,0.16021636737221745,0.5588172440981931,296984.84809835,,44,,13282395.91465506,336774744.2863859,0.5448017477540875,,,83.20999436209279,11588083875.685808,958814829.0029575,146413260.17057425,1105228089.1735318,42.141778767266835,8.198096381953768,32.87011921287218
hydrogen_central_nt250_tc15_A200_872ae5f2,hydrogen_central,250,15.0,200,3750.0,1.0,90.0,5.0,0.16021636737221745,0.5588172440981931,296984.84809835,,24,,13282395.91465506,336774744.2863859,0.5448017477540875,,,79.7010130832895,11022152035.685808,911988809.6007795,146631600.97057426,1058620410.5713538,42.141778767266835,8.198096381953768,29.361137934068886
hydrogen_central_nt250_tc15_A200_bb2f41c3,hydrogen_central,250,15.0,200,3750.0,1.0,90.0,6.0,0.16021636737221745,0.5588172440981931,296984.84809835,,15,,13282395.91465506,336774744.2863859,0.5448017477540875,,,77.93802293162217,10739636371.685808,888613054.7326965,146590622.65057427,1035203677.3832707,42.141778767266835,8.198096381953768,27.598147782401576
hydrogen_central_nt250_tc15_A200_01cc040b,hydrogen_central,250,15.0,200,3750.0,1.0,90.0,7.0,0.16021636737221745,0.5588172440981931,296984.84809835,,10,,13282395.91465506,336774744.2863859,0.5448017477540875,,,76.83084189166406,10563345491.685808,874026492.2107733,146471168.25057423,1020497660.4613476,42.141778767266835,8.198096381953768,26.490966742443458
hydrogen_central_nt250_tc15_A200_da932f33,hydrogen_central,250,15.0,200,3750.0,1.0,90.0,8.0,0.16021636737221745,0.5588172440981931,296984.84809835,,7,,13282395.91465506,336774744.2863859,0.5448017477540875,,,76.08988802760344,10445968323.685808,864314535.4738265,146341482.41057426,1010656017.8844008,42.141778767266835,8.198096381953768,25.75001287838283
hydrogen_central_nt250_tc15_A200_437d87d4,hydrogen_central,250,15.0,200,3750.0,1.0,100.0,4.0,0.16021636737221745,0.5588172440981931,296984.84809835,,35,,13279216.32031761,336694125.7687021,0.5448017477540875,,,81.25318444011084,11273113589.320786,932753731.7152733,146224881.17962354,1078978612.8948967,42.1518692543789,8.205110067011049,30.8962051187209
hydrogen_central_nt250_tc15_A200_88e84b35,hydrogen_central,250,15.0,200,3750.0,1.0,100.0,5.0,0.16021636737221745,0.5588172440981931,296984.84809835,,20,,13279216.32031761,336694125.7687021,0.5448017477540875,,,78.74294102154533,10867147349.320786,899163497.5434881,146481049.97962356,1045644547.5231117,42.1518692543789,8.205110067011049,28.38596170015538
hydrogen_central_nt250_tc15_A200_d37f4169,hydrogen_central,250,15.0,200,3750.0,1.0,100.0,6.0,0.16021636737221745,0.5588172440981931,296984.84809835,,12,,13279216.32031761,336694125.7687021,0.5448017477540875,,,77.1317864073188,10609412021.320786,877838103.5356961,146411573.33962354,1024249676.8753197,42.1518692543789,8.205110067011049,26.77480708592885
hydrogen_central_nt250_tc15_A200_6cabbff5,hydrogen_central,250,15.0,200,3750.0,1.0,100.0,7.0,0.16021636737221745,0.5588172440981931,296984.84809835,,8,,13279216.32031761,336694125.7687021,0.5448017477540875,,,76.24450166290805,10468178357.320786,866152225.7969482,146315005.01962355,1012467230.8165717,42.1518692543789,8.205110067011049,25.887522341518107
hydrogen_central_nt250_tc15_A200_fbf61368,hydrogen_central,250,15.0,200,3750.0,1.0,100.0,8.0,0.16021636737221745,0.5588172440981931,296984.84809835,,6,,13279216.32031761,336694125.7687021,0.5448017477540875,,,75.80085929070269,10397561525.320786,860309286.9275743,146266720.85962355,1006576007.7871978,42.1518692543789,8.205110067011049,25.443879969312736
hydrogen_central_nt250_tc15_A200_1173e105,hydrogen_central,250,15.0,200,3750.0,1.0,110.0,4.0,0.16021636737221745,0.5588172440981931,296984.84809835,,29,,13264276.647284662,336315330.81350565,0.5448017477540875,,,80.0454599785155,11065490515.618992,915574698.1456124,146170427.36856976,1061745125.5141821,42.199345280485225,8.237899460794413,29.608215237235857
hydrogen_central_nt250_tc15_A200_a8814b4d,hydrogen_central,250,15.0,200,3750.0,1.0,110.0,5.0,0.16021636737221745,0.5588172440981931,296984.84809835,,16,,13264276.647284662,336315330.81350565,0.5448017477540875,,,77.84900827652712,10710862867.618992,886232293.3680393,146378489.12856975,1032610782.496609,42.199345280485225,8.237899460794413,27.41176353524748
hydrogen_central_nt250_tc15_A200_e6c00632,hydrogen_central,250,15.0,200,3750.0,1.0,110.0,6.0,0.16021636737221745,0.5588172440981931,296984.84809835,,10,,13264276.647284662,336315330.81350565,0.5448017477540875,,,76.6882861212586,10524969651.618992,870851219.6699252,146363423.04856974,1017214642.7184949,42.199345280485225,8.237899460794413,26.25104137997897
hydrogen_central_nt250_tc15_A200_b51326e9,hydrogen_central,250,15.0,200,3750.0,1.0,110.0,7.0,0.16021636737221745,0.5588172440981931,296984.84809835,,7,,13264276.647284662,336315330.81350565,0.5448017477540875,,,76.0645005480207,10425458363.618992,862617511.6979127,146323066.60856974,1008940578.3064824,42.199345280485225,8.237899460794413,25.62725580674107
hydrogen_central_nt250_tc15_A200_05948707,hydrogen_central,250,15.0,200,3750.0,1.0,110.0,8.0,0.16021636737221745,0.5588172440981931,296984.84809835,,5,,13264276.647284662,336315330.81350565,0.5448017477540875,,,75.57626933985603,10348176371.618992,856223087.8449785,146241456.64856976,1002464544.4935482,42.199345280485225,8.237899460794413,25.139024598576402
hydrogen_central_nt250_tc15_A200_c49d7399,hydrogen_central,250,15.0,200,3750.0,1.0,120.0,4.0,0.16021636737221745,0.5588172440981931,296984.84809835,,25,,13250333.637205552,335961806.21717936,0.5448017477540875,,,79.26916577270458,10927863246.483624,904187218.7367818,146155674.89450872,1050342893.6312906,42.24375064511133,8.26827639814106,28.757138729452198
hydrogen_central_nt250_tc15_A200_2d8c3e05,hydrogen_central,250,15.0,200,3750.0,1.0,120.0,5.0,0.16021636737221745,0.5588172440981931,296984.84809835,,14,,13250333.637205552,335961806.21717936,0.5448017477540875,,,77.460461578108,10635614430.483624,880006128.787364,146370830.81450874,1026376959.6018727,42.24375064511133,8.26827639814106,26.948434534855622
hydrogen_central_nt250_tc15_A200_45fab7b6,hydrogen_central,250,15.0,200,3750.0,1.0,120.0,6.0,0.16021636737221745,0.5588172440981931,296984.84809835,,9,,13250333.637205552,335961806.21717936,0.5448017477540875,,,76.52960168429483,10486355390.483624,867656219.8248458,146386535.61450872,1014042755.4393545,42.24375064511133,8.26827639814106,26.017574641042447
hydrogen_central_nt250_tc15_A200_b548bf6c,hydrogen_central,250,15.0,200,3750.0,1.0,120.0,7.0,0.16021636737221745,0.5588172440981931,296984.84809835,,6,,13250333.637205552,335961806.21717936,0.5448017477540875,,,75.86069148410274,10380128702.483624,858866869.9389707,146312602.17450872,1005179472.1134794,42.24375064511133,8.26827639814106,25.348664440850364
hydrogen_central_nt250_tc15_A200_f7b94f6e,hydrogen_central,250,15.0,200,3750.0,1.0,120.0,8.0,0.16021636737221745,0.5588172440981931,296984.84809835,,5,,13250333.637205552,335961806.21717936,0.5448017477540875,,,75.7297166372922,10358612526.483624,857086590.4006491,146357421.29450873,1003444011.6951578,42.24375064511133,8.26827639814106,25.217689594039822
hydrogen_central_nt250_tc15_A200_0ac5d7f9,hydrogen_central,250,15.0,200,3750.0,1.0,130.0,4.0,0.16021636737221745,0.5588172440981931,296984.84809835,,22,,13237233.774795434,335629659.6043467,0.5448017477540875,,,78.7055468722317,10825111278.965824,895685372.2518758,146158351.0689747,1041843723.3208505,42.28555600494353,8.296639380797032,28.123351486491135
hydrogen_central_nt250_tc15_A200_49cfe55f,hydrogen_central,250,15.0,200,3750.0,1.0,130.0,5.0,0.16021636737221745,0.5588172440981931,296984.84809835,,13,,13237233.774795434,335629659.6043467,0.5448017477540875,,,77.3252829425468,10601243574.965824,877162234.4637191,146410612.5489747,1023572847.0126939,42.28555600494353,8.296639380797032,26.743087556806245
hydrogen_central_nt250_tc15_A200_c318b35f,hydrogen_central,250,15.0,200,3750.0,1.0,130.0,6.0,0.16021636737221745,0.5588172440981931,296984.84809835,,8,,13237233.774795434,335629659.6043467,0.5448017477540875,,,76.35338343205974,10445932014.965824,864311531.2377926,146396054.74897468,1010707585.9867673,42.28555600494353,8.296639380797032,25.771188046319185
hydrogen_central_nt250_tc15_A200_69065cfd,hydrogen_central,250,15.0,200,3750.0,1.0,130.0,7.0,0.16021636737221745,0.5588172440981931,296984.84809835,,6,,13237233.774795434,335629659.6043467,0.5448017477540875,,,76.00348206883248,10389669822.965824,859656316.0546337,146419543.7889747,1006075859.8436084,42.28555600494353,8.296639380797032,25.421286683091914
hydrogen_central_nt250_tc15_A200_4ca52081,hydrogen_central,250,15.0,200,3750.0,1.0,130.0,8.0,0.16021636737221745,0.5588172440981931,296984.84809835,,4,,13237233.774795434,335629659.6043467,0.5448017477540875,,,75.45928850076741,10304095470.965824,852575770.3354163,146296472.0289747,998872242.3643911,42.28555600494353,8.296639380797032,24.87709311502685
hydrogen_central_nt250_tc15_A200_05f2aad3,hydrogen_central,250,15.0,200,3750.0,1.0,140.0,4.0,0.16021636737221745,0.5588172440981931,296984.84809835,,20,,13224856.502586339,335315834.24407554,0.5448017477540875,,,78.3572997007621,10757413765.368385,890083982.0116786,146180062.4610516,1036264044.4727302,42.32513146930367,8.323295255738937,27.70887297571949
hydrogen_central_nt250_tc15_A200_1724597d,hydrogen_central,250,15.0,200,3750.0,1.0,140.0,5.0,0.16021636737221745,0.5588172440981931,296984.84809835,,11,,13224856.502586339,335315834.24407554,0.5448017477540875,,,76.90336222822151,10522636301.368385,870658154.8935964,146377775.1410516,1017035930.034648,42.32513146930367,8.323295255738937,26.25493550317892
hydrogen_central_nt250_tc15_A200_76f16992,hydrogen_central,250,15.0,200,3750.0,1.0,140.0,6.0,0.16021636737221745,0.5588172440981931,296984.84809835,,7,,13224856.502586339,335315834.24407554,0.5448017477540875,,,76.16054961826752,10403727957.368385,860819506.4386431,146392833.42105162,1007212339.8596947,42.32513146930367,8.323295255738937,25.512122893224927
hydrogen_central_nt250_tc15_A200_13f259f0,hydrogen_central,250,15.0,200,3750.0,1.0,140.0,7.0,0.16021636737221745,0.5588172440981931,296984.84809835,,5,,13224856.502586339,335315834.24407554,0.5448017477540875,,,75.76356791330747,10340418925.368385,855581225.5163944,146381088.2610516,1001962313.777446,42.32513146930367,8.323295255738937,25.115141188264875
hydrogen_central_nt250_tc15_A200_7f934fd8,hydrogen_central,250,15.0,200,3750.0,1.0,140.0,8.0,0.16021636737221745,0.5588172440981931,296984.84809835,,4,,13224856.502586339,335315834.24407554,0.5448017477540875,,,75.5906524608105,10312619269.368385,853281041.7500422,146394489.9810516,999675531.7310938,42.32513146930367,8.323295255738937,24.942225735767895
hydrogen_central_nt250_tc15_A200_f04032c8,hydrogen_central,250,15.0,200,3750.0,1.0,150.0,4.0,0.16021636737221745,0.5588172440981931,296984.84809835,,18,,13213105.369988482,335017884.6345964,0.5448017477540875,,,78.00224912467453,10689384050.569382,884455104.963335,146196831.81708145,1030651936.7804165,42.36277350864192,8.348485562704473,27.290990053328144
hydrogen_central_nt250_tc15_A200_c8d5fca2,hydrogen_central,250,15.0,200,3750.0,1.0,150.0,5.0,0.16021636737221745,0.5588172440981931,296984.84809835,,10,,13213105.369988482,335017884.6345964,0.5448017477540875,,,76.74276428648862,10485821122.569382,867612013.7244817,146398217.17708147,1014010230.9015632,42.36277350864192,8.348485562704473,26.031505215142236
hydrogen_central_nt250_tc15_A200_a466d599,hydrogen_central,250,15.0,200,3750.0,1.0,150.0,6.0,0.16021636737221745,0.5588172440981931,296984.84809835,,7,,13213105.369988482,335017884.6345964,0.5448017477540875,,,76.28389018017346,10411507874.569382,861463228.0461801,146483850.93708146,1007947078.9832616,42.36277350864192,8.348485562704473,25.572631108827068
hydrogen_central_nt250_tc15_A200_5884f6e3,hydrogen_central,250,15.0,200,3750.0,1.0,150.0,7.0,0.16021636737221745,0.5588172440981931,296984.84809835,,5,,13213105.369988482,335017884.6345964,0.5448017477540875,,,75.88842272259967,10348480042.569382,856248214.0188563,146473511.77708146,1002721725.7959378,42.36277350864192,8.348485562704473,25.177163651253284
hydrogen_central_nt250_tc15_A200_4fa39802,hydrogen_central,250,15.0,200,3750.0,1.0,150.0,8.0,0.16021636737221745,0.5588172440981931,296984.84809835,,3,,13213105.369988482,335017884.6345964,0.5448017477540875,,,75.27803193695307,10253086610.569382,848355223.4112376,146301344.61708146,994656568.0283191,42.36277350864192,8.348485562704473,24.566772865606676
hydrogen_decentral_nt50_tc15_A200_a12f1dd7,hydrogen_decentral,50,15.0,200,750.0,1.0,80.0,4.0,0.053754099213902395,0.6296604339166372,,141421.35623730952,14,,3257277.702791763,82588177.04847269,0.6294538462718697,0.7992558988062667,0.7988911604575499,66.40421842299995,2360848823.2655582,195340048.02387863,20956932.01667313,216296980.04055175,34.36880985952745,10.392814490340736,21.642594073131775
hydrogen_decentral_nt50_tc15_A200_f8b01210,hydrogen_decentral,50,15.0,200,750.0,1.0,80.0,5.0,0.053754099213902395,0.6296604339166372,,141421.35623730952,8,,3257277.702791763,82588177.04847269,0.6294538462718697,0.7992558988062667,0.7988911604575499,62.16246922804601,2192958327.2655582,181448545.43032023,21031879.53667313,202480424.96699336,34.36880985952745,10.392814490340736,17.400844878177825
hydrogen_decentral_nt50_tc15_A200_e1d7f31d,hydrogen_decentral,50,15.0,200,750.0,1.0,80.0,6.0,0.053754099213902395,0.6296604339166372,,141421.35623730952,5,,3257277.702791763,82588177.04847269,0.6294538462718697,0.7992558988062667,0.7988911604575499,59.7496164206919,2098173799.2655582,173605936.4208072,21015156.896673128,194621093.31748033,34.36880985952745,10.392814490340736,14.98799207082373
hydrogen_decentral_nt50_tc15_A200_303f5246,hydrogen_decentral,50,15.0,200,750.0,1.0,80.0,7.0,0.053754099213902395,0.6296604339166372,,141421.35623730952,3,,3257277.702791763,82588177.04847269,0.6294538462718697,0.7992558988062667,0.7988911604575499,57.800406637599195,2022338287.265558,167331196.41627574,20940779.33667313,188271975.75294888,34.36880985952745,10.392814490340736,13.03878228773101
hydrogen_decentral_nt50_tc15_A200_5154aefa,hydrogen_decentral,50,15.0,200,750.0,1.0,80.0,8.0,0.053754099213902395,0.6296604339166372,,141421.35623730952,3,,3257277.702791763,82588177.04847269,0.6294538462718697,0.7992558988062667,0.7988911604575499,58.23837395241489,2038597207.265558,168676482.98537648,21022073.93667313,189698556.9220496,34.36880985952745,10.392814490340736,13.4767496025467
hydrogen_decentral_nt50_tc15_A200_4d1dd19e,hydrogen_decentral,50,15.0,200,750.0,1.0,90.0,4.0,0.053754099213902395,0.6296604339166372,,141421.35623730952,10,,3252288.2221236583,82461668.91794266,0.6294538462718697,0.7992558988062667,0.7988911604575499,62.97961469213003,2222594836.4289675,183900713.08552518,20927146.01157541,204827859.0971006,34.421536586271216,10.480701386371885,18.077376719486928
hydrogen_decentral_nt50_tc15_A200_223839bd,hydrogen_decentral,50,15.0,200,750.0,1.0,90.0,5.0,0.053754099213902395,0.6296604339166372,,141421.35623730952,6,,3252288.2221236583,82461668.91794266,0.6294538462718697,0.7992558988062667,0.7988911604575499,60.30128003319504,2116370052.4289675,175111520.73936534,21005622.091575406,196117142.83094075,34.421536586271216,10.480701386371885,15.399042060551938
hydrogen_decentral_nt50_tc15_A200_460c7805,hydrogen_decentral,50,15.0,200,750.0,1.0,90.0,6.0,0.053754099213902395,0.6296604339166372,,141421.35623730952,4,,3252288.2221236583,82461668.91794266,0.6294538462718697,0.7992558988062667,0.7988911604575499,58.805602524699175,2057456340.4289675,170236914.95438898,21015853.531575408,191252768.4859644,34.421536586271216,10.480701386371885,13.90336455205607
hydrogen_decentral_nt50_tc15_A200_e28bdd06,hydrogen_decentral,50,15.0,200,750.0,1.0,90.0,7.0,0.053754099213902395,0.6296604339166372,,141421.35623730952,3,,3252288.2221236583,82461668.91794266,0.6294538462718697,0.7992558988062667,0.7988911604575499,58.05776377045124,2027999484.4289675,167799612.0619008,21020969.251575407,188820581.3134762,34.421536586271216,10.480701386371885,13.155525797808137
hydrogen_decentral_nt50_tc15_A200_8b685863,hydrogen_decentral,50,15.0,200,750.0,1.0,90.0,8.0,0.053754099213902395,0.6296604339166372,,141421.35623730952,2,,3252288.2221236583,82461668.91794266,0.6294538462718697,0.7992558988062667,0.7988911604575499,56.99690465814655,1986939988.4289675,164402289.9456197,20968071.771575406,185370361.7171951,34.421536586271216,10.480701386371885,12.094666685503451
hydrogen_decentral_nt50_tc15_A200_54c7f54d,hydrogen_decentral,50,15.0,200,750.0,1.0,100.0,4.0,0.053754099213902395,0.6296604339166372,,141421.35623730952,8,,3251512.026581533,82441988.50358857,0.6294538462718697,0.7992558988062667,0.7988911604575499,61.20741987699143,2152799226.6211357,178125723.32872275,20890938.51734046,199016661.8460632,34.429753638225186,10.494258017455238,16.28340822131101
hydrogen_decentral_nt50_tc15_A200_08c6e89d,hydrogen_decentral,50,15.0,200,750.0,1.0,100.0,5.0,0.053754099213902395,0.6296604339166372,,141421.35623730952,5,,3251512.026581533,82441988.50358857,0.6294538462718697,0.7992558988062667,0.7988911604575499,59.323893795321105,2077788978.6211357,171919266.8617917,20973087.277340457,192892354.13913214,34.429753638225186,10.494258017455238,14.399882139640694
hydrogen_decentral_nt50_tc15_A200_9179aa45,hydrogen_decentral,50,15.0,200,750.0,1.0,100.0,6.0,0.053754099213902395,0.6296604339166372,,141421.35623730952,3,,3251512.026581533,82441988.50358857,0.6294538462718697,0.7992558988062667,0.7988911604575499,57.67889982998389,2013355146.6211357,166587918.3598437,20955718.117340457,187543636.47718415,34.429753638225186,10.494258017455238,12.754888174303474
hydrogen_decentral_nt50_tc15_A200_708d0899,hydrogen_decentral,50,15.0,200,750.0,1.0,100.0,7.0,0.053754099213902395,0.6296604339166372,,141421.35623730952,2,,3251512.026581533,82441988.50358857,0.6294538462718697,0.7992558988062667,0.7988911604575499,56.772979294981646,1978046730.6211357,163666448.9251567,20931576.03734046,184598024.96249717,34.429753638225186,10.494258017455238,11.848967639301224
hydrogen_decentral_nt50_tc15_A200_36a5674f,hydrogen_decentral,50,15.0,200,750.0,1.0,100.0,8.0,0.053754099213902395,0.6296604339166372,,141421.35623730952,2,,3251512.026581533,82441988.50358857,0.6294538462718697,0.7992558988062667,0.7988911604575499,57.10667350431621,1990412730.6211357,164689629.66000867,20993406.03734046,185683035.69734913,34.429753638225186,10.494258017455238,12.182661848635796
hydrogen_decentral_nt50_tc15_A200_1d8c42a6,hydrogen_decentral,50,15.0,200,750.0,1.0,110.0,4.0,0.053754099213902395,0.6296604339166372,,141421.35623730952,7,,3247864.986620368,82349517.91633794,0.6294538462718697,0.7992558988062667,0.7988911604575499,60.430252773561364,2119327258.438827,175356204.24399713,20913097.871871192,196269302.11586833,34.46841493969213,10.557582032331252,15.404255801537976
hydrogen_decentral_nt50_tc15_A200_c4ef1b8f,hydrogen_decentral,50,15.0,200,750.0,1.0,110.0,5.0,0.053754099213902395,0.6296604339166372,,141421.35623730952,4,,3247864.986620368,82349517.91633794,0.6294538462718697,0.7992558988062667,0.7988911604575499,58.414750014021585,2039510010.4388266,168752009.64085117,20971211.63187119,189723221.27272236,34.46841493969213,10.557582032331252,13.388753041998212
hydrogen_decentral_nt50_tc15_A200_0dc3fe03,hydrogen_decentral,50,15.0,200,750.0,1.0,110.0,6.0,0.053754099213902395,0.6296604339166372,,141421.35623730952,3,,3247864.986620368,82349517.91633794,0.6294538462718697,0.7992558988062667,0.7988911604575499,57.86114615225848,2017280714.438827,166912725.52177292,21012465.15187119,187925190.67364413,34.46841493969213,10.557582032331252,12.83514918023508
hydrogen_decentral_nt50_tc15_A200_f48d0219,hydrogen_decentral,50,15.0,200,750.0,1.0,110.0,7.0,0.053754099213902395,0.6296604339166372,,141421.35623730952,2,,3247864.986620368,82349517.91633794,0.6294538462718697,0.7992558988062667,0.7988911604575499,56.952851116244965,1981922058.438827,163987099.15678355,20988071.871871192,184975171.02865475,34.46841493969213,10.557582032331252,11.926854144221576
hydrogen_decentral_nt50_tc15_A200_a19a16ce,hydrogen_decentral,50,15.0,200,750.0,1.0,110.0,8.0,0.053754099213902395,0.6296604339166372,,141421.35623730952,2,,3247864.986620368,82349517.91633794,0.6294538462718697,0.7992558988062667,0.7988911604575499,57.307542290495334,1995051418.438827,165073441.4026946,21053718.671871193,186127160.0745658,34.46841493969213,10.557582032331252,12.281545318471954
hydrogen_decentral_nt50_tc15_A200_329ae728,hydrogen_decentral,50,15.0,200,750.0,1.0,120.0,4.0,0.053754099213902395,0.6296604339166372,,141421.35623730952,6,,3244461.249816672,82263216.27324219,0.6294538462718697,0.7992558988062667,0.7988911604575499,59.640067325468245,2085637384.4874687,172568655.3206087,20931232.053330444,193499887.37393916,34.50457546172084,10.61617152905533,14.519320334692074
hydrogen_decentral_nt50_tc15_A200_2c4a58d4,hydrogen_decentral,50,15.0,200,750.0,1.0,120.0,5.0,0.053754099213902395,0.6296604339166372,,141421.35623730952,3,,3244461.249816672,82263216.27324219,0.6294538462718697,0.7992558988062667,0.7988911604575499,57.471808329982494,2000249776.4874687,165503561.0701888,20961494.013330445,186465055.08351922,34.50457546172084,10.61617152905533,12.35106133920633
hydrogen_decentral_nt50_tc15_A200_78ac6a1a,hydrogen_decentral,50,15.0,200,750.0,1.0,120.0,6.0,0.053754099213902395,0.6296604339166372,,141421.35623730952,2,,3244461.249816672,82263216.27324219,0.6294538462718697,0.7992558988062667,0.7988911604575499,56.749055331487256,1971787240.4874687,163148529.65338215,20971581.333330445,184120110.9867126,34.50457546172084,10.61617152905533,11.628308340711081
hydrogen_decentral_nt50_tc15_A200_329257e3,hydrogen_decentral,50,15.0,200,750.0,1.0,120.0,7.0,0.053754099213902395,0.6296604339166372,,141421.35623730952,2,,3244461.249816672,82263216.27324219,0.6294538462718697,0.7992558988062667,0.7988911604575499,57.124762502296896,1985679960.4874687,164298033.4103523,21041044.933330446,185339078.34368274,34.50457546172084,10.61617152905533,12.004015511520727
hydrogen_decentral_nt50_tc15_A200_e61a207b,hydrogen_decentral,50,15.0,200,750.0,1.0,120.0,8.0,0.053754099213902395,0.6296604339166372,,141421.35623730952,1,,3244461.249816672,82263216.27324219,0.6294538462718697,0.7992558988062667,0.7988911604575499,55.83844874758717,1936378344.4874687,160218746.35809043,20946936.853330445,181165683.21142086,34.50457546172084,10.61617152905533,10.717701756811014
hydrogen_decentral_nt50_tc15_A200_ae1d4330,hydrogen_decentral,50,15.0,200,750.0,1.0,130.0,4.0,0.053754099213902395,0.6296604339166372,,141421.35623730952,5,,3241263.340358404,82182133.37622729,0.6294538462718697,0.7992558988062667,0.7988911604575499,58.83837406770722,2051749537.55785,169764725.8265121,20945939.045441885,190710664.871954,34.538618517355545,10.670815091931814,13.62894045841986
hydrogen_decentral_nt50_tc15_A200_74e97c60,hydrogen_decentral,50,15.0,200,750.0,1.0,130.0,5.0,0.053754099213902395,0.6296604339166372,,141421.35623730952,3,,3241263.340358404,82182133.37622729,0.6294538462718697,0.7992558988062667,0.7988911604575499,57.607757209311735,2002815385.55785,165715843.2773678,21006068.285441887,186721911.56280968,34.538618517355545,10.670815091931814,12.398323600024375
hydrogen_decentral_nt50_tc15_A200_8c7dacc9,hydrogen_decentral,50,15.0,200,750.0,1.0,130.0,6.0,0.053754099213902395,0.6296604339166372,,141421.35623730952,2,,3241263.340358404,82182133.37622729,0.6294538462718697,0.7992558988062667,0.7988911604575499,56.893263251741665,1974684289.55785,163388235.68578833,21017812.805441886,184406048.49123022,34.538618517355545,10.670815091931814,11.68382964245431
hydrogen_decentral_nt50_tc15_A200_60b6de81,hydrogen_decentral,50,15.0,200,750.0,1.0,130.0,7.0,0.053754099213902395,0.6296604339166372,,141421.35623730952,2,,3241263.340358404,82182133.37622729,0.6294538462718697,0.7992558988062667,0.7988911604575499,57.290005365230975,1989340369.55785,164600900.95381755,21091093.205441885,185691994.15925944,34.538618517355545,10.670815091931814,12.08057175594362
hydrogen_decentral_nt50_tc15_A200_9df9fd98,hydrogen_decentral,50,15.0,200,750.0,1.0,130.0,8.0,0.053754099213902395,0.6296604339166372,,141421.35623730952,1,,3241263.340358404,82182133.37622729,0.6294538462718697,0.7992558988062667,0.7988911604575499,55.98039823742693,1939225153.55785,160454295.46019426,20992917.125441886,181447212.58563614,34.538618517355545,10.670815091931814,10.770964628139582
hydrogen_decentral_nt50_tc15_A200_83a539e0,hydrogen_decentral,50,15.0,200,750.0,1.0,140.0,4.0,0.053754099213902395,0.6296604339166372,,141421.35623730952,5,,3238241.8280229433,82105523.02289411,0.6294538462718697,0.7992558988062667,0.7988911604575499,58.941427693931,2053188331.3120034,169883773.70381075,20982822.858066488,190866596.56187725,34.57084553048251,10.722118560500308,13.648463602948187
hydrogen_decentral_nt50_tc15_A200_6766cc7b,hydrogen_decentral,50,15.0,200,750.0,1.0,140.0,5.0,0.053754099213902395,0.6296604339166372,,141421.35623730952,3,,3238241.8280229433,82105523.02289411,0.6294538462718697,0.7992558988062667,0.7988911604575499,57.737965349199406,2005298739.3120034,165921319.56065035,21048174.89806649,186969494.45871684,34.57084553048251,10.722118560500308,12.445001258216596
hydrogen_decentral_nt50_tc15_A200_742585ed,hydrogen_decentral,50,15.0,200,750.0,1.0,140.0,6.0,0.053754099213902395,0.6296604339166372,,141421.35623730952,2,,3238241.8280229433,82105523.02289411,0.6294538462718697,0.7992558988062667,0.7988911604575499,57.03178521571987,1977499083.3120036,163621135.7942981,21061576.61806649,184682712.4123646,34.57084553048251,10.722118560500308,11.738821124737056
hydrogen_decentral_nt50_tc15_A200_fdda59d1,hydrogen_decentral,50,15.0,200,750.0,1.0,140.0,7.0,0.053754099213902395,0.6296604339166372,,141421.35623730952,1,,3238241.8280229433,82105523.02289411,0.6294538462718697,0.7992558988062667,0.7988911604575499,55.90780923778535,1934279987.3120036,160045125.24885753,20997881.13806649,181043006.38692403,34.57084553048251,10.722118560500308,10.61484514680253
hydrogen_decentral_nt50_tc15_A200_3ae1de81,hydrogen_decentral,50,15.0,200,750.0,1.0,140.0,8.0,0.053754099213902395,0.6296604339166372,,141421.35623730952,1,,3238241.8280229433,82105523.02289411,0.6294538462718697,0.7992558988062667,0.7988911604575499,56.116707160012844,1941989707.3120036,160683038.6384017,21036429.73806649,181719468.37646818,34.57084553048251,10.722118560500308,10.823743069030021
hydrogen_decentral_nt50_tc15_A200_aeda8637,hydrogen_decentral,50,15.0,200,750.0,1.0,150.0,4.0,0.053754099213902395,0.6296604339166372,,141421.35623730952,4,,3235373.1675054873,82032788.22275577,0.6294538462718697,0.7992558988062667,0.7988911604575499,58.122181457503714,2018997173.2552094,167054747.80812982,20992198.51636267,188046946.32449248,34.60149795123706,10.770557917373953,12.7501255888927
hydrogen_decentral_nt50_tc15_A200_7e8674ab,hydrogen_decentral,50,15.0,200,750.0,1.0,150.0,5.0,0.053754099213902395,0.6296604339166372,,141421.35623730952,3,,3235373.1675054873,82032788.22275577,0.6294538462718697,0.7992558988062667,0.7988911604575499,57.863231813180725,2007711757.2552094,166120976.15715212,21088171.43636267,187209147.5935148,34.60149795123706,10.770557917373953,12.491175944569706
hydrogen_decentral_nt50_tc15_A200_4e580600,hydrogen_decentral,50,15.0,200,750.0,1.0,150.0,6.0,0.053754099213902395,0.6296604339166372,,141421.35623730952,2,,3235373.1675054873,82032788.22275577,0.6294538462718697,0.7992558988062667,0.7988911604575499,57.165414002301794,1980243541.2552094,163848216.21602702,21103230.35636267,184951446.5723897,34.60149795123706,10.770557917373953,11.793358133690782
hydrogen_decentral_nt50_tc15_A200_4fdc010d,hydrogen_decentral,50,15.0,200,750.0,1.0,150.0,7.0,0.053754099213902395,0.6296604339166372,,141421.35623730952,1,,3235373.1675054873,82032788.22275577,0.6294538462718697,0.7992558988062667,0.7988911604575499,56.02872802486694,1936592525.2552094,160236467.98475453,21037375.276362672,181273843.26111722,34.60149795123706,10.770557917373953,10.656672156255928
hydrogen_decentral_nt50_tc15_A200_8c4f2dc9,hydrogen_decentral,50,15.0,200,750.0,1.0,150.0,8.0,0.053754099213902395,0.6296604339166372,,141421.35623730952,1,,3235373.1675054873,82032788.22275577,0.6294538462718697,0.7992558988062667,0.7988911604575499,56.248162108144896,1944683925.2552094,160905962.1298282,21077832.276362672,181983794.40619087,34.60149795123706,10.770557917373953,10.876106239533893
hydrogen_decentral_nt75_tc15_A200_ac56e5d9,hydrogen_decentral,75,15.0,200,1125.0,1.0,80.0,4.0,0.07215531677959253,0.6174157112421385,,155563.49186104047,20,,4795466.746692712,121588913.4556976,0.6171550684915333,0.800551187651186,0.8001372015386486,64.49549617903621,3358908112.895812,277920917.9405637,31365089.29745138,309286007.23801506,35.01705796546378,10.588838802391315,18.889599411181127
hydrogen_decentral_nt75_tc15_A200_047a7637,hydrogen_decentral,75,15.0,200,1125.0,1.0,80.0,5.0,0.07215531677959253,0.6174157112421385,,155563.49186104047,11,,4795466.746692712,121588913.4556976,0.6171550684915333,0.800551187651186,0.8001372015386486,60.07457934516894,3101652728.895812,256635235.19385916,31450412.37745138,288085647.5713105,35.01705796546378,10.588838802391315,14.468682577313857
hydrogen_decentral_nt75_tc15_A200_d433e0aa,hydrogen_decentral,75,15.0,200,1125.0,1.0,80.0,6.0,0.07215531677959253,0.6174157112421385,,155563.49186104047,7,,4795466.746692712,121588913.4556976,0.6171550684915333,0.800551187651186,0.8001372015386486,57.92242181965879,2977079904.8958116,246327899.46663073,31437148.25745138,277765047.7240821,35.01705796546378,10.588838802391315,12.316525051803705
hydrogen_decentral_nt75_tc15_A200_3dfce798,hydrogen_decentral,75,15.0,200,1125.0,1.0,80.0,7.0,0.07215531677959253,0.6174157112421385,,155563.49186104047,5,,4795466.746692712,121588913.4556976,0.6171550684915333,0.800551187651186,0.8001372015386486,56.79676216295895,2912083672.895812,240950017.17483312,31416967.09745138,272366984.2722845,35.01705796546378,10.588838802391315,11.190865395103861
hydrogen_decentral_nt75_tc15_A200_035e1ae4,hydrogen_decentral,75,15.0,200,1125.0,1.0,80.0,8.0,0.07215531677959253,0.6174157112421385,,155563.49186104047,4,,4795466.746692712,121588913.4556976,0.6171550684915333,0.800551187651186,0.8001372015386486,56.283513228553794,2882295376.8958116,238485290.4571177,31420425.61745138,269905716.0745691,35.01705796546378,10.588838802391315,10.67761646069871
hydrogen_decentral_nt75_tc15_A200_be4a84e1,hydrogen_decentral,75,15.0,200,1125.0,1.0,90.0,4.0,0.07215531677959253,0.6174157112421385,,155563.49186104047,14,,4788113.365595492,121402468.70171125,0.6171550684915333,0.800551187651186,0.8001372015386486,61.00062705098684,3151476892.6409264,260757758.60273117,31320159.089804802,292077917.692536,35.07083567548495,10.678400575292079,15.251390800209803
hydrogen_decentral_nt75_tc15_A200_5868e300,hydrogen_decentral,75,15.0,200,1125.0,1.0,90.0,5.0,0.07215531677959253,0.6174157112421385,,155563.49186104047,8,,4788113.365595492,121402468.70171125,0.6171550684915333,0.800551187651186,0.8001372015386486,58.165462222042166,2986338396.6409264,247093960.47159496,31408866.6098048,278502827.08139974,35.07083567548495,10.678400575292079,12.416225971265133
hydrogen_decentral_nt75_tc15_A200_2282e878,hydrogen_decentral,75,15.0,200,1125.0,1.0,90.0,6.0,0.07215531677959253,0.6174157112421385,,155563.49186104047,5,,4788113.365595492,121402468.70171125,0.6171550684915333,0.800551187651186,0.8001372015386486,56.5352631993024,2892166508.6409264,239302042.18223393,31395207.169804804,270697249.35203874,35.07083567548495,10.678400575292079,10.786026948525363
hydrogen_decentral_nt75_tc15_A200_f7e39103,hydrogen_decentral,75,15.0,200,1125.0,1.0,90.0,7.0,0.07215531677959253,0.6174157112421385,,155563.49186104047,4,,4788113.365595492,121402468.70171125,0.6171550684915333,0.800551187651186,0.8001372015386486,56.13360793056742,2868510972.640926,237344748.90164217,31429329.489804804,268774078.39144695,35.07083567548495,10.678400575292079,10.384371679790396
hydrogen_decentral_nt75_tc15_A200_f72a8af6,hydrogen_decentral,75,15.0,200,1125.0,1.0,90.0,8.0,0.07215531677959253,0.6174157112421385,,155563.49186104047,3,,4788113.365595492,121402468.70171125,0.6171550684915333,0.800551187651186,0.8001372015386486,55.51933605356503,2833252796.6409264,234427436.39725757,31405438.6098048,265832875.00706238,35.07083567548495,10.678400575292079,9.770099802787993
hydrogen_decentral_nt75_tc15_A200_960e946d,hydrogen_decentral,75,15.0,200,1125.0,1.0,100.0,4.0,0.07215531677959253,0.6174157112421385,,155563.49186104047,12,,4786969.426575206,121373464.16265737,0.6171550684915333,0.800551187651186,0.8001372015386486,59.80868054241927,3082041653.9291787,255012586.47191212,31289738.728452373,286302325.2003645,35.07921653064155,10.692215610686844,14.03724840109087
hydrogen_decentral_nt75_tc15_A200_65e18578,hydrogen_decentral,75,15.0,200,1125.0,1.0,100.0,5.0,0.07215531677959253,0.6174157112421385,,155563.49186104047,7,,4786969.426575206,121373464.16265737,0.6171550684915333,0.800551187651186,0.8001372015386486,57.52529014916304,2948780573.929178,243986371.87045902,31385433.328452375,275371805.19891137,35.07921653064155,10.692215610686844,11.753858007834653
hydrogen_decentral_nt75_tc15_A200_5c190064,hydrogen_decentral,75,15.0,200,1125.0,1.0,100.0,6.0,0.07215531677959253,0.6174157112421385,,155563.49186104047,4,,4786969.426575206,121373464.16265737,0.6171550684915333,0.800551187651186,0.8001372015386486,55.792601168408666,2849038325.929178,235733553.93382403,31343922.088452373,267077476.0222764,35.07921653064155,10.692215610686844,10.02116902708027
hydrogen_decentral_nt75_tc15_A200_d57205ad,hydrogen_decentral,75,15.0,200,1125.0,1.0,100.0,7.0,0.07215531677959253,0.6174157112421385,,155563.49186104047,3,,4786969.426575206,121373464.16265737,0.6171550684915333,0.800551187651186,0.8001372015386486,55.29059124665736,2819912909.9291787,233323674.86656308,31350695.008452374,264674369.87501547,35.07921653064155,10.692215610686844,9.519159105328946
hydrogen_decentral_nt75_tc15_A200_63405a34,hydrogen_decentral,75,15.0,200,1125.0,1.0,100.0,8.0,0.07215531677959253,0.6174157112421385,,155563.49186104047,2,,4786969.426575206,121373464.16265737,0.6171550684915333,0.800551187651186,0.8001372015386486,54.56192210940561,2778421493.929178,229890615.06445006,31295637.928452373,261186252.99290243,35.07921653064155,10.692215610686844,8.790489968077212
hydrogen_decentral_nt75_tc15_A200_46f9a65f,hydrogen_decentral,75,15.0,200,1125.0,1.0,110.0,4.0,0.07215531677959253,0.6174157112421385,,155563.49186104047,10,,4781594.503513039,121237183.15195332,0.6171550684915333,0.800551187651186,0.8001372015386486,58.70557939957946,3014154373.6557145,249395494.66232896,31310781.12024847,280706275.78257746,35.1186485840695,10.756746834446668,12.830183981063298
hydrogen_decentral_nt75_tc15_A200_a88024ef,hydrogen_decentral,75,15.0,200,1125.0,1.0,110.0,5.0,0.07215531677959253,0.6174157112421385,,155563.49186104047,6,,4781594.503513039,121237183.15195332,0.6171550684915333,0.800551187651186,0.8001372015386486,56.960531500579705,2912107829.655715,240952015.94010478,31410148.40024847,272362164.34035325,35.1186485840695,10.756746834446668,11.085136082063537
hydrogen_decentral_nt75_tc15_A200_c7665501,hydrogen_decentral,75,15.0,200,1125.0,1.0,110.0,6.0,0.07215531677959253,0.6174157112421385,,155563.49186104047,4,,4781594.503513039,121237183.15195332,0.6171550684915333,0.800551187651186,0.8001372015386486,55.96754678793222,2854519877.6557145,236187105.45603707,31427008.64024847,267614114.09628555,35.1186485840695,10.756746834446668,10.092151369416062
hydrogen_decentral_nt75_tc15_A200_f2e56177,hydrogen_decentral,75,15.0,200,1125.0,1.0,110.0,7.0,0.07215531677959253,0.6174157112421385,,155563.49186104047,3,,4781594.503513039,121237183.15195332,0.6171550684915333,0.800551187651186,0.8001372015386486,55.47105443160849,2825725901.655715,233804650.2140033,31435438.76024847,265240088.97425178,35.1186485840695,10.756746834446668,9.595659013092323
hydrogen_decentral_nt75_tc15_A200_5d5ecf91,hydrogen_decentral,75,15.0,200,1125.0,1.0,110.0,8.0,0.07215531677959253,0.6174157112421385,,155563.49186104047,2,,4781594.503513039,121237183.15195332,0.6171550684915333,0.800551187651186,0.8001372015386486,54.73364054898956,2783802565.655715,230335852.72605842,31378222.08024847,261714074.8063069,35.1186485840695,10.756746834446668,8.858245130473394
hydrogen_decentral_nt75_tc15_A200_ef6d7db2,hydrogen_decentral,75,15.0,200,1125.0,1.0,120.0,4.0,0.07215531677959253,0.6174157112421385,,155563.49186104047,9,,4776578.155011639,121109993.78832756,0.6171550684915333,0.800551187651186,0.8001372015386486,58.2063465664158,2981298890.728678,246676984.4597411,31350179.032437358,278027163.49217844,35.15553008678522,10.816453545710832,12.234362933919748
hydrogen_decentral_nt75_tc15_A200_e5a56fdc,hydrogen_decentral,75,15.0,200,1125.0,1.0,120.0,5.0,0.07215531677959253,0.6174157112421385,,155563.49186104047,5,,4776578.155011639,121109993.78832756,0.6171550684915333,0.800551187651186,0.8001372015386486,56.37024289049465,2874395106.7286777,237831610.67099956,31425260.11243736,269256870.7834369,35.15553008678522,10.816453545710832,10.398259257998609
hydrogen_decentral_nt75_tc15_A200_56029986,hydrogen_decentral,75,15.0,200,1125.0,1.0,120.0,6.0,0.07215531677959253,0.6174157112421385,,155563.49186104047,3,,4776578.155011639,121109993.78832756,0.6171550684915333,0.800551187651186,0.8001372015386486,55.260793468728544,2810523674.728678,232546795.95890126,31410702.95243736,263957498.91133863,35.15553008678522,10.816453545710832,9.288809836232485
hydrogen_decentral_nt75_tc15_A200_b8dc1046,hydrogen_decentral,75,15.0,200,1125.0,1.0,120.0,7.0,0.07215531677959253,0.6174157112421385,,155563.49186104047,2,,4776578.155011639,121109993.78832756,0.6171550684915333,0.800551187651186,0.8001372015386486,54.64226956324362,2775114778.7286777,229617012.6636095,31386058.47243736,261003071.13604686,35.15553008678522,10.816453545710832,8.670285930747575
hydrogen_decentral_nt75_tc15_A200_61458c50,hydrogen_decentral,75,15.0,200,1125.0,1.0,120.0,8.0,0.07215531677959253,0.6174157112421385,,155563.49186104047,2,,4776578.155011639,121109993.78832756,0.6171550684915333,0.800551187651186,0.8001372015386486,54.89746634165102,2789007498.7286777,230766516.42057964,31455522.072437357,262222038.493017,35.15553008678522,10.816453545710832,8.925482709154979
hydrogen_decentral_nt75_tc15_A200_01acb06c,hydrogen_decentral,75,15.0,200,1125.0,1.0,130.0,4.0,0.07215531677959253,0.6174157112421385,,155563.49186104047,8,,4771865.150086824,120990495.6918566,0.6171550684915333,0.800551187651186,0.8001372015386486,57.697093072084854,2948196688.3342495,243938060.33139315,31384687.360604517,275322747.69199765,35.190251978796454,10.872139304458072,11.63470178883034
hydrogen_decentral_nt75_tc15_A200_db45c172,hydrogen_decentral,75,15.0,200,1125.0,1.0,130.0,5.0,0.07215531677959253,0.6174157112421385,,155563.49186104047,4,,4771865.150086824,120990495.6918566,0.6171550684915333,0.800551187651186,0.8001372015386486,55.75582859897851,2835672304.3342495,234627629.9650753,31431665.440604515,266059295.40567982,35.190251978796454,10.872139304458072,9.693437315723992
hydrogen_decentral_nt75_tc15_A200_18a1e145,hydrogen_decentral,75,15.0,200,1125.0,1.0,130.0,6.0,0.07215531677959253,0.6174157112421385,,155563.49186104047,3,,4771865.150086824,120990495.6918566,0.6171550684915333,0.800551187651186,0.8001372015386486,55.40525493753832,2814869248.33425,232906355.0075105,31480050.160604518,264386405.16811502,35.190251978796454,10.872139304458072,9.342863654283791
hydrogen_decentral_nt75_tc15_A200_08b12772,hydrogen_decentral,75,15.0,200,1125.0,1.0,130.0,7.0,0.07215531677959253,0.6174157112421385,,155563.49186104047,2,,4771865.150086824,120990495.6918566,0.6171550684915333,0.800551187651186,0.8001372015386486,54.785196362425346,2779410112.3342495,229972414.7819164,31455154.48060452,261427569.26252094,35.190251978796454,10.872139304458072,8.722805079170822
hydrogen_decentral_nt75_tc15_A200_98c604ca,hydrogen_decentral,75,15.0,200,1125.0,1.0,130.0,8.0,0.07215531677959253,0.6174157112421385,,155563.49186104047,2,,4771865.150086824,120990495.6918566,0.6171550684915333,0.800551187651186,0.8001372015386486,55.0546812760981,2794066192.3342495,231185080.04994562,31528434.880604517,262713514.93055013,35.190251978796454,10.872139304458072,8.992289992843588
hydrogen_decentral_nt75_tc15_A200_0725cb3d,hydrogen_decentral,75,15.0,200,1125.0,1.0,140.0,4.0,0.07215531677959253,0.6174157112421385,,155563.49186104047,7,,4767412.115157835,120877589.12671995,0.6171550684915333,0.800551187651186,0.8001372015386486,57.17894712509293,2914870622.9654794,241180613.45659587,31414991.79954142,272595605.2561373,35.22312168198894,10.924421458312633,11.03140398479136
hydrogen_decentral_nt75_tc15_A200_f1705e75,hydrogen_decentral,75,15.0,200,1125.0,1.0,140.0,5.0,0.07215531677959253,0.6174157112421385,,155563.49186104047,4,,4767412.115157835,120877589.12671995,0.6171550684915333,0.800551187651186,0.8001372015386486,55.881831625081674,2839181374.9654794,234917975.5470832,31493745.559541423,266411721.10662463,35.22312168198894,10.924421458312633,9.734288484780105
hydrogen_decentral_nt75_tc15_A200_bcc34613,hydrogen_decentral,75,15.0,200,1125.0,1.0,140.0,6.0,0.07215531677959253,0.6174157112421385,,155563.49186104047,3,,4767412.115157835,120877589.12671995,0.6171550684915333,0.800551187651186,0.8001372015386486,55.54405506666581,2819091438.96548,233255705.17027512,31545695.879541423,264801401.04981655,35.22312168198894,10.924421458312633,9.396511926364242
hydrogen_decentral_nt75_tc15_A200_31061495,hydrogen_decentral,75,15.0,200,1125.0,1.0,140.0,7.0,0.07215531677959253,0.6174157112421385,,155563.49186104047,2,,4767412.115157835,120877589.12671995,0.6171550684915333,0.800551187651186,0.8001372015386486,54.9224926834863,2783582062.96548,230317608.0143787,31520548.99954142,261838157.01392013,35.22312168198894,10.924421458312633,8.77494954318472
hydrogen_decentral_nt75_tc15_A200_dc356ade,hydrogen_decentral,75,15.0,200,1125.0,1.0,140.0,8.0,0.07215531677959253,0.6174157112421385,,155563.49186104047,2,,4767412.115157835,120877589.12671995,0.6171550684915333,0.800551187651186,0.8001372015386486,55.206278508249945,2799001502.96548,231593434.793467,31597646.199541423,263191080.9930084,35.22312168198894,10.924421458312633,9.058735367948374
hydrogen_decentral_nt75_tc15_A200_d279ed40,hydrogen_decentral,75,15.0,200,1125.0,1.0,150.0,4.0,0.07215531677959253,0.6174157112421385,,155563.49186104047,6,,4763184.3496995475,120770394.26215892,0.6171550684915333,0.800551187651186,0.8001372015386486,56.652804532965405,2881338573.880289,238406123.1910227,31441628.726985693,269847751.9180084,35.254385451401845,10.97378503326253,10.424634048301028
hydrogen_decentral_nt75_tc15_A200_4baeb227,hydrogen_decentral,75,15.0,200,1125.0,1.0,150.0,5.0,0.07215531677959253,0.6174157112421385,,155563.49186104047,4,,4763184.3496995475,120770394.26215892,0.6171550684915333,0.800551187651186,0.8001372015386486,56.0029242165972,2842584941.8802886,235199591.59891987,31552660.566985693,266752252.16590557,35.254385451401845,10.97378503326253,9.774753731932828
hydrogen_decentral_nt75_tc15_A200_513ae8bb,hydrogen_decentral,75,15.0,200,1125.0,1.0,150.0,6.0,0.07215531677959253,0.6174157112421385,,155563.49186104047,2,,4763184.3496995475,120770394.26215892,0.6171550684915333,0.800551187651186,0.8001372015386486,54.75684514498371,2771465709.880289,229315083.42652234,31501864.406985693,260816947.83350804,35.254385451401845,10.97378503326253,8.528674660319327
hydrogen_decentral_nt75_tc15_A200_437d2cd0,hydrogen_decentral,75,15.0,200,1125.0,1.0,150.0,7.0,0.07215531677959253,0.6174157112421385,,155563.49186104047,2,,4763184.3496995475,120770394.26215892,0.6171550684915333,0.800551187651186,0.8001372015386486,55.05494452260636,2787648509.880289,230654071.71666974,31582778.406985693,262236850.12365544,35.254385451401845,10.97378503326253,8.826774037941979
hydrogen_decentral_nt75_tc15_A200_f866e925,hydrogen_decentral,75,15.0,200,1125.0,1.0,150.0,8.0,0.07215531677959253,0.6174157112421385,,155563.49186104047,1,,4763184.3496995475,120770394.26215892,0.6171550684915333,0.800551187651186,0.8001372015386486,54.133805609176946,2735906093.8802886,226372829.3403235,31476466.326985694,257849295.6673092,35.254385451401845,10.97378503326253,7.9056351245125756
hydrogen_decentral_nt100_tc15_A200_0dd00ae5,hydrogen_decentral,100,15.0,200,1500.0,1.0,80.0,4.0,0.08639459662359783,0.6079404668920301,,169705.62748477142,27,,6300515.26994268,159749372.9701491,0.6076584749629644,0.8015396880835253,0.8011925286802448,64.31407786957828,4392175338.526066,363414943.431331,41796886.258229636,405211829.6895606,35.536381781659244,10.74587758564261,18.031818502276437
hydrogen_decentral_nt100_tc15_A200_24ad59ff,hydrogen_decentral,100,15.0,200,1500.0,1.0,80.0,5.0,0.08639459662359783,0.6079404668920301,,169705.62748477142,15,,6300515.26994268,159749372.9701491,0.6076584749629644,0.8015396880835253,0.8011925286802448,59.85275431123709,4050974706.526066,335183509.38784724,41919683.09822963,377103192.4860769,35.536381781659244,10.74587758564261,13.570494943935241
hydrogen_decentral_nt100_tc15_A200_3af3a860,hydrogen_decentral,100,15.0,200,1500.0,1.0,80.0,6.0,0.08639459662359783,0.6079404668920301,,169705.62748477142,9,,6300515.26994268,159749372.9701491,0.6076584749629644,0.8015396880835253,0.8011925286802448,57.28245812726478,3855986010.526066,319049862.51245433,41859139.618229635,360909002.13068396,35.536381781659244,10.74587758564261,11.00019875996293
hydrogen_decentral_nt100_tc15_A200_208456af,hydrogen_decentral,100,15.0,200,1500.0,1.0,80.0,7.0,0.08639459662359783,0.6079404668920301,,169705.62748477142,6,,6300515.26994268,159749372.9701491,0.6076584749629644,0.8015396880835253,0.8011925286802448,55.8840985670114,3750362202.526066,310310395.7902075,41788220.578229636,352098616.3684372,35.536381781659244,10.74587758564261,9.601839199709538
hydrogen_decentral_nt100_tc15_A200_8e79dd47,hydrogen_decentral,100,15.0,200,1500.0,1.0,80.0,8.0,0.08639459662359783,0.6079404668920301,,169705.62748477142,5,,6300515.26994268,159749372.9701491,0.6076584749629644,0.8015396880835253,0.8011925286802448,55.568927337949916,3725993546.526066,308294097.92885906,41818777.298229635,350112875.2270887,35.536381781659244,10.74587758564261,9.286667970648056
hydrogen_decentral_nt100_tc15_A200_80f6e3a3,hydrogen_decentral,100,15.0,200,1500.0,1.0,90.0,4.0,0.08639459662359783,0.6079404668920301,,169705.62748477142,19,,6290846.64046173,159504225.163837,0.6076584749629644,0.8015396880835253,0.8011925286802448,60.765935258008206,4115617124.8528843,340532116.6243217,41737063.04803419,382269179.6723559,35.590998930697744,10.836780365699886,14.338155961610578
hydrogen_decentral_nt100_tc15_A200_ba25909b,hydrogen_decentral,100,15.0,200,1500.0,1.0,90.0,5.0,0.08639459662359783,0.6079404668920301,,169705.62748477142,11,,6290846.64046173,159504225.163837,0.6076584749629644,0.8015396880835253,0.8011925286802448,57.915691122522475,3897366236.8528843,322473722.32010555,41865008.60803419,364338730.92813975,35.590998930697744,10.836780365699886,11.487911826124849
hydrogen_decentral_nt100_tc15_A200_ee694ad3,hydrogen_decentral,100,15.0,200,1500.0,1.0,90.0,6.0,0.08639459662359783,0.6079404668920301,,169705.62748477142,7,,6290846.64046173,159504225.163837,0.6076584749629644,0.8015396880835253,0.8011925286802448,56.28828459253309,3773737492.8528843,312244501.1382564,41856464.888034195,354100966.02629054,35.590998930697744,10.836780365699886,9.860505296135464
hydrogen_decentral_nt100_tc15_A200_3d9a6233,hydrogen_decentral,100,15.0,200,1500.0,1.0,90.0,7.0,0.08639459662359783,0.6079404668920301,,169705.62748477142,5,,6290846.64046173,159504225.163837,0.6076584749629644,0.8015396880835253,0.8011925286802448,55.4341244350891,3709022460.8528843,306889885.74138355,41837689.72803419,348727575.46941775,35.590998930697744,10.836780365699886,9.006345138691469
hydrogen_decentral_nt100_tc15_A200_d8e37395,hydrogen_decentral,100,15.0,200,1500.0,1.0,90.0,8.0,0.08639459662359783,0.6079404668920301,,169705.62748477142,3,,6290846.64046173,159504225.163837,0.6076584749629644,0.8015396880835253,0.8011925286802448,54.25630913805067,3621102148.8528843,299615231.8969249,41702888.16803419,341318120.0649591,35.590998930697744,10.836780365699886,7.828529841653042
hydrogen_decentral_nt100_tc15_A200_70f77333,hydrogen_decentral,100,15.0,200,1500.0,1.0,100.0,4.0,0.08639459662359783,0.6079404668920301,,169705.62748477142,15,,6289342.526586805,159466088.40230235,0.6076584749629644,0.8015396880835253,0.8011925286802448,58.93181607984779,3975975665.2372212,328977980.1804145,41664396.85956429,370642377.0399788,35.59951061774418,10.850802292786978,12.481503169316632
hydrogen_decentral_nt100_tc15_A200_4f30f786,hydrogen_decentral,100,15.0,200,1500.0,1.0,100.0,5.0,0.08639459662359783,0.6079404668920301,,169705.62748477142,9,,6289342.526586805,159466088.40230235,0.6076584749629644,0.8015396880835253,0.8011925286802448,56.898038983558884,3819772169.2372212,316053476.8791264,41797779.37956429,357851256.2586907,35.59951061774418,10.850802292786978,10.44772607302772
hydrogen_decentral_nt100_tc15_A200_5c6f7c3b,hydrogen_decentral,100,15.0,200,1500.0,1.0,100.0,6.0,0.08639459662359783,0.6079404668920301,,169705.62748477142,6,,6289342.526586805,159466088.40230235,0.6076584749629644,0.8015396880835253,0.8011925286802448,55.751763611958864,3732395921.2372212,308823839.67734337,41818098.13956429,350641937.81690764,35.59951061774418,10.850802292786978,9.301450701427713
hydrogen_decentral_nt100_tc15_A200_dbbccbfd,hydrogen_decentral,100,15.0,200,1500.0,1.0,100.0,7.0,0.08639459662359783,0.6079404668920301,,169705.62748477142,4,,6289342.526586805,159466088.40230235,0.6076584749629644,0.8015396880835253,0.8011925286802448,54.8150642662848,3661779089.2372212,302980900.8079694,41769813.979564294,344750714.7875337,35.59951061774418,10.850802292786978,8.36475135575364
hydrogen_decentral_nt100_tc15_A200_22359fb2,hydrogen_decentral,100,15.0,200,1500.0,1.0,100.0,8.0,0.08639459662359783,0.6079404668920301,,169705.62748477142,3,,6289342.526586805,159466088.40230235,0.6076584749629644,0.8015396880835253,0.8011925286802448,54.34671459344776,3626470673.2372212,300059431.37328243,41745671.899564296,341805103.2728467,35.59951061774418,10.850802292786978,7.896401682916604
hydrogen_decentral_nt100_tc15_A200_90e0202b,hydrogen_decentral,100,15.0,200,1500.0,1.0,110.0,4.0,0.08639459662359783,0.6079404668920301,,169705.62748477142,13,,6282275.282432092,159286898.64178735,0.6076584749629644,0.8015396880835253,0.8011925286802448,58.12277129440382,3908981488.8726034,323434785.0806609,41708464.36862576,365143249.44928664,35.63955827914281,10.916300061561854,11.566912953699147
hydrogen_decentral_nt100_tc15_A200_08f91e6a,hydrogen_decentral,100,15.0,200,1500.0,1.0,110.0,5.0,0.08639459662359783,0.6079404668920301,,169705.62748477142,7,,6282275.282432092,159286898.64178735,0.6076584749629644,0.8015396880835253,0.8011925286802448,55.94710155776089,3742782312.8726034,309683224.75141346,41791868.48862576,351475093.2400392,35.63955827914281,10.916300061561854,9.391243217056218
hydrogen_decentral_nt100_tc15_A200_17f0a856,hydrogen_decentral,100,15.0,200,1500.0,1.0,110.0,6.0,0.08639459662359783,0.6079404668920301,,169705.62748477142,5,,6282275.282432092,159286898.64178735,0.6076584749629644,0.8015396880835253,0.8011925286802448,55.283002082085424,3691759040.8726034,305461485.3903014,41841552.12862576,347303037.51892716,35.63955827914281,10.916300061561854,8.72714374138075
hydrogen_decentral_nt100_tc15_A200_39964d15,hydrogen_decentral,100,15.0,200,1500.0,1.0,110.0,7.0,0.08639459662359783,0.6079404668920301,,169705.62748477142,3,,6282275.282432092,159286898.64178735,0.6076584749629644,0.8015396880835253,0.8011925286802448,54.25215998717692,3614477048.8726034,299067061.53736717,41759942.16862576,340827003.70599294,35.63955827914281,10.916300061561854,7.696301646472242
hydrogen_decentral_nt100_tc15_A200_08f18845,hydrogen_decentral,100,15.0,200,1500.0,1.0,110.0,8.0,0.08639459662359783,0.6079404668920301,,169705.62748477142,3,,6282275.282432092,159286898.64178735,0.6076584749629644,0.8015396880835253,0.8011925286802448,54.527216951601694,3634171088.8726034,300696574.9062337,41858412.36862576,342554987.2748595,35.63955827914281,10.916300061561854,7.9713586108970205
hydrogen_decentral_nt100_tc15_A200_96bd6fba,hydrogen_decentral,100,15.0,200,1500.0,1.0,120.0,4.0,0.08639459662359783,0.6079404668920301,,169705.62748477142,11,,6275679.511810919,159119663.07837015,0.6076584749629644,0.8015396880835253,0.8011925286802448,57.30056978823624,3841551500.969887,317855530.30358166,41744481.53154427,359600011.8351259,35.67701563352281,10.976901252718015,10.646652901995429
hydrogen_decentral_nt100_tc15_A200_c2c7dd0c,hydrogen_decentral,100,15.0,200,1500.0,1.0,120.0,5.0,0.08639459662359783,0.6079404668920301,,169705.62748477142,6,,6275679.511810919,159119663.07837015,0.6076584749629644,0.8015396880835253,0.8011925286802448,55.529409106013844,3706185180.969887,306655125.09803355,41829649.93154427,348484775.0295778,35.67701563352281,10.976901252718015,8.875492219773033
hydrogen_decentral_nt100_tc15_A200_f7fec164,hydrogen_decentral,100,15.0,200,1500.0,1.0,120.0,6.0,0.08639459662359783,0.6079404668920301,,169705.62748477142,4,,6275679.511810919,159119663.07837015,0.6076584749629644,0.8015396880835253,0.8011925286802448,54.782097490628324,3649260108.969887,301945062.2644203,41849824.57154427,343794886.83596456,35.67701563352281,10.976901252718015,8.128180604387504
hydrogen_decentral_nt100_tc15_A200_cd0e3e13,hydrogen_decentral,100,15.0,200,1500.0,1.0,120.0,7.0,0.08639459662359783,0.6079404668920301,,169705.62748477142,3,,6275679.511810919,159119663.07837015,0.6076584749629644,0.8015396880835253,0.8011925286802448,54.40844168293556,3620797572.969887,299590030.84761363,41859911.89154427,341449942.7391579,35.67701563352281,10.976901252718015,7.754524796694741
hydrogen_decentral_nt100_tc15_A200_3702e55b,hydrogen_decentral,100,15.0,200,1500.0,1.0,120.0,8.0,0.08639459662359783,0.6079404668920301,,169705.62748477142,2,,6275679.511810919,159119663.07837015,0.6076584749629644,0.8015396880835253,0.8011925286802448,53.840549162759935,3578442316.969887,296085495.6738368,41800535.61154427,337886031.2853811,35.67701563352281,10.976901252718015,7.186632276519125
hydrogen_decentral_nt100_tc15_A200_82a227c3,hydrogen_decentral,100,15.0,200,1500.0,1.0,130.0,4.0,0.08639459662359783,0.6079404668920301,,169705.62748477142,10,,6269482.593990741,158962540.41558677,0.6076584749629644,0.8015396880835253,0.8011925286802448,56.938669061559644,3809184703.1106496,315177454.61068016,41798539.99576715,356975994.60644734,35.71227971323523,11.03342141897742,10.192967929346995
hydrogen_decentral_nt100_tc15_A200_578c3351,hydrogen_decentral,100,15.0,200,1500.0,1.0,130.0,5.0,0.08639459662359783,0.6079404668920301,,169705.62748477142,6,,6269482.593990741,158962540.41558677,0.6076584749629644,0.8015396880835253,0.8011925286802448,55.6662344549248,3711316399.1106496,307079689.51239157,41918798.47576715,348998487.9881587,35.71227971323523,11.03342141897742,8.920533322712153
hydrogen_decentral_nt100_tc15_A200_b4145f5b,hydrogen_decentral,100,15.0,200,1500.0,1.0,130.0,6.0,0.08639459662359783,0.6079404668920301,,169705.62748477142,4,,6269482.593990741,158962540.41558677,0.6076584749629644,0.8015396880835253,0.8011925286802448,54.927461187159714,3655054207.1106496,302424474.3292327,41942287.51576715,344366761.84499985,35.71227971323523,11.03342141897742,8.181760054947059
hydrogen_decentral_nt100_tc15_A200_bcfa065a,hydrogen_decentral,100,15.0,200,1500.0,1.0,130.0,7.0,0.08639459662359783,0.6079404668920301,,169705.62748477142,3,,6269482.593990741,158962540.41558677,0.6076584749629644,0.8015396880835253,0.8011925286802448,54.55807455327716,3626923111.1106496,300096866.7376532,41954032.035767145,342050898.77342033,35.71227971323523,11.03342141897742,7.812373421064513
hydrogen_decentral_nt100_tc15_A200_e60bc02f,hydrogen_decentral,100,15.0,200,1500.0,1.0,130.0,8.0,0.08639459662359783,0.6079404668920301,,169705.62748477142,2,,6269482.593990741,158962540.41558677,0.6076584749629644,0.8015396880835253,0.8011925286802448,53.983575990499276,3584135935.1106496,296556593.87804455,41892496.15576715,338449090.0338117,35.71227971323523,11.03342141897742,7.237874858286621
hydrogen_decentral_nt100_tc15_A200_c5c18666,hydrogen_decentral,100,15.0,200,1500.0,1.0,140.0,4.0,0.08639459662359783,0.6079404668920301,,169705.62748477142,9,,6263627.49900452,158814084.660358,0.6076584749629644,0.8015396880835253,0.8011925286802448,56.56859607419348,3776552914.6189566,312477453.20938104,41847160.74101636,354324613.9503974,35.74566273129126,11.086487123683979,9.736446219218246
hydrogen_decentral_nt100_tc15_A200_fefae2c2,hydrogen_decentral,100,15.0,200,1500.0,1.0,140.0,5.0,0.08639459662359783,0.6079404668920301,,169705.62748477142,5,,6263627.49900452,158814084.660358,0.6076584749629644,0.8015396880835253,0.8011925286802448,55.216238163827455,3673064010.6189566,303914631.5335161,41939316.221016355,345853947.75453246,35.74566273129126,11.086487123683979,8.384088308852219
hydrogen_decentral_nt100_tc15_A200_4a69a023,hydrogen_decentral,100,15.0,200,1500.0,1.0,140.0,6.0,0.08639459662359783,0.6079404668920301,,169705.62748477142,3,,6263627.49900452,158814084.660358,0.6076584749629644,0.8015396880835253,0.8011925286802448,54.37806155082117,3609754978.6189566,298676350.61126745,41927571.06101636,340603921.6722838,35.74566273129126,11.086487123683979,7.545911695845924
hydrogen_decentral_nt100_tc15_A200_c8f65141,hydrogen_decentral,100,15.0,200,1500.0,1.0,140.0,7.0,0.08639459662359783,0.6079404668920301,,169705.62748477142,2,,6263627.49900452,158814084.660358,0.6076584749629644,0.8015396880835253,0.8011925286802448,53.904974025043586,3574245602.6189566,295738253.455371,41902424.181016356,337640677.63638735,35.74566273129126,11.086487123683979,7.072824170068348
hydrogen_decentral_nt100_tc15_A200_97652b10,hydrogen_decentral,100,15.0,200,1500.0,1.0,140.0,8.0,0.08639459662359783,0.6079404668920301,,169705.62748477142,2,,6263627.49900452,158814084.660358,0.6076584749629644,0.8015396880835253,0.8011925286802448,54.120970902141295,3589665042.6189566,297014080.2344593,41979521.38101635,338993601.61547565,35.74566273129126,11.086487123683979,7.288821047166054
hydrogen_decentral_nt100_tc15_A200_70071382,hydrogen_decentral,100,15.0,200,1500.0,1.0,150.0,4.0,0.08639459662359783,0.6079404668920301,,169705.62748477142,8,,6258068.600695281,158673138.9628621,0.6076584749629644,0.8015396880835253,0.8011925286802448,56.191227669261345,3743679974.5053687,309757498.5739156,41891058.93760872,351648557.5115243,35.777414780812975,11.136590634709226,9.277222253739144
hydrogen_decentral_nt100_tc15_A200_88aabf68,hydrogen_decentral,100,15.0,200,1500.0,1.0,150.0,5.0,0.08639459662359783,0.6079404668920301,,169705.62748477142,5,,6258068.600695281,158673138.9628621,0.6076584749629644,0.8015396880835253,0.8011925286802448,55.33581985659641,3677458126.5053687,304278207.04068774,42017149.69760872,346295356.73829645,35.777414780812975,11.136590634709226,8.421814441074202
hydrogen_decentral_nt100_tc15_A200_ed3af4b4,hydrogen_decentral,100,15.0,200,1500.0,1.0,150.0,6.0,0.08639459662359783,0.6079404668920301,,169705.62748477142,3,,6258068.600695281,158673138.9628621,0.6076584749629644,0.8015396880835253,0.8011925286802448,54.500841284015195,3614430294.5053687,299063193.01336384,42006810.53760872,341070003.5509726,35.777414780812975,11.136590634709226,7.586835868492987
hydrogen_decentral_nt100_tc15_A200_3eac8175,hydrogen_decentral,100,15.0,200,1500.0,1.0,150.0,7.0,0.08639459662359783,0.6079404668920301,,169705.62748477142,2,,6258068.600695281,158673138.9628621,0.6076584749629644,0.8015396880835253,0.8011925286802448,54.026629133980734,3578870678.5053687,296120938.92716503,41981412.457608715,338102351.38477373,35.777414780812975,11.136590634709226,7.112623718458537
hydrogen_decentral_nt100_tc15_A200_9aad496e,hydrogen_decentral,100,15.0,200,1500.0,1.0,150.0,8.0,0.08639459662359783,0.6079404668920301,,169705.62748477142,2,,6258068.600695281,158673138.9628621,0.6076584749629644,0.8015396880835253,0.8011925286802448,54.2535205889561,3595053478.5053687,297459927.21731246,42062326.457608715,339522253.67492115,35.777414780812975,11.136590634709226,7.339515173433898
hydrogen_decentral_nt125_tc15_A200_4c684142,hydrogen_decentral,125,15.0,200,1875.0,1.0,80.0,4.0,0.10352008261059809,0.5965446543145069,,197989.89873223333,33,,7736226.821413961,196151795.6747962,0.5962523116334763,0.8027737528088968,0.8021910465010575,64.69715305785431,5418023924.656951,448295139.9543993,52216710.800897464,500511850.75529677,36.17679542340107,10.939532827209296,17.580824807243943
hydrogen_decentral_nt125_tc15_A200_fc88bd14,hydrogen_decentral,125,15.0,200,1875.0,1.0,80.0,5.0,0.10352008261059809,0.5965446543145069,,197989.89873223333,19,,7736226.821413961,196151795.6747962,0.5962523116334763,0.8027737528088968,0.8021910465010575,60.55041328060494,5028085980.656951,416031110.18821865,52400621.080897465,468431731.2691161,36.17679542340107,10.939532827209296,13.434085029994586
hydrogen_decentral_nt125_tc15_A200_a5f446b2,hydrogen_decentral,125,15.0,200,1875.0,1.0,80.0,6.0,0.10352008261059809,0.5965446543145069,,197989.89873223333,12,,7736226.821413961,196151795.6747962,0.5962523116334763,0.8027737528088968,0.8021910465010575,58.2004393312348,4808728628.656951,397881165.4514772,52370634.32089747,450251799.7723747,36.17679542340107,10.939532827209296,11.08411108062444
hydrogen_decentral_nt125_tc15_A200_f60614ef,hydrogen_decentral,125,15.0,200,1875.0,1.0,80.0,7.0,0.10352008261059809,0.5965446543145069,,197989.89873223333,8,,7736226.821413961,196151795.6747962,0.5962523116334763,0.8027737528088968,0.8021910465010575,56.681975448581724,4667896884.656951,386228543.1551481,52276075.60089747,438504618.7560456,36.17679542340107,10.939532827209296,9.565647197971362
hydrogen_decentral_nt125_tc15_A200_13f9da0c,hydrogen_decentral,125,15.0,200,1875.0,1.0,80.0,8.0,0.10352008261059809,0.5965446543145069,,197989.89873223333,6,,7736226.821413961,196151795.6747962,0.5962523116334763,0.8027737528088968,0.8021910465010575,55.92274350725518,4597481012.65695,380402232.00698346,52228796.24089747,432631028.24788094,36.17679542340107,10.939532827209296,8.806415256644824
hydrogen_decentral_nt125_tc15_A200_18263a32,hydrogen_decentral,125,15.0,200,1875.0,1.0,90.0,4.0,0.10352008261059809,0.5965446543145069,,197989.89873223333,24,,7724341.870382512,195850453.10300487,0.5962523116334763,0.8027737528088968,0.8021910465010575,61.46432194318944,5107546653.5654745,422605801.2522956,52165634.26815316,474771435.5204488,36.23245834579585,11.032092523373914,14.199771074019674
hydrogen_decentral_nt125_tc15_A200_c2cad1c0,hydrogen_decentral,125,15.0,200,1875.0,1.0,90.0,5.0,0.10352008261059809,0.5965446543145069,,197989.89873223333,13,,7724341.870382512,195850453.10300487,0.5962523116334763,0.8027737528088968,0.8021910465010575,58.13251362793906,4795123877.5654745,396755488.65871847,52279920.388153166,449035409.04687166,36.23245834579585,11.032092523373914,10.86796275876929
hydrogen_decentral_nt125_tc15_A200_6912300d,hydrogen_decentral,125,15.0,200,1875.0,1.0,90.0,6.0,0.10352008261059809,0.5965446543145069,,197989.89873223333,8,,7724341.870382512,195850453.10300487,0.5962523116334763,0.8027737528088968,0.8021910465010575,56.42635295983527,4636236957.5654745,383608954.9724846,52247485.788153164,435856440.76063776,36.23245834579585,11.032092523373914,9.161802090665507
hydrogen_decentral_nt125_tc15_A200_b70435df,hydrogen_decentral,125,15.0,200,1875.0,1.0,90.0,7.0,0.10352008261059809,0.5965446543145069,,197989.89873223333,6,,7724341.870382512,195850453.10300487,0.5962523116334763,0.8027737528088968,0.8021910465010575,55.796606836916,4577323245.5654745,378734349.1875082,52257717.22815316,430992066.4156614,36.23245834579585,11.032092523373914,8.532055967746237
hydrogen_decentral_nt125_tc15_A200_eaa24ce4,hydrogen_decentral,125,15.0,200,1875.0,1.0,90.0,8.0,0.10352008261059809,0.5965446543145069,,197989.89873223333,4,,7724341.870382512,195850453.10300487,0.5962523116334763,0.8027737528088968,0.8021910465010575,54.903269992385525,4495204253.5654745,371939704.95494604,52151922.26815316,424091627.22309923,36.23245834579585,11.032092523373914,7.6387191232157585
hydrogen_decentral_nt125_tc15_A200_c6f9b0fd,hydrogen_decentral,125,15.0,200,1875.0,1.0,100.0,4.0,0.10352008261059809,0.5965446543145069,,197989.89873223333,19,,7722492.97134419,195803574.32414275,0.5962523116334763,0.8027737528088968,0.8021910465010575,59.59720986090363,4933007389.045896,408164169.92998713,52074864.33256579,460239034.2625529,36.24113302606298,11.046370090727974,12.309706744112669
hydrogen_decentral_nt125_tc15_A200_15e7aa66,hydrogen_decentral,125,15.0,200,1875.0,1.0,100.0,5.0,0.10352008261059809,0.5965446543145069,,197989.89873223333,11,,7722492.97134419,195803574.32414275,0.5962523116334763,0.8027737528088968,0.8021910465010575,57.31849842133244,4718553061.045896,390419908.49417704,52221792.69256579,442641701.18674284,36.24113302606298,11.046370090727974,10.030995304541483
hydrogen_decentral_nt125_tc15_A200_bc0fdae2,hydrogen_decentral,125,15.0,200,1875.0,1.0,100.0,6.0,0.10352008261059809,0.5965446543145069,,197989.89873223333,7,,7722492.97134419,195803574.32414275,0.5962523116334763,0.8027737528088968,0.8021910465010575,56.00351762508544,4595868397.045895,380268801.85770696,52217969.37256579,432486771.23027277,36.24113302606298,11.046370090727974,8.71601450829449
hydrogen_decentral_nt125_tc15_A200_be06833e,hydrogen_decentral,125,15.0,200,1875.0,1.0,100.0,7.0,0.10352008261059809,0.5965446543145069,,197989.89873223333,5,,7722492.97134419,195803574.32414275,0.5962523116334763,0.8027737528088968,0.8021910465010575,55.31090221166967,4531434565.045896,374937453.355759,52200600.21256579,427138053.5683248,36.24113302606298,11.046370090727974,8.02339909487871
hydrogen_decentral_nt125_tc15_A200_74b1df5c,hydrogen_decentral,125,15.0,200,1875.0,1.0,100.0,8.0,0.10352008261059809,0.5965446543145069,,197989.89873223333,3,,7722492.97134419,195803574.32414275,0.5962523116334763,0.8027737528088968,0.8021910465010575,54.337286675915635,4442268733.045895,367559743.384107,52059571.05256579,419619314.4366728,36.24113302606298,11.046370090727974,7.049783559124688
hydrogen_decentral_nt125_tc15_A200_4860a9d4,hydrogen_decentral,125,15.0,200,1875.0,1.0,110.0,4.0,0.10352008261059809,0.5965446543145069,,197989.89873223333,16,,7713805.716250634,195583309.23556376,0.5962523116334763,0.8027737528088968,0.8021910465010575,58.58213618632782,4831597900.590123,399773402.10537606,52117814.878892615,451891216.98426867,36.281947635486404,11.113062179522897,11.18712637131852
hydrogen_decentral_nt125_tc15_A200_93a0fdef,hydrogen_decentral,125,15.0,200,1875.0,1.0,110.0,5.0,0.10352008261059809,0.5965446543145069,,197989.89873223333,9,,7713805.716250634,195583309.23556376,0.5962523116334763,0.8027737528088968,0.8021910465010575,56.57713536348583,4643169428.590122,384182557.6570503,52242472.51889261,436425030.1759429,36.281947635486404,11.113062179522897,9.182125548476538
hydrogen_decentral_nt125_tc15_A200_f6d935f1,hydrogen_decentral,125,15.0,200,1875.0,1.0,110.0,6.0,0.10352008261059809,0.5965446543145069,,197989.89873223333,6,,7713805.716250634,195583309.23556376,0.5962523116334763,0.8027737528088968,0.8021910465010575,55.653845922698196,4556787500.590122,377035191.9309488,52267762.878892615,429302954.8098414,36.281947635486404,11.113062179522897,8.258836107688909
hydrogen_decentral_nt125_tc15_A200_09ab9606,hydrogen_decentral,125,15.0,200,1875.0,1.0,110.0,7.0,0.10352008261059809,0.5965446543145069,,197989.89873223333,4,,7713805.716250634,195583309.23556376,0.5962523116334763,0.8027737528088968,0.8021910465010575,54.88897842317729,4486070188.590122,371183939.2009701,52218976.31889261,423402915.5198627,36.281947635486404,11.113062179522897,7.493968608168001
hydrogen_decentral_nt125_tc15_A200_c59eb02e,hydrogen_decentral,125,15.0,200,1875.0,1.0,110.0,8.0,0.10352008261059809,0.5965446543145069,,197989.89873223333,3,,7713805.716250634,195583309.23556376,0.5962523116334763,0.8027737528088968,0.8021910465010575,54.50654467341685,4450711532.590122,368258312.8359808,52194583.03889261,420452895.8748734,36.281947635486404,11.113062179522897,7.111534858407548
hydrogen_decentral_nt125_tc15_A200_042ef0c1,hydrogen_decentral,125,15.0,200,1875.0,1.0,120.0,4.0,0.10352008261059809,0.5965446543145069,,197989.89873223333,14,,7705698.009672178,195377738.5819518,0.5962523116334763,0.8027737528088968,0.8021910465010575,57.93612483402147,4765002303.711728,394263186.04909736,52175095.772540756,446438281.8216381,36.32012242317652,11.174768692009891,10.441233718835054
hydrogen_decentral_nt125_tc15_A200_7d0dbf40,hydrogen_decentral,125,15.0,200,1875.0,1.0,120.0,5.0,0.10352008261059809,0.5965446543145069,,197989.89873223333,8,,7705698.009672178,195377738.5819518,0.5962523116334763,0.8027737528088968,0.8021910465010575,56.2684372075742,4608119807.711728,381282501.30522764,52305083.29254076,433587584.5977684,36.32012242317652,11.174768692009891,8.773546092387777
hydrogen_decentral_nt125_tc15_A200_501a33a8,hydrogen_decentral,125,15.0,200,1875.0,1.0,120.0,6.0,0.10352008261059809,0.5965446543145069,,197989.89873223333,5,,7705698.009672178,195377738.5819518,0.5962523116334763,0.8027737528088968,0.8021910465010575,55.276403006479136,4515785839.711728,373642655.1763227,52300613.452540755,425943268.62886345,36.32012242317652,11.174768692009891,7.78151189129271
hydrogen_decentral_nt125_tc15_A200_8550348b,hydrogen_decentral,125,15.0,200,1875.0,1.0,120.0,7.0,0.10352008261059809,0.5965446543145069,,197989.89873223333,4,,7705698.009672178,195377738.5819518,0.5962523116334763,0.8027737528088968,0.8021910465010575,55.051185198028385,4494269663.711727,371862375.638001,52345432.57254076,424207808.2105418,36.32012242317652,11.174768692009891,7.556294082841975
hydrogen_decentral_nt125_tc15_A200_61080309,hydrogen_decentral,125,15.0,200,1875.0,1.0,120.0,8.0,0.10352008261059809,0.5965446543145069,,197989.89873223333,3,,7705698.009672178,195377738.5819518,0.5962523116334763,0.8027737528088968,0.8021910465010575,54.66777700170621,4458860767.711727,368932592.3427093,52320788.092540756,421253380.43525004,36.32012242317652,11.174768692009891,7.17288588651981
hydrogen_decentral_nt125_tc15_A200_f0560350,hydrogen_decentral,125,15.0,200,1875.0,1.0,130.0,4.0,0.10352008261059809,0.5965446543145069,,197989.89873223333,12,,7698080.584163852,195184598.9899557,0.5962523116334763,0.8027737528088968,0.8021910465010575,57.27924390610465,4697962014.387681,388716175.49635047,52224059.89281936,440940235.3891698,36.35606200889364,11.232319989080283,9.690861908130724
hydrogen_decentral_nt125_tc15_A200_2e4ae254,hydrogen_decentral,125,15.0,200,1875.0,1.0,130.0,5.0,0.10352008261059809,0.5965446543145069,,197989.89873223333,7,,7698080.584163852,195184598.9899557,0.5962523116334763,0.8027737528088968,0.8021910465010575,55.94210933374863,4571962614.387681,378290802.80648243,52356062.89281936,430646865.6993018,36.35606200889364,11.232319989080283,8.353727335774712
hydrogen_decentral_nt125_tc15_A200_802de541,hydrogen_decentral,125,15.0,200,1875.0,1.0,130.0,6.0,0.10352008261059809,0.5965446543145069,,197989.89873223333,5,,7698080.584163852,195184598.9899557,0.5962523116334763,0.8027737528088968,0.8021910465010575,55.42396026197225,4523028462.387681,374241920.2573381,52416192.132819355,426658112.39015746,36.35606200889364,11.232319989080283,7.835578263998327
hydrogen_decentral_nt125_tc15_A200_b6585976,hydrogen_decentral,125,15.0,200,1875.0,1.0,130.0,7.0,0.10352008261059809,0.5965446543145069,,197989.89873223333,3,,7698080.584163852,195184598.9899557,0.5962523116334763,0.8027737528088968,0.8021910465010575,54.57171604687544,4444782150.387681,367767707.17213535,52329760.57281936,420097467.7449547,36.35606200889364,11.232319989080283,6.983334048901515
hydrogen_decentral_nt125_tc15_A200_be031556,hydrogen_decentral,125,15.0,200,1875.0,1.0,130.0,8.0,0.10352008261059809,0.5965446543145069,,197989.89873223333,2,,7698080.584163852,195184598.9899557,0.5962523116334763,0.8027737528088968,0.8021910465010575,54.10383204641198,4401994974.387681,364227434.3125267,52268224.69281936,416495659.00534606,36.35606200889364,11.232319989080283,6.515450048438051
hydrogen_decentral_nt125_tc15_A200_58f25d94,hydrogen_decentral,125,15.0,200,1875.0,1.0,140.0,4.0,0.10352008261059809,0.5965446543145069,,197989.89873223333,11,,7690883.336887715,195002113.00425243,0.5962523116334763,0.8027737528088968,0.8021910465010575,56.99795424153765,4666024502.773065,386073619.5685495,52290996.94438086,438364616.5129304,36.390084572597026,11.28635401381728,9.32151565512334
hydrogen_decentral_nt125_tc15_A200_e170c429,hydrogen_decentral,125,15.0,200,1875.0,1.0,140.0,5.0,0.10352008261059809,0.5965446543145069,,197989.89873223333,6,,7690883.336887715,195002113.00425243,0.5962523116334763,0.8027737528088968,0.8021910465010575,55.59922697302982,4534735942.773064,375210614.1263322,52396554.14438086,427607168.2707131,36.390084572597026,11.28635401381728,7.922788386615524
hydrogen_decentral_nt125_tc15_A200_783f2340,hydrogen_decentral,125,15.0,200,1875.0,1.0,140.0,6.0,0.10352008261059809,0.5965446543145069,,197989.89873223333,4,,7690883.336887715,195002113.00425243,0.5962523116334763,0.8027737528088968,0.8021910465010575,55.00455352755337,4479136630.773065,370610246.59362775,52423357.58438086,423033604.1780086,36.390084572597026,11.28635401381728,7.328114941139059
hydrogen_decentral_nt125_tc15_A200_9a0512b6,hydrogen_decentral,125,15.0,200,1875.0,1.0,140.0,7.0,0.10352008261059809,0.5965446543145069,,197989.89873223333,3,,7690883.336887715,195002113.00425243,0.5962523116334763,0.8027737528088968,0.8021910465010575,54.70721680481513,4451336974.773065,368310062.82727545,52436759.30438086,420746822.1316563,36.390084572597026,11.28635401381728,7.030778218400828
hydrogen_decentral_nt125_tc15_A200_9d57c704,hydrogen_decentral,125,15.0,200,1875.0,1.0,140.0,8.0,0.10352008261059809,0.5965446543145069,,197989.89873223333,2,,7690883.336887715,195002113.00425243,0.5962523116334763,0.8027737528088968,0.8021910465010575,54.23396739171021,4408117878.773065,364734052.2818349,52373063.82438086,417107116.1062158,36.390084572597026,11.28635401381728,6.5575288052959
hydrogen_decentral_nt125_tc15_A200_c83e0a05,hydrogen_decentral,125,15.0,200,1875.0,1.0,150.0,4.0,0.10352008261059809,0.5965446543145069,,197989.89873223333,10,,7684050.182889591,194828858.5925353,0.5962523116334763,0.8027737528088968,0.8021910465010575,56.709722945802675,4633810671.63108,383408200.5631918,52352156.41012132,435760356.9733131,36.42244498747862,11.337371976867844,8.949905981456206
hydrogen_decentral_nt125_tc15_A200_1ff7b168,hydrogen_decentral,125,15.0,200,1875.0,1.0,150.0,5.0,0.10352008261059809,0.5965446543145069,,197989.89873223333,6,,7684050.182889591,194828858.5925353,0.5962523116334763,0.8027737528088968,0.8021910465010575,55.719242455279534,4540120607.63108,375656149.0888388,52493306.09012132,428149455.17896014,36.42244498747862,11.337371976867844,7.959425490933058
hydrogen_decentral_nt125_tc15_A200_2d7894cc,hydrogen_decentral,125,15.0,200,1875.0,1.0,150.0,6.0,0.10352008261059809,0.5965446543145069,,197989.89873223333,4,,7684050.182889591,194828858.5925353,0.5962523116334763,0.8027737528088968,0.8021910465010575,55.13160937965167,4485184175.63108,371110629.2065886,52523423.93012132,423634053.1367099,36.42244498747862,11.337371976867844,7.371792415305205
hydrogen_decentral_nt125_tc15_A200_2ff1f481,hydrogen_decentral,125,15.0,200,1875.0,1.0,150.0,7.0,0.10352008261059809,0.5965446543145069,,197989.89873223333,3,,7684050.182889591,194828858.5925353,0.5962523116334763,0.8027737528088968,0.8021910465010575,54.83779284183775,4457715959.63108,368837869.26546353,52538482.85012132,421376352.11558485,36.42244498747862,11.337371976867844,7.077975877491279
hydrogen_decentral_nt125_tc15_A200_980663cf,hydrogen_decentral,125,15.0,200,1875.0,1.0,150.0,8.0,0.10352008261059809,0.5965446543145069,,197989.89873223333,2,,7684050.182889591,194828858.5925353,0.5962523116334763,0.8027737528088968,0.8021910465010575,54.35919064329127,4414064943.63108,365226121.0341911,52472627.77012132,417698748.8043124,36.42244498747862,11.337371976867844,6.599373678944793
hydrogen_decentral_nt150_tc15_A200_59bd0912,hydrogen_decentral,150,15.0,200,2250.0,1.0,80.0,4.0,0.11633680565513049,0.5880160219717878,,212132.03435596428,40,,9157901.19483868,232198306.15716735,0.5877840203770596,0.803671309294013,0.8031975520702774,65.12820574467322,6451291150.287205,533789165.4451666,62648507.761675715,596437673.2068423,36.67284314773626,11.089533132673532,17.36582946426343
hydrogen_decentral_nt150_tc15_A200_a6a5cdb6,hydrogen_decentral,150,15.0,200,2250.0,1.0,80.0,5.0,0.11633680565513049,0.5880160219717878,,212132.03435596428,22,,9157901.19483868,232198306.15716735,0.5877840203770596,0.803671309294013,0.8031975520702774,60.498245404272765,5936780382.287204,491217799.9517575,62819153.92167571,554036953.8734332,36.67284314773626,11.089533132673532,12.735869123862974
hydrogen_decentral_nt150_tc15_A200_03c48f90,hydrogen_decentral,150,15.0,200,2250.0,1.0,80.0,6.0,0.11633680565513049,0.5880160219717878,,212132.03435596428,14,,9157901.19483868,232198306.15716735,0.5877840203770596,0.803671309294013,0.8031975520702774,58.244322889134686,5687634734.287204,470603128.4973007,62792625.68167572,533395754.1789764,36.67284314773626,11.089533132673532,10.4819466087249
hydrogen_decentral_nt150_tc15_A200_8c9eafb4,hydrogen_decentral,150,15.0,200,2250.0,1.0,80.0,7.0,0.11633680565513049,0.5880160219717878,,212132.03435596428,9,,9157901.19483868,232198306.15716735,0.5877840203770596,0.803671309294013,0.8031975520702774,56.58897599203974,5506175414.287205,455588921.7705225,62647329.081675716,518236250.8521982,36.67284314773626,11.089533132673532,8.826599711629957
hydrogen_decentral_nt150_tc15_A200_f3605b88,hydrogen_decentral,150,15.0,200,2250.0,1.0,80.0,8.0,0.11633680565513049,0.5880160219717878,,212132.03435596428,7,,9157901.19483868,232198306.15716735,0.5877840203770596,0.803671309294013,0.8031975520702774,55.999532697451684,5441179182.287204,450211039.4787248,62627147.92167571,512838187.4004005,36.67284314773626,11.089533132673532,8.237156417041897
hydrogen_decentral_nt150_tc15_A200_2488949c,hydrogen_decentral,150,15.0,200,2250.0,1.0,90.0,4.0,0.11633680565513049,0.5880160219717878,,212132.03435596428,28,,9143819.699186988,231841270.26336178,0.5877840203770596,0.803671309294013,0.8031975520702774,61.46462994735729,6036428709.777432,499462846.7695015,62558647.34638256,562021494.1158841,36.72931937958562,11.18337723178962,13.551933335982055
hydrogen_decentral_nt150_tc15_A200_d3953acb,hydrogen_decentral,150,15.0,200,2250.0,1.0,90.0,5.0,0.11633680565513049,0.5880160219717878,,212132.03435596428,16,,9143819.699186988,231841270.26336178,0.5877840203770596,0.803671309294013,0.8031975520702774,58.49539147640554,5706151717.777432,472135250.50722903,62736062.38638256,534871312.8936116,36.72931937958562,11.18337723178962,10.582694865030305
hydrogen_decentral_nt150_tc15_A200_cce3b98a,hydrogen_decentral,150,15.0,200,2250.0,1.0,90.0,6.0,0.11633680565513049,0.5880160219717878,,212132.03435596428,10,,9143819.699186988,231841270.26336178,0.5877840203770596,0.803671309294013,0.8031975520702774,56.78810109095426,5517807941.777432,456551413.92850703,62708743.50638256,519260157.4348896,36.72931937958562,11.18337723178962,8.875404479579018
hydrogen_decentral_nt150_tc15_A200_1685bd15,hydrogen_decentral,150,15.0,200,2250.0,1.0,90.0,7.0,0.11633680565513049,0.5880160219717878,,212132.03435596428,7,,9143819.699186988,231841270.26336178,0.5877840203770596,0.803671309294013,0.8031975520702774,55.87878811073476,5417834733.777432,448279486.0272496,62666077.46638256,510945563.49363214,36.72931937958562,11.18337723178962,7.966091499359522
hydrogen_decentral_nt150_tc15_A200_6f418d57,hydrogen_decentral,150,15.0,200,2250.0,1.0,90.0,8.0,0.11633680565513049,0.5880160219717878,,212132.03435596428,5,,9143819.699186988,231841270.26336178,0.5877840203770596,0.803671309294013,0.8031975520702774,55.179799811432005,5341517061.777432,441964851.40658385,62589289.106382556,504554140.5129664,36.72931937958562,11.18337723178962,7.267103200056768
hydrogen_decentral_nt150_tc15_A200_cbf36808,hydrogen_decentral,150,15.0,200,2250.0,1.0,100.0,4.0,0.11633680565513049,0.5880160219717878,,212132.03435596428,23,,9141629.091611098,231785727.47492644,0.5877840203770596,0.803671309294013,0.8031975520702774,59.89355859113724,5862249816.353937,485051033.0731764,62473664.5436777,547524697.6168541,36.73812082235735,11.197852968608606,11.957584800171295
hydrogen_decentral_nt150_tc15_A200_93c8aea5,hydrogen_decentral,150,15.0,200,2250.0,1.0,100.0,5.0,0.11633680565513049,0.5880160219717878,,212132.03435596428,13,,9141629.091611098,231785727.47492644,0.5877840203770596,0.803671309294013,0.8031975520702774,57.4428416406004,5589544656.353937,462487013.50284433,62634138.7436777,525121152.246522,36.73812082235735,11.197852968608606,9.506867849634448
hydrogen_decentral_nt150_tc15_A200_713dc4e9,hydrogen_decentral,150,15.0,200,2250.0,1.0,100.0,6.0,0.11633680565513049,0.5880160219717878,,212132.03435596428,8,,9141629.091611098,231785727.47492644,0.5877840203770596,0.803671309294013,0.8031975520702774,56.00977743072354,5431551576.353937,449414437.4316873,62606173.3436777,512020610.775365,36.73812082235735,11.197852968608606,8.073803639757585
hydrogen_decentral_nt150_tc15_A200_c3c5e493,hydrogen_decentral,150,15.0,200,2250.0,1.0,100.0,7.0,0.11633680565513049,0.5880160219717878,,212132.03435596428,6,,9141629.091611098,231785727.47492644,0.5877840203770596,0.803671309294013,0.8031975520702774,55.48402734325473,5373300744.353938,444594679.2971654,62619719.1836777,507214398.48084307,36.73812082235735,11.197852968608606,7.548053552288772
hydrogen_decentral_nt150_tc15_A200_67cc7c87,hydrogen_decentral,150,15.0,200,2250.0,1.0,100.0,8.0,0.11633680565513049,0.5880160219717878,,212132.03435596428,4,,9141629.091611098,231785727.47492644,0.5877840203770596,0.803671309294013,0.8031975520702774,54.72089927337626,5290317912.353937,437728559.69293934,62509605.0236777,500238164.71661705,36.73812082235735,11.197852968608606,6.784925482410309
hydrogen_decentral_nt150_tc15_A200_ae8f347e,hydrogen_decentral,150,15.0,200,2250.0,1.0,110.0,4.0,0.11633680565513049,0.5880160219717878,,212132.03435596428,19,,9131336.281442903,231524753.58628052,0.5877840203770596,0.803671309294013,0.8031975520702774,58.73490736957384,5726425015.807011,473812692.52370787,62515498.127269894,536328190.65097773,36.77953190304761,11.265470891439776,10.689904575086457
hydrogen_decentral_nt150_tc15_A200_eecf0ae9,hydrogen_decentral,150,15.0,200,2250.0,1.0,110.0,5.0,0.11633680565513049,0.5880160219717878,,212132.03435596428,11,,9131336.281442903,231524753.58628052,0.5877840203770596,0.803671309294013,0.8031975520702774,56.844251185715066,5515767247.80701,456382563.95630383,62681409.2872699,519063973.2435737,36.77953190304761,11.265470891439776,8.799248391227684
hydrogen_decentral_nt150_tc15_A200_25f93d4a,hydrogen_decentral,150,15.0,200,2250.0,1.0,110.0,6.0,0.11633680565513049,0.5880160219717878,,212132.03435596428,7,,9131336.281442903,231524753.58628052,0.5877840203770596,0.803671309294013,0.8031975520702774,55.741225878065435,5394026663.807011,446309571.8652131,62682306.367269896,508991878.23248297,36.77953190304761,11.265470891439776,7.696223083578051
hydrogen_decentral_nt150_tc15_A200_77b3edd0,hydrogen_decentral,150,15.0,200,2250.0,1.0,110.0,7.0,0.11633680565513049,0.5880160219717878,,212132.03435596428,5,,9131336.281442903,231524753.58628052,0.5877840203770596,0.803671309294013,0.8031975520702774,55.15817378109657,5329874031.807011,441001490.2581899,62666343.20726989,503667833.4654598,36.77953190304761,11.265470891439776,7.113170986609183
hydrogen_decentral_nt150_tc15_A200_065b809c,hydrogen_decentral,150,15.0,200,2250.0,1.0,110.0,8.0,0.11633680565513049,0.5880160219717878,,212132.03435596428,4,,9131336.281442903,231524753.58628052,0.5877840203770596,0.803671309294013,0.8031975520702774,54.89818717575619,5301080055.807011,438619035.0161561,62674773.3272699,501293808.343426,36.77953190304761,11.265470891439776,6.853184381268801
hydrogen_decentral_nt150_tc15_A200_dbdd0128,hydrogen_decentral,150,15.0,200,2250.0,1.0,120.0,4.0,0.11633680565513049,0.5880160219717878,,212132.03435596428,17,,9121730.130384509,231281189.9184713,0.5877840203770596,0.803671309294013,0.8031975520702774,58.20886502344873,5660663809.952936,468371515.1882296,62594042.75164767,530965557.9398773,36.818264658157396,11.328034261623719,10.062566103667624
hydrogen_decentral_nt150_tc15_A200_62ff9a6d,hydrogen_decentral,150,15.0,200,2250.0,1.0,120.0,5.0,0.11633680565513049,0.5880160219717878,,212132.03435596428,9,,9121730.130384509,231281189.9184713,0.5877840203770596,0.803671309294013,0.8031975520702774,56.21910334046383,5439909881.952937,450106015.73226166,62709473.11164767,512815488.8439093,36.818264658157396,11.328034261623719,8.072804420682713
hydrogen_decentral_nt150_tc15_A200_00c6d474,hydrogen_decentral,150,15.0,200,2250.0,1.0,120.0,6.0,0.11633680565513049,0.5880160219717878,,212132.03435596428,6,,9121730.130384509,231281189.9184713,0.5877840203770596,0.803671309294013,0.8031975520702774,55.44788645618145,5354522273.952937,443040921.48184174,62739735.071647674,505780656.55348945,36.818264658157396,11.328034261623719,7.301587536400326
hydrogen_decentral_nt150_tc15_A200_5546780a,hydrogen_decentral,150,15.0,200,2250.0,1.0,120.0,7.0,0.11633680565513049,0.5880160219717878,,212132.03435596428,4,,9121730.130384509,231281189.9184713,0.5877840203770596,0.803671309294013,0.8031975520702774,54.80010851645693,5283704481.952936,437181354.89125824,62690446.11164767,499871801.0029059,36.818264658157396,11.328034261623719,6.653809596675822
hydrogen_decentral_nt150_tc15_A200_1376da79,hydrogen_decentral,150,15.0,200,2250.0,1.0,120.0,8.0,0.11633680565513049,0.5880160219717878,,212132.03435596428,3,,9121730.130384509,231281189.9184713,0.5877840203770596,0.803671309294013,0.8031975520702774,54.476219546594685,5248295585.952937,434251571.5959666,62665801.63164767,496917373.2276142,36.818264658157396,11.328034261623719,6.329920626813568
hydrogen_decentral_nt150_tc15_A200_2f18dbc5,hydrogen_decentral,150,15.0,200,2250.0,1.0,130.0,4.0,0.11633680565513049,0.5880160219717878,,212132.03435596428,15,,9112704.87282234,231052354.7875847,0.5877840203770596,0.803671309294013,0.8031975520702774,57.67248314785402,5594409165.164082,462889510.0012316,62662808.20798199,525552318.2092136,36.85472960749675,11.386384915978201,9.43136862437906
hydrogen_decentral_nt150_tc15_A200_d8de945b,hydrogen_decentral,150,15.0,200,2250.0,1.0,130.0,5.0,0.11633680565513049,0.5880160219717878,,212132.03435596428,8,,9112704.87282234,231052354.7875847,0.5877840203770596,0.803671309294013,0.8031975520702774,55.964091524915396,5404819533.164081,447202589.49419,62781660.047981985,509984249.54217196,36.85472960749675,11.386384915978201,7.722977001440442
hydrogen_decentral_nt150_tc15_A200_ccd2178d,hydrogen_decentral,150,15.0,200,2250.0,1.0,130.0,6.0,0.11633680565513049,0.5880160219717878,,212132.03435596428,5,,9112704.87282234,231052354.7875847,0.5877840203770596,0.803671309294013,0.8031975520702774,55.13112676256574,5313098205.164081,439613434.085437,62780253.407981984,502393687.493419,36.85472960749675,11.386384915978201,6.8900122390907885
hydrogen_decentral_nt150_tc15_A200_1016e964,hydrogen_decentral,150,15.0,200,2250.0,1.0,130.0,7.0,0.11633680565513049,0.5880160219717878,,212132.03435596428,4,,9112704.87282234,231052354.7875847,0.5877840203770596,0.803671309294013,0.8031975520702774,54.947548970800085,5292295149.164081,437892159.1278721,62828638.12798199,500720797.2558541,36.85472960749675,11.386384915978201,6.706434447325136
hydrogen_decentral_nt150_tc15_A200_80ec8617,hydrogen_decentral,150,15.0,200,2250.0,1.0,130.0,8.0,0.11633680565513049,0.5880160219717878,,212132.03435596428,3,,9112704.87282234,231052354.7875847,0.5877840203770596,0.803671309294013,0.8031975520702774,54.6228554855081,5256836013.164082,434958218.9022781,62803742.44798199,497761961.35026014,36.85472960749675,11.386384915978201,6.3817409620331365
hydrogen_decentral_nt150_tc15_A200_e6856aef,hydrogen_decentral,150,15.0,200,2250.0,1.0,140.0,4.0,0.11633680565513049,0.5880160219717878,,212132.03435596428,13,,9104177.449700873,230836142.23379496,0.5877840203770596,0.803671309294013,0.8031975520702774,57.126920919613504,5527706794.426539,457370459.32133454,62723165.8858558,520093625.20719033,36.889249571010936,11.441169616736996,8.79650173186558
hydrogen_decentral_nt150_tc15_A200_3487b74b,hydrogen_decentral,150,15.0,200,2250.0,1.0,140.0,5.0,0.11633680565513049,0.5880160219717878,,212132.03435596428,8,,9104177.449700873,230836142.23379496,0.5877840203770596,0.803671309294013,0.8031975520702774,56.09393091968354,5411837674.426539,447783280.6582056,62905820.2858558,510689100.9440614,36.889249571010936,11.441169616736996,7.763511731935614
hydrogen_decentral_nt150_tc15_A200_aca9f7e6,hydrogen_decentral,150,15.0,200,2250.0,1.0,140.0,6.0,0.11633680565513049,0.5880160219717878,,212132.03435596428,5,,9104177.449700873,230836142.23379496,0.5877840203770596,0.803671309294013,0.8031975520702774,55.2660902750739,5320728986.42654,440244815.96960473,62907476.845855795,503152292.8154605,36.889249571010936,11.441169616736996,6.935671087325966
hydrogen_decentral_nt150_tc15_A200_a58c55d1,hydrogen_decentral,150,15.0,200,2250.0,1.0,140.0,7.0,0.11633680565513049,0.5880160219717878,,212132.03435596428,3,,9104177.449700873,230836142.23379496,0.5877840203770596,0.803671309294013,0.8031975520702774,54.54082430812443,5242000514.426541,433730708.2682678,62818634.485855795,496549342.7541236,36.889249571010936,11.441169616736996,6.210405120376481
hydrogen_decentral_nt150_tc15_A200_c07e8601,hydrogen_decentral,150,15.0,200,2250.0,1.0,140.0,8.0,0.11633680565513049,0.5880160219717878,,212132.03435596428,3,,9104177.449700873,230836142.23379496,0.5877840203770596,0.803671309294013,0.8031975520702774,54.76373142739406,5265129674.426541,435644448.43690026,62934280.2858558,498578728.722756,36.889249571010936,11.441169616736996,6.433312239646122
hydrogen_decentral_nt150_tc15_A200_12d8a426,hydrogen_decentral,150,15.0,200,2250.0,1.0,150.0,4.0,0.11633680565513049,0.5880160219717878,,212132.03435596428,12,,9096081.410595845,230630867.4086168,0.5877840203770596,0.803671309294013,0.8031975520702774,56.89935470057824,5496152072.25616,454759575.94608474,62801586.62074434,517561162.5668291,36.922083138961874,11.492896505195025,8.484375056421335
hydrogen_decentral_nt150_tc15_A200_a74ca06b,hydrogen_decentral,150,15.0,200,2250.0,1.0,150.0,5.0,0.11633680565513049,0.5880160219717878,,212132.03435596428,7,,9096081.410595845,230630867.4086168,0.5877840203770596,0.803671309294013,0.8031975520702774,55.81442566685362,5374993792.256159,444734764.53060657,62957795.22074434,507692559.7513509,36.922083138961874,11.492896505195025,7.399446022696731
hydrogen_decentral_nt150_tc15_A200_db8858e0,hydrogen_decentral,150,15.0,200,2250.0,1.0,150.0,6.0,0.11633680565513049,0.5880160219717878,,212132.03435596428,4,,9096081.410595845,230630867.4086168,0.5877840203770596,0.803671309294013,0.8031975520702774,54.913707546193585,5276406344.256159,436577496.4170839,62922057.98074434,499499554.3978283,36.922083138961874,11.492896505195025,6.498727902036686
hydrogen_decentral_nt150_tc15_A200_abb01025,hydrogen_decentral,150,15.0,200,2250.0,1.0,150.0,7.0,0.11633680565513049,0.5880160219717878,,212132.03435596428,3,,9096081.410595845,230630867.4086168,0.5877840203770596,0.803671309294013,0.8031975520702774,54.665501651895504,5248938128.25616,434304736.4759589,62937116.90074434,497241853.3767032,36.922083138961874,11.492896505195025,6.250522007738604
hydrogen_decentral_nt150_tc15_A200_117a4fdc,hydrogen_decentral,150,15.0,200,2250.0,1.0,150.0,8.0,0.11633680565513049,0.5880160219717878,,212132.03435596428,2,,9096081.410595845,230630867.4086168,0.5877840203770596,0.803671309294013,0.8031975520702774,54.26119531983162,5205287112.256159,430692988.24468637,62871261.82074434,493564250.0654307,36.922083138961874,11.492896505195025,5.8462156756747214
hydrogen_decentral_nt175_tc15_A200_9fd59cb1,hydrogen_decentral,175,15.0,200,2625.0,1.0,80.0,4.0,0.1285518050845479,0.5798877945896361,,226274.16997969523,46,,10542971.58306202,267316723.70846906,0.57959867812632,0.804552481207535,0.8041779176470812,65.39206664579416,7449350439.917459,616370035.3618516,73056665.04245397,689426700.4043056,37.16415718351507,11.238102013912647,16.989807448366445
hydrogen_decentral_nt175_tc15_A200_e67ef09a,hydrogen_decentral,175,15.0,200,2625.0,1.0,80.0,5.0,0.1285518050845479,0.5798877945896361,,226274.16997969523,26,,10542971.58306202,267316723.70846906,0.57959867812632,0.804552481207535,0.8041779176470812,60.993667081613815,6886102359.9174595,569766074.1457458,73288424.64245398,643054498.7881998,37.16415718351507,11.238102013912647,12.591407884186083
hydrogen_decentral_nt175_tc15_A200_ad420a95,hydrogen_decentral,175,15.0,200,2625.0,1.0,80.0,6.0,0.1285518050845479,0.5798877945896361,,226274.16997969523,16,,10542971.58306202,267316723.70846906,0.57959867812632,0.804552481207535,0.8041779176470812,58.47874138028505,6566540839.917459,543325091.5431243,73214617.04245397,616539708.5855783,37.16415718351507,11.238102013912647,10.07648218285733
hydrogen_decentral_nt175_tc15_A200_1088ab5a,hydrogen_decentral,175,15.0,200,2625.0,1.0,80.0,7.0,0.1285518050845479,0.5798877945896361,,226274.16997969523,11,,10542971.58306202,267316723.70846906,0.57959867812632,0.804552481207535,0.8041779176470812,57.131071124123935,6395920799.917458,529207742.52907974,73123516.84245397,602331259.3715338,37.16415718351507,11.238102013912647,8.728811926696222
hydrogen_decentral_nt175_tc15_A200_fd68a4f4,hydrogen_decentral,175,15.0,200,2625.0,1.0,80.0,8.0,0.1285518050845479,0.5798877945896361,,226274.16997969523,8,,10542971.58306202,267316723.70846906,0.57959867812632,0.804552481207535,0.8041779176470812,56.25030304602989,6284877351.917459,520019846.9504661,73025499.60245398,593045346.5529201,37.16415718351507,11.238102013912647,7.8480438486021695
hydrogen_decentral_nt175_tc15_A200_ad8018a9,hydrogen_decentral,175,15.0,200,2625.0,1.0,90.0,4.0,0.1285518050845479,0.5798877945896361,,226274.16997969523,33,,10526749.226953015,266905406.36290604,0.57959867812632,0.804552481207535,0.8041779176470812,61.95766062572844,7000568941.989391,579237204.7910922,72975551.30461195,652212756.0957041,37.22142939351304,11.33321534527098,13.403015886944415
hydrogen_decentral_nt175_tc15_A200_ddb915b1,hydrogen_decentral,175,15.0,200,2625.0,1.0,90.0,5.0,0.1285518050845479,0.5798877945896361,,226274.16997969523,19,,10526749.226953015,266905406.36290604,0.57959867812632,0.804552481207535,0.8041779176470812,58.96475762442157,6617179557.989391,547515012.3557397,73192204.38461195,620707216.7403517,37.22142939351304,11.33321534527098,10.41011288563755
hydrogen_decentral_nt175_tc15_A200_0bb6b1b7,hydrogen_decentral,175,15.0,200,2625.0,1.0,90.0,6.0,0.1285518050845479,0.5798877945896361,,226274.16997969523,12,,10526749.226953015,266905406.36290604,0.57959867812632,0.804552481207535,0.8041779176470812,57.25071065301548,6399378925.989391,529493872.88452953,73170001.22461195,602663874.1091415,37.22142939351304,11.33321534527098,8.696065914231463
hydrogen_decentral_nt175_tc15_A200_04d612a9,hydrogen_decentral,175,15.0,200,2625.0,1.0,90.0,7.0,0.1285518050845479,0.5798877945896361,,226274.16997969523,8,,10526749.226953015,266905406.36290604,0.57959867812632,0.804552481207535,0.8041779176470812,56.1330993863373,6258346221.989391,517824622.866991,73074437.70461194,590899060.571603,37.22142939351304,11.33321534527098,7.5784546475532775
hydrogen_decentral_nt175_tc15_A200_4c930a3a,hydrogen_decentral,175,15.0,200,2625.0,1.0,90.0,8.0,0.1285518050845479,0.5798877945896361,,226274.16997969523,6,,10526749.226953015,266905406.36290604,0.57959867812632,0.804552481207535,0.8041779176470812,55.57429375299821,6187829869.989391,511989997.8582217,73026655.94461195,585016653.8028337,37.22142939351304,11.33321534527098,7.0196490142141865
hydrogen_decentral_nt175_tc15_A200_71f8a216,hydrogen_decentral,175,15.0,200,2625.0,1.0,100.0,4.0,0.1285518050845479,0.5798877945896361,,226274.16997969523,27,,10524225.573424289,266841419.20446983,0.57959867812632,0.804552481207535,0.8041779176470812,60.318961860165246,6791492243.661981,561937896.2163658,72872464.7547896,634810360.9711554,37.23035489505971,11.34788690199657,11.74072006310896
hydrogen_decentral_nt175_tc15_A200_aa3aa1c9,hydrogen_decentral,175,15.0,200,2625.0,1.0,100.0,5.0,0.1285518050845479,0.5798877945896361,,226274.16997969523,15,,10524225.573424289,266841419.20446983,0.57959867812632,0.804552481207535,0.8041779176470812,57.733521489753194,6460536251.661981,534554118.51151174,73046484.79478961,607600603.3063014,37.23035489505971,11.34788690199657,9.155279692696904
hydrogen_decentral_nt175_tc15_A200_ebeedd8d,hydrogen_decentral,175,15.0,200,2625.0,1.0,100.0,6.0,0.1285518050845479,0.5798877945896361,,226274.16997969523,9,,10524225.573424289,266841419.20446983,0.57959867812632,0.804552481207535,0.8041779176470812,56.208834198142526,6267234755.661981,518560073.00566775,72994377.31478961,591554450.3204573,37.23035489505971,11.34788690199657,7.630592401086241
hydrogen_decentral_nt175_tc15_A200_0c15c721,hydrogen_decentral,175,15.0,200,2625.0,1.0,100.0,7.0,0.1285518050845479,0.5798877945896361,,226274.16997969523,6,,10524225.573424289,266841419.20446983,0.57959867812632,0.804552481207535,0.8041779176470812,55.36916818353565,6161309507.661981,509795664.70160675,72921951.07478961,582717615.7763964,37.23035489505971,11.34788690199657,6.790926386479361
hydrogen_decentral_nt175_tc15_A200_d0638da5,hydrogen_decentral,175,15.0,200,2625.0,1.0,100.0,8.0,0.1285518050845479,0.5798877945896361,,226274.16997969523,5,,10524225.573424289,266841419.20446983,0.57959867812632,0.804552481207535,0.8041779176470812,55.192376003735426,6138367091.661982,507897376.0017718,72959638.99478962,580857014.9965614,37.23035489505971,11.34788690199657,6.61413420667913
hydrogen_decentral_nt175_tc15_A200_d7b72fcd,hydrogen_decentral,175,15.0,200,2625.0,1.0,110.0,4.0,0.1285518050845479,0.5798877945896361,,226274.16997969523,22,,10512367.910286723,266540768.51639766,0.57959867812632,0.804552481207535,0.8041779176470812,59.05093596564922,6621252131.023899,547851982.9420397,72913181.37564717,620765164.3176869,37.27234971588459,11.416419651199222,10.362166598565402
hydrogen_decentral_nt175_tc15_A200_df2db315,hydrogen_decentral,175,15.0,200,2625.0,1.0,110.0,5.0,0.1285518050845479,0.5798877945896361,,226274.16997969523,13,,10512367.910286723,266540768.51639766,0.57959867812632,0.804552481207535,0.8041779176470812,57.23761967295847,6388365067.023899,528582570.2555575,73120346.05564718,601702916.3112047,37.27234971588459,11.416419651199222,8.548850305874657
hydrogen_decentral_nt175_tc15_A200_cf7bfdd1,hydrogen_decentral,175,15.0,200,2625.0,1.0,110.0,6.0,0.1285518050845479,0.5798877945896361,,226274.16997969523,8,,10512367.910286723,266540768.51639766,0.57959867812632,0.804552481207535,0.8041779176470812,55.998877386994764,6231265827.023899,515583951.79947734,73096849.85564718,588680801.6551245,37.27234971588459,11.416419651199222,7.310108019910943
hydrogen_decentral_nt175_tc15_A200_835702ec,hydrogen_decentral,175,15.0,200,2625.0,1.0,110.0,7.0,0.1285518050845479,0.5798877945896361,,226274.16997969523,5,,10512367.910286723,266540768.51639766,0.57959867812632,0.804552481207535,0.8041779176470812,55.10221418624244,6118625179.023899,506263901.58155376,72990846.61564718,579254748.1972009,37.27234971588459,11.416419651199222,6.413444819158632
hydrogen_decentral_nt175_tc15_A200_2e8255a2,hydrogen_decentral,175,15.0,200,2625.0,1.0,110.0,8.0,0.1285518050845479,0.5798877945896361,,226274.16997969523,4,,10512367.910286723,266540768.51639766,0.57959867812632,0.804552481207535,0.8041779176470812,54.87638256178886,6089831203.023899,503881446.3395199,72999276.73564717,576880723.0751671,37.27234971588459,11.416419651199222,6.187613194705042
hydrogen_decentral_nt175_tc15_A200_ad53044a,hydrogen_decentral,175,15.0,200,2625.0,1.0,120.0,4.0,0.1285518050845479,0.5798877945896361,,226274.16997969523,19,,10501301.301514419,266260174.98768815,0.57959867812632,0.804552481207535,0.8041779176470812,58.32976206429666,6520916420.194145,539550061.0320703,72988345.25075458,612538406.2828249,37.311628515767296,11.479829647265653,9.538303901263706
hydrogen_decentral_nt175_tc15_A200_576c2f28,hydrogen_decentral,175,15.0,200,2625.0,1.0,120.0,5.0,0.1285518050845479,0.5798877945896361,,226274.16997969523,11,,10501301.301514419,266260174.98768815,0.57959867812632,0.804552481207535,0.8041779176470812,56.71747600061078,6314055212.194145,522434065.3330723,73173239.21075457,595607304.5438268,37.311628515767296,11.479829647265653,7.926017837577843
hydrogen_decentral_nt175_tc15_A200_8ae74049,hydrogen_decentral,175,15.0,200,2625.0,1.0,120.0,6.0,0.1285518050845479,0.5798877945896361,,226274.16997969523,7,,10501301.301514419,266260174.98768815,0.57959867812632,0.804552481207535,0.8041779176470812,55.766235789621796,6193258708.194145,512439187.7873607,73178856.69075458,585618044.4781153,37.311628515767296,11.479829647265653,6.974777626588844
hydrogen_decentral_nt175_tc15_A200_8ec31124,hydrogen_decentral,175,15.0,200,2625.0,1.0,120.0,7.0,0.1285518050845479,0.5798877945896361,,226274.16997969523,5,,10501301.301514419,266260174.98768815,0.57959867812632,0.804552481207535,0.8041779176470812,55.26159624829808,6129387276.194145,507154373.07526237,73164299.53075458,580318672.606017,37.311628515767296,11.479829647265653,6.470138085265133
hydrogen_decentral_nt175_tc15_A200_12d2cc87,hydrogen_decentral,175,15.0,200,2625.0,1.0,120.0,8.0,0.1285518050845479,0.5798877945896361,,226274.16997969523,4,,10501301.301514419,266260174.98768815,0.57959867812632,0.804552481207535,0.8041779176470812,55.03829591346544,6100924740.194145,504799341.6584557,73174386.85075457,577973728.5092103,37.311628515767296,11.479829647265653,6.246837750432489
hydrogen_decentral_nt175_tc15_A200_5fa4ae0c,hydrogen_decentral,175,15.0,200,2625.0,1.0,130.0,4.0,0.1285518050845479,0.5798877945896361,,226274.16997969523,17,,10490903.901566967,265996549.22837138,0.57959867812632,0.804552481207535,0.8041779176470812,57.87924194339139,6455397179.940481,534128904.2805186,73076660.84314461,607205565.1236632,37.34860759097465,11.538970076181428,8.991664276235307
hydrogen_decentral_nt175_tc15_A200_c1b6a3a6,hydrogen_decentral,175,15.0,200,2625.0,1.0,130.0,5.0,0.1285518050845479,0.5798877945896361,,226274.16997969523,10,,10490903.901566967,265996549.22837138,0.57959867812632,0.804552481207535,0.8041779176470812,56.51786039485969,6280463627.94048,519654649.0415062,73268793.0831446,592923442.1246507,37.34860759097465,11.538970076181428,7.630282727703617
hydrogen_decentral_nt175_tc15_A200_cca68f3a,hydrogen_decentral,175,15.0,200,2625.0,1.0,130.0,6.0,0.1285518050845479,0.5798877945896361,,226274.16997969523,6,,10490903.901566967,265996549.22837138,0.57959867812632,0.804552481207535,0.8041779176470812,55.512284702495265,6153283163.94048,509131553.40715915,73242490.76314461,582374044.1703038,37.34860759097465,11.538970076181428,6.624707035339173
hydrogen_decentral_nt175_tc15_A200_d6d7c7bf,hydrogen_decentral,175,15.0,200,2625.0,1.0,130.0,7.0,0.1285518050845479,0.5798877945896361,,226274.16997969523,4,,10490903.901566967,265996549.22837138,0.57959867812632,0.804552481207535,0.8041779176470812,54.94820825429671,6082364891.94048,503263672.955971,73192699.40314461,576456372.3591156,37.34860759097465,11.538970076181428,6.06063058714063
hydrogen_decentral_nt175_tc15_A200_332c6d35,hydrogen_decentral,175,15.0,200,2625.0,1.0,130.0,8.0,0.1285518050845479,0.5798877945896361,,226274.16997969523,3,,10490903.901566967,265996549.22837138,0.57959867812632,0.804552481207535,0.8041779176470812,54.666170030197435,6046905755.94048,500329732.7303769,73167803.7231446,573497536.4535215,37.34860759097465,11.538970076181428,5.778592363041358
hydrogen_decentral_nt175_tc15_A200_7e6c322f,hydrogen_decentral,175,15.0,200,2625.0,1.0,140.0,4.0,0.1285518050845479,0.5798877945896361,,226274.16997969523,15,,10481080.023621729,265747465.10197082,0.57959867812632,0.804552481207535,0.8041779176470812,57.419906397536614,6389389086.080017,528667299.07411975,73155334.82733072,601822633.9014505,37.383614304173236,11.594496421440759,8.441795671922618
hydrogen_decentral_nt175_tc15_A200_5c8046bd,hydrogen_decentral,175,15.0,200,2625.0,1.0,140.0,5.0,0.1285518050845479,0.5798877945896361,,226274.16997969523,9,,10481080.023621729,265747465.10197082,0.57959867812632,0.804552481207535,0.8041779176470812,56.30443868971148,6245720310.080017,516779936.6446386,73351390.94733073,590131327.5919694,37.383614304173236,11.594496421440759,7.326327964097479
hydrogen_decentral_nt175_tc15_A200_00f92824,hydrogen_decentral,175,15.0,200,2625.0,1.0,140.0,6.0,0.1285518050845479,0.5798877945896361,,226274.16997969523,6,,10481080.023621729,265747465.10197082,0.57959867812632,0.804552481207535,0.8041779176470812,55.64989296316465,6162321342.080017,509879385.34558177,73391596.10733072,583270981.4529124,37.383614304173236,11.594496421440759,6.671782237550661
hydrogen_decentral_nt175_tc15_A200_00abf83b,hydrogen_decentral,175,15.0,200,2625.0,1.0,140.0,7.0,0.1285518050845479,0.5798877945896361,,226274.16997969523,4,,10481080.023621729,265747465.10197082,0.57959867812632,0.804552481207535,0.8041779176470812,55.08444664862111,6091302590.080017,504003191.0337889,73341302.34733072,577344493.3811196,37.383614304173236,11.594496421440759,6.106335923007118
hydrogen_decentral_nt175_tc15_A200_53321748,hydrogen_decentral,175,15.0,200,2625.0,1.0,140.0,8.0,0.1285518050845479,0.5798877945896361,,226274.16997969523,3,,10481080.023621729,265747465.10197082,0.57959867812632,0.804552481207535,0.8041779176470812,54.80172349134934,6055793214.080017,501065093.8778925,73316155.46733072,574381249.3452232,37.383614304173236,11.594496421440759,5.823612765735347
hydrogen_decentral_nt175_tc15_A200_0eb0579c,hydrogen_decentral,175,15.0,200,2625.0,1.0,150.0,4.0,0.1285518050845479,0.5798877945896361,,226274.16997969523,14,,10471753.114557324,265510981.60642302,0.57959867812632,0.804552481207535,0.8041779176470812,57.236067504985485,6358493472.881239,526110951.3289776,73251016.83136736,599361968.160345,37.4169108847266,11.646923677729388,8.172232942529487
hydrogen_decentral_nt175_tc15_A200_aa43b051,hydrogen_decentral,175,15.0,200,2625.0,1.0,150.0,5.0,0.1285518050845479,0.5798877945896361,,226274.16997969523,8,,10471753.114557324,265510981.60642302,0.57959867812632,0.804552481207535,0.8041779176470812,56.07806619384439,6209866976.881239,513813379.97237444,73422284.35136735,587235664.3237418,37.4169108847266,11.646923677729388,7.014231631388396
hydrogen_decentral_nt175_tc15_A200_2fb841a2,hydrogen_decentral,175,15.0,200,2625.0,1.0,150.0,6.0,0.1285518050845479,0.5798877945896361,,226274.16997969523,5,,10471753.114557324,265510981.60642302,0.57959867812632,0.804552481207535,0.8041779176470812,55.36347197771009,6119370928.881239,506325606.00392544,73427004.11136736,579752610.1152928,37.4169108847266,11.646923677729388,6.299637415254101
hydrogen_decentral_nt175_tc15_A200_cd056fbc,hydrogen_decentral,175,15.0,200,2625.0,1.0,150.0,7.0,0.1285518050845479,0.5798877945896361,,226274.16997969523,4,,10471753.114557324,265510981.60642302,0.57959867812632,0.804552481207535,0.8041779176470812,55.21566961270783,6099994112.881239,504722340.20787406,73482520.03136736,578204860.2392414,37.4169108847266,11.646923677729388,6.151835050251837
hydrogen_decentral_nt175_tc15_A200_24725601,hydrogen_decentral,175,15.0,200,2625.0,1.0,150.0,8.0,0.1285518050845479,0.5798877945896361,,226274.16997969523,3,,10471753.114557324,265510981.60642302,0.57959867812632,0.804552481207535,0.8041779176470812,54.932273687141816,6064434496.881239,501780086.12167525,73457121.95136736,575237208.0730426,37.4169108847266,11.646923677729388,5.86843912468582
hydrogen_decentral_nt200_tc15_A200_2d8601d3,hydrogen_decentral,200,15.0,200,3000.0,1.0,80.0,4.0,0.14055492220723298,0.5719005600562623,,240416.30560342618,53,,11894195.854675815,301576974.0029365,0.5716843100756184,0.8054072641972764,0.8050531956523368,66.02821514386915,8482617665.547712,701864060.8526189,83488462.00323223,785352522.8558512,37.648197287055595,11.38447132441664,16.995546532396908
hydrogen_decentral_nt200_tc15_A200_ab66c6cf,hydrogen_decentral,200,15.0,200,3000.0,1.0,80.0,5.0,0.14055492220723298,0.5719005600562623,,240416.30560342618,29,,11894195.854675815,301576974.0029365,0.5716843100756184,0.8054072641972764,0.8050531956523368,61.26178938831481,7794796761.547712,644952763.9092846,83706957.48323223,728659721.3925169,37.648197287055595,11.38447132441664,12.229120776842576
hydrogen_decentral_nt200_tc15_A200_6d6a1752,hydrogen_decentral,200,15.0,200,3000.0,1.0,80.0,6.0,0.14055492220723298,0.5719005600562623,,240416.30560342618,18,,11894195.854675815,301576974.0029365,0.5716843100756184,0.8054072641972764,0.8050531956523368,58.82563828113881,7445446945.547712,616047054.5889479,83636608.40323222,699683662.9921801,37.648197287055595,11.38447132441664,9.792969669666574
hydrogen_decentral_nt200_tc15_A200_8a99ba4b,hydrogen_decentral,200,15.0,200,3000.0,1.0,80.0,7.0,0.14055492220723298,0.5719005600562623,,240416.30560342618,12,,11894195.854675815,301576974.0029365,0.5716843100756184,0.8054072641972764,0.8050531956523368,57.34417860620276,7234199329.547712,598568121.1444542,83494770.32323222,682062891.4676864,37.648197287055595,11.38447132441664,8.311509994730532
hydrogen_decentral_nt200_tc15_A200_3195a9ac,hydrogen_decentral,200,15.0,200,3000.0,1.0,80.0,8.0,0.14055492220723298,0.5719005600562623,,240416.30560342618,9,,11894195.854675815,301576974.0029365,0.5716843100756184,0.8054072641972764,0.8050531956523368,56.60344876873474,7128575521.547712,589828654.4222074,83423851.28323223,673252505.7054396,37.648197287055595,11.38447132441664,7.57078015726251
hydrogen_decentral_nt200_tc15_A200_774e3fe7,hydrogen_decentral,200,15.0,200,3000.0,1.0,90.0,4.0,0.14055492220723298,0.5719005600562623,,240416.30560342618,38,,11875876.21674698,301112480.14064354,0.5716843100756184,0.8054072641972764,0.8050531956523368,62.513620429001236,7964709174.201349,659011562.8126826,83392455.26284133,742404018.075524,37.70627311492584,11.480841011267877,13.326506302807529
hydrogen_decentral_nt200_tc15_A200_9dd3d165,hydrogen_decentral,200,15.0,200,3000.0,1.0,90.0,5.0,0.14055492220723298,0.5719005600562623,,240416.30560342618,21,,11875876.21674698,301112480.14064354,0.5716843100756184,0.8054072641972764,0.8050531956523368,59.20345481534504,7487147902.201349,619497452.0879693,83595448.90284133,703092900.9908106,37.70627311492584,11.480841011267877,10.016340689151322
hydrogen_decentral_nt200_tc15_A200_fcedbf0c,hydrogen_decentral,200,15.0,200,3000.0,1.0,90.0,6.0,0.14055492220723298,0.5719005600562623,,240416.30560342618,13,,11875876.21674698,301112480.14064354,0.5716843100756184,0.8054072641972764,0.8050531956523368,57.436465531135156,7234089094.201348,598559000.1123743,83549354.86284134,682108354.9752157,37.70627311492584,11.480841011267877,8.249351404941445
hydrogen_decentral_nt200_tc15_A200_d164969f,hydrogen_decentral,200,15.0,200,3000.0,1.0,90.0,7.0,0.14055492220723298,0.5719005600562623,,240416.30560342618,9,,11875876.21674698,301112480.14064354,0.5716843100756184,0.8054072641972764,0.8050531956523368,56.48867884826544,7098857710.201349,587369759.7067324,83482797.94284134,670852557.6495737,37.70627311492584,11.480841011267877,7.301564722071721
hydrogen_decentral_nt200_tc15_A200_c677e4ce,hydrogen_decentral,200,15.0,200,3000.0,1.0,90.0,8.0,0.14055492220723298,0.5719005600562623,,240416.30560342618,6,,11875876.21674698,301112480.14064354,0.5716843100756184,0.8054072641972764,0.8050531956523368,55.61710873420117,6975679222.201349,577177793.357889,83324105.50284134,660501898.8607304,37.70627311492584,11.480841011267877,6.429994608007457
hydrogen_decentral_nt200_tc15_A200_ff20f607,hydrogen_decentral,200,15.0,200,3000.0,1.0,100.0,4.0,0.14055492220723298,0.5719005600562623,,240416.30560342618,30,,11873026.296637135,301040220.50297,0.5716843100756184,0.8054072641972764,0.8050531956523368,60.57010191365101,7685426254.970023,635903289.9248681,83247122.88590154,719150412.8107697,37.71532387109641,11.495706419338093,11.359071623216511
hydrogen_decentral_nt200_tc15_A200_e2c06ce9,hydrogen_decentral,200,15.0,200,3000.0,1.0,100.0,5.0,0.14055492220723298,0.5719005600562623,,240416.30560342618,17,,11873026.296637135,301040220.50297,0.5716843100756184,0.8054072641972764,0.8050531956523368,58.12166478242669,7331527846.970023,606621223.520179,83458830.84590153,690080054.3660805,37.71532387109641,11.495706419338093,8.910634491992193
hydrogen_decentral_nt200_tc15_A200_0a703c99,hydrogen_decentral,200,15.0,200,3000.0,1.0,100.0,6.0,0.14055492220723298,0.5719005600562623,,240416.30560342618,11,,11873026.296637135,301040220.50297,0.5716843100756184,0.8054072641972764,0.8050531956523368,56.86156968306441,7150592350.970023,591650358.749187,83468553.36590154,675118912.1150886,37.71532387109641,11.495706419338093,7.6505393926299075
hydrogen_decentral_nt200_tc15_A200_7e31d006,hydrogen_decentral,200,15.0,200,3000.0,1.0,100.0,7.0,0.14055492220723298,0.5719005600562623,,240416.30560342618,7,,11873026.296637135,301040220.50297,0.5716843100756184,0.8054072641972764,0.8050531956523368,55.82350650369919,7003175686.970023,579452890.6430131,83341070.04590154,662793960.6889147,37.71532387109641,11.495706419338093,6.612476213264691
hydrogen_decentral_nt200_tc15_A200_af8bd310,hydrogen_decentral,200,15.0,200,3000.0,1.0,100.0,8.0,0.14055492220723298,0.5719005600562623,,240416.30560342618,5,,11873026.296637135,301040220.50297,0.5716843100756184,0.8054072641972764,0.8050531956523368,55.281628785579244,6926375854.970023,573098361.4062132,83261870.88590154,656360232.2921147,37.71532387109641,11.495706419338093,6.070598495144734
hydrogen_decentral_nt200_tc15_A200_6c4f40e1,hydrogen_decentral,200,15.0,200,3000.0,1.0,110.0,4.0,0.14055492220723298,0.5719005600562623,,240416.30560342618,25,,11859635.634152433,300700700.66309416,0.5716843100756184,0.8054072641972764,0.8050531956523368,59.46237808129714,7516079246.240787,621891273.3603716,83310864.62402447,705202137.9843961,37.75790807756264,11.565144860753234,10.139325142981262
hydrogen_decentral_nt200_tc15_A200_4573fa40,hydrogen_decentral,200,15.0,200,3000.0,1.0,110.0,5.0,0.14055492220723298,0.5719005600562623,,240416.30560342618,14,,11859635.634152433,300700700.66309416,0.5716843100756184,0.8054072641972764,0.8050531956523368,57.40613507976008,7219039550.2407875,597313779.0668662,83502066.14402448,680815845.2108907,37.75790807756264,11.565144860753234,8.083082141444205
hydrogen_decentral_nt200_tc15_A200_9a8c3c8c,hydrogen_decentral,200,15.0,200,3000.0,1.0,110.0,6.0,0.14055492220723298,0.5719005600562623,,240416.30560342618,9,,11859635.634152433,300700700.66309416,0.5716843100756184,0.8054072641972764,0.8050531956523368,56.35668292818779,7068504990.2407875,584858331.7337415,83511393.34402446,668369725.077766,37.75790807756264,11.565144860753234,7.033629989871917
hydrogen_decentral_nt200_tc15_A200_8a3adee5,hydrogen_decentral,200,15.0,200,3000.0,1.0,110.0,7.0,0.14055492220723298,0.5719005600562623,,240416.30560342618,6,,11859635.634152433,300700700.66309416,0.5716843100756184,0.8054072641972764,0.8050531956523368,55.610449299434286,6962429022.2407875,576081452.6387736,83438213.50402448,659519666.1427981,37.75790807756264,11.565144860753234,6.287396361118403
hydrogen_decentral_nt200_tc15_A200_b8d619a4,hydrogen_decentral,200,15.0,200,3000.0,1.0,110.0,8.0,0.14055492220723298,0.5719005600562623,,240416.30560342618,5,,11859635.634152433,300700700.66309416,0.5716843100756184,0.8054072641972764,0.8050531956523368,55.45884003802489,6940199726.2407875,574242168.5196952,83479467.02402447,657721635.5437196,37.75790807756264,11.565144860753234,6.135787099709016
hydrogen_decentral_nt200_tc15_A200_6e71a582,hydrogen_decentral,200,15.0,200,3000.0,1.0,120.0,4.0,0.14055492220723298,0.5719005600562623,,240416.30560342618,22,,11847138.296253651,300383831.04091406,0.5716843100756184,0.8054072641972764,0.8050531956523368,58.83831731933887,7416577926.435353,613658390.1712025,83407292.22986148,697065682.401064,37.79773823095468,11.629393119625849,9.411185968758353
hydrogen_decentral_nt200_tc15_A200_c4d8d6fc,hydrogen_decentral,200,15.0,200,3000.0,1.0,120.0,5.0,0.14055492220723298,0.5719005600562623,,240416.30560342618,12,,11847138.296253651,300383831.04091406,0.5716843100756184,0.8054072641972764,0.8050531956523368,56.96187483549228,7145845286.435354,591257579.7601063,83577629.02986148,674835208.7899678,37.79773823095468,11.629393119625849,7.534743484911765
hydrogen_decentral_nt200_tc15_A200_5dfb8e8e,hydrogen_decentral,200,15.0,200,3000.0,1.0,120.0,6.0,0.14055492220723298,0.5719005600562623,,240416.30560342618,8,,11847138.296253651,300383831.04091406,0.5716843100756184,0.8054072641972764,0.8050531956523368,56.170141325451915,7031995142.435354,581837454.0928798,83617978.30986148,665455432.4027412,37.79773823095468,11.629393119625849,6.743009974871397
hydrogen_decentral_nt200_tc15_A200_2398eb25,hydrogen_decentral,200,15.0,200,3000.0,1.0,120.0,7.0,0.14055492220723298,0.5719005600562623,,240416.30560342618,5,,11847138.296253651,300383831.04091406,0.5716843100756184,0.8054072641972764,0.8050531956523368,55.37055861041299,6918822094.435354,572473352.3285196,83509313.06986149,655982665.3983811,37.79773823095468,11.629393119625849,5.943427259832466
hydrogen_decentral_nt200_tc15_A200_34a12489,hydrogen_decentral,200,15.0,200,3000.0,1.0,120.0,8.0,0.14055492220723298,0.5719005600562623,,240416.30560342618,4,,11847138.296253651,300383831.04091406,0.5716843100756184,0.8054072641972764,0.8050531956523368,55.17262523290289,6890359558.435354,570118320.9117129,83519400.38986148,653637721.3015743,37.79773823095468,11.629393119625849,5.745493882322373
hydrogen_decentral_nt200_tc15_A200_01ef79ee,hydrogen_decentral,200,15.0,200,3000.0,1.0,130.0,4.0,0.14055492220723298,0.5719005600562623,,240416.30560342618,20,,11835396.684791125,300086122.8395316,0.5716843100756184,0.8054072641972764,0.8050531956523368,58.453270842431095,7351844330.71688,608302238.7853996,83515409.15830725,691817647.9437068,37.835236454993115,11.689315598071037,8.928718789366956
hydrogen_decentral_nt200_tc15_A200_12e159d6,hydrogen_decentral,200,15.0,200,3000.0,1.0,130.0,5.0,0.14055492220723298,0.5719005600562623,,240416.30560342618,11,,11835396.684791125,300086122.8395316,0.5716843100756184,0.8054072641972764,0.8050531956523368,56.80086978676416,7113320546.71688,588566435.7292137,83694390.23830725,672260825.967521,37.835236454993115,11.689315598071037,7.27631773370001
hydrogen_decentral_nt200_tc15_A200_3d2f12b3,hydrogen_decentral,200,15.0,200,3000.0,1.0,130.0,6.0,0.14055492220723298,0.5719005600562623,,240416.30560342618,7,,11835396.684791125,300086122.8395316,0.5716843100756184,0.8054072641972764,0.8050531956523368,55.963853049246396,6993468122.71688,578649672.7288812,83704728.11830725,662354400.8471885,37.835236454993115,11.689315598071037,6.439300996182245
hydrogen_decentral_nt200_tc15_A200_aa3a243e,hydrogen_decentral,200,15.0,200,3000.0,1.0,130.0,7.0,0.14055492220723298,0.5719005600562623,,240416.30560342618,5,,11835396.684791125,300086122.8395316,0.5716843100756184,0.8054072641972764,0.8050531956523368,55.51818155063481,6929877890.71688,573388124.9117078,83691576.95830725,657079701.870015,37.835236454993115,11.689315598071037,5.993629497570654
hydrogen_decentral_nt200_tc15_A200_f6e265db,hydrogen_decentral,200,15.0,200,3000.0,1.0,130.0,8.0,0.14055492220723298,0.5719005600562623,,240416.30560342618,4,,11835396.684791125,300086122.8395316,0.5716843100756184,0.8054072641972764,0.8050531956523368,55.32250893118172,6901746794.71688,571060517.3201283,83703321.47830725,654763838.7984356,37.835236454993115,11.689315598071037,5.797956878117566
hydrogen_decentral_nt200_tc15_A200_375943f2,hydrogen_decentral,200,15.0,200,3000.0,1.0,140.0,4.0,0.14055492220723298,0.5719005600562623,,240416.30560342618,18,,11824302.742221717,299804836.2632281,0.5716843100756184,0.8054072641972764,0.8050531956523368,58.059650670159925,7286580753.733494,602902235.9828013,83612650.64880566,686514886.6316069,37.87073469531074,11.745576399580381,8.443339575268814
hydrogen_decentral_nt200_tc15_A200_d9e10160,hydrogen_decentral,200,15.0,200,3000.0,1.0,140.0,5.0,0.14055492220723298,0.5719005600562623,,240416.30560342618,10,,11824302.742221717,299804836.2632281,0.5716843100756184,0.8054072641972764,0.8050531956523368,56.62689537278104,7079602945.733493,585776592.6310714,83796961.60880566,669573554.2398771,37.87073469531074,11.745576399580381,7.010584277889924
hydrogen_decentral_nt200_tc15_A200_5febf5fc,hydrogen_decentral,200,15.0,200,3000.0,1.0,140.0,6.0,0.14055492220723298,0.5719005600562623,,240416.30560342618,6,,11824302.742221717,299804836.2632281,0.5716843100756184,0.8054072641972764,0.8050531956523368,55.7388893403404,6952984881.733494,575300030.7865741,83773471.28880566,659073502.0753798,37.87073469531074,11.745576399580381,6.122578245449275
hydrogen_decentral_nt200_tc15_A200_e99f0c23,hydrogen_decentral,200,15.0,200,3000.0,1.0,140.0,7.0,0.14055492220723298,0.5719005600562623,,240416.30560342618,4,,11824302.742221717,299804836.2632281,0.5716843100756184,0.8054072641972764,0.8050531956523368,55.23767686286967,6881966129.733494,569423836.4747813,83723177.52880566,653147014.0035869,37.87073469531074,11.745576399580381,5.621365767978547
hydrogen_decentral_nt200_tc15_A200_a24103b7,hydrogen_decentral,200,15.0,200,3000.0,1.0,140.0,8.0,0.14055492220723298,0.5719005600562623,,240416.30560342618,3,,11824302.742221717,299804836.2632281,0.5716843100756184,0.8054072641972764,0.8050531956523368,54.987070624134304,6846456753.733494,566485739.3188848,83698030.64880566,650183769.9676905,37.87073469531074,11.745576399580381,5.370759529243185
hydrogen_decentral_nt200_tc15_A200_36f4092f,hydrogen_decentral,200,15.0,200,3000.0,1.0,150.0,4.0,0.14055492220723298,0.5719005600562623,,240416.30560342618,16,,11813770.018374026,299537779.3705382,0.5716843100756184,0.8054072641972764,0.8050531956523368,57.658374311878795,7220834873.506318,597462326.7118704,83700447.04199038,681162773.7538608,37.904498852716415,11.798697293324004,7.955178165838373
hydrogen_decentral_nt200_tc15_A200_7623d5a5,hydrogen_decentral,200,15.0,200,3000.0,1.0,150.0,5.0,0.14055492220723298,0.5719005600562623,,240416.30560342618,9,,11813770.018374026,299537779.3705382,0.5716843100756184,0.8054072641972764,0.8050531956523368,56.44081168493103,7044740161.506318,582891995.4141423,83886773.48199038,666778768.8961326,37.904498852716415,11.798697293324004,6.737615538890607
hydrogen_decentral_nt200_tc15_A200_514d74a4,hydrogen_decentral,200,15.0,200,3000.0,1.0,150.0,6.0,0.14055492220723298,0.5719005600562623,,240416.30560342618,6,,11813770.018374026,299537779.3705382,0.5716843100756184,0.8054072641972764,0.8050531956523368,55.86748893928412,6962335513.506318,576073715.5907669,83931950.24199039,660005665.8327572,37.904498852716415,11.798697293324004,6.164292793243702
hydrogen_decentral_nt200_tc15_A200_dba2ec85,hydrogen_decentral,200,15.0,200,3000.0,1.0,150.0,7.0,0.14055492220723298,0.5719005600562623,,240416.30560342618,4,,11813770.018374026,299537779.3705382,0.5716843100756184,0.8054072641972764,0.8050531956523368,55.365083329291174,6891216281.506318,570189207.4183693,83881154.08199039,654070361.5003597,37.904498852716415,11.798697293324004,5.661887183250758
hydrogen_decentral_nt200_tc15_A200_e10bc3f5,hydrogen_decentral,200,15.0,200,3000.0,1.0,150.0,8.0,0.14055492220723298,0.5719005600562623,,240416.30560342618,3,,11813770.018374026,299537779.3705382,0.5716843100756184,0.8054072641972764,0.8050531956523368,55.113880524294714,6855656665.506318,567246953.3321706,83855756.0019904,651102709.334161,37.904498852716415,11.798697293324004,5.410684378254285
hydrogen_decentral_nt225_tc15_A200_3b793faa,hydrogen_decentral,225,15.0,200,3375.0,1.0,80.0,4.0,0.14836960105665986,0.5667004381099886,,240416.30560342618,59,,13262873.160835568,336279745.4572913,0.5663669713820085,0.8060174103697926,0.8056456472232753,66.05134087928283,9452887658.677334,782145604.1629206,93884952.02212091,876030556.1850415,37.98342976005965,11.485842565297814,16.582068553925378
hydrogen_decentral_nt225_tc15_A200_5bd45566,hydrogen_decentral,225,15.0,200,3375.0,1.0,80.0,5.0,0.14836960105665986,0.5667004381099886,,240416.30560342618,33,,13262873.160835568,336279745.4572913,0.5663669713820085,0.8060174103697926,0.8056456472232753,61.47734827523916,8716329442.677334,721201711.4968894,94164560.94212091,815366272.4390103,37.98342976005965,11.485842565297814,12.008075949881706
hydrogen_decentral_nt225_tc15_A200_c394a7dd,hydrogen_decentral,225,15.0,200,3375.0,1.0,80.0,6.0,0.14836960105665986,0.5667004381099886,,240416.30560342618,21,,13262873.160835568,336279745.4572913,0.5663669713820085,0.8060174103697926,0.8056456472232753,59.14287676471357,8342610970.677335,690279704.3152043,94124768.58212091,784404472.8973252,37.98342976005965,11.485842565297814,9.67360443935611
hydrogen_decentral_nt225_tc15_A200_9c772a39,hydrogen_decentral,225,15.0,200,3375.0,1.0,80.0,7.0,0.14836960105665986,0.5667004381099886,,240416.30560342618,14,,13262873.160835568,336279745.4572913,0.5663669713820085,0.8060174103697926,0.8056456472232753,57.592868216092214,8096155418.677335,669887615.2966284,93959290.8221209,763846906.1187493,37.98342976005965,11.485842565297814,8.123595890734748
hydrogen_decentral_nt225_tc15_A200_d56499fd,hydrogen_decentral,225,15.0,200,3375.0,1.0,80.0,8.0,0.14836960105665986,0.5667004381099886,,240416.30560342618,10,,13262873.160835568,336279745.4572913,0.5663669713820085,0.8060174103697926,0.8056456472232753,56.63544104514104,7944484394.677335,657338135.2875654,93810535.7021209,751148670.9896863,37.98342976005965,11.485842565297814,7.166168719783584
hydrogen_decentral_nt225_tc15_A200_191a52d4,hydrogen_decentral,225,15.0,200,3375.0,1.0,90.0,4.0,0.14836960105665986,0.5667004381099886,,240416.30560342618,42,,13242438.604942925,335761627.91437435,0.5663669713820085,0.8060174103697926,0.8056456472232753,62.47664100884478,8865801933.912676,733569281.7235053,93773801.07918115,827343082.8026865,38.042042417560396,11.583076359966016,12.851522231318377
hydrogen_decentral_nt225_tc15_A200_cb3c5f8e,hydrogen_decentral,225,15.0,200,3375.0,1.0,90.0,5.0,0.14836960105665986,0.5667004381099886,,240416.30560342618,24,,13242438.604942925,335761627.91437435,0.5663669713820085,0.8060174103697926,0.8056456472232753,59.40128056743731,8370386445.912677,692577887.3300967,94039923.63918115,786617810.9692779,38.042042417560396,11.583076359966016,9.776161789910901
hydrogen_decentral_nt225_tc15_A200_82b7b2eb,hydrogen_decentral,225,15.0,200,3375.0,1.0,90.0,6.0,0.14836960105665986,0.5667004381099886,,240416.30560342618,15,,13242438.604942925,335761627.91437435,0.5663669713820085,0.8060174103697926,0.8056456472232753,57.63297082580541,8087870781.912677,669202132.4620137,93998945.31918114,763201077.7811949,38.042042417560396,11.583076359966016,8.007852048278993
hydrogen_decentral_nt225_tc15_A200_f486562e,hydrogen_decentral,225,15.0,200,3375.0,1.0,90.0,7.0,0.14836960105665986,0.5667004381099886,,240416.30560342618,10,,13242438.604942925,335761627.91437435,0.5663669713820085,0.8060174103697926,0.8056456472232753,56.52244901327203,7911579901.912677,654615569.9400905,93879490.91918114,748495060.8592716,38.042042417560396,11.583076359966016,6.897330235745614
hydrogen_decentral_nt225_tc15_A200_e82ac32a,hydrogen_decentral,225,15.0,200,3375.0,1.0,90.0,8.0,0.14836960105665986,0.5667004381099886,,240416.30560342618,7,,13242438.604942925,335761627.91437435,0.5663669713820085,0.8060174103697926,0.8056456472232753,55.77925941877595,7794202733.912677,644903613.2031437,93749805.07918115,738653418.2823249,38.042042417560396,11.583076359966016,6.1541406412495325
hydrogen_decentral_nt225_tc15_A200_08371813,hydrogen_decentral,225,15.0,200,3375.0,1.0,100.0,4.0,0.14836960105665986,0.5667004381099886,,240416.30560342618,34,,13239259.674660549,335681026.23378676,0.5663669713820085,0.8060174103697926,0.8056456472232753,60.73791904209445,8586879385.777434,710490826.4616742,93634255.83512387,804125082.2967981,38.05117684075447,11.598075078624909,11.08866712271507
hydrogen_decentral_nt225_tc15_A200_96c3274e,hydrogen_decentral,225,15.0,200,3375.0,1.0,100.0,5.0,0.14836960105665986,0.5667004381099886,,240416.30560342618,19,,13239259.674660549,335681026.23378676,0.5663669713820085,0.8060174103697926,0.8056456472232753,58.17912258582057,8174730145.777434,676389001.9224632,93859509.63512388,770248511.557587,38.05117684075447,11.598075078624909,8.529870666441187
hydrogen_decentral_nt225_tc15_A200_1c6d8356,hydrogen_decentral,225,15.0,200,3375.0,1.0,100.0,6.0,0.14836960105665986,0.5667004381099886,,240416.30560342618,12,,13239259.674660549,335681026.23378676,0.5663669713820085,0.8060174103697926,0.8056456472232753,56.826573107547866,7958486233.777434,658496667.7167841,93845090.07512388,752341757.791908,38.05117684075447,11.598075078624909,7.177321188168481
hydrogen_decentral_nt225_tc15_A200_e5f8276e,hydrogen_decentral,225,15.0,200,3375.0,1.0,100.0,7.0,0.14836960105665986,0.5667004381099886,,240416.30560342618,8,,13239259.674660549,335681026.23378676,0.5663669713820085,0.8060174103697926,0.8056456472232753,55.93661050025048,7817252569.777434,646810789.9780362,93748521.75512387,740559311.73316,38.05117684075447,11.598075078624909,6.287358580871097
hydrogen_decentral_nt225_tc15_A200_64e221c6,hydrogen_decentral,225,15.0,200,3375.0,1.0,100.0,8.0,0.14836960105665986,0.5667004381099886,,240416.30560342618,6,,13239259.674660549,335681026.23378676,0.5663669713820085,0.8060174103697926,0.8056456472232753,55.49162919660179,7746635737.777434,640967851.1086621,93700237.59512387,734668088.703786,38.05117684075447,11.598075078624909,5.8423772772224085
hydrogen_decentral_nt225_tc15_A200_18558aa1,hydrogen_decentral,225,15.0,200,3375.0,1.0,110.0,4.0,0.14836960105665986,0.5667004381099886,,240416.30560342618,29,,13224323.121763261,335302310.38953507,0.5663669713820085,0.8060174103697926,0.8056456472232753,59.75943949276779,8418475720.957044,696556863.5373095,93721273.89051217,790278137.4278216,38.09415472404218,11.668136296811875,9.997148471913748
hydrogen_decentral_nt225_tc15_A200_53950089,hydrogen_decentral,225,15.0,200,3375.0,1.0,110.0,5.0,0.14836960105665986,0.5667004381099886,,240416.30560342618,16,,13224323.121763261,335302310.38953507,0.5663669713820085,0.8060174103697926,0.8056456472232753,57.55635183759498,8063848072.957044,667214458.7597364,93929335.65051217,761143794.4102486,38.09415472404218,11.668136296811875,7.794060816740931
hydrogen_decentral_nt225_tc15_A200_80039b2d,hydrogen_decentral,225,15.0,200,3375.0,1.0,110.0,6.0,0.14836960105665986,0.5667004381099886,,240416.30560342618,10,,13224323.121763261,335302310.38953507,0.5663669713820085,0.8060174103697926,0.8056456472232753,56.392122890952216,7877954856.957044,651833385.0616225,93914269.57051218,745747654.6321347,38.09415472404218,11.668136296811875,6.629831870098165
hydrogen_decentral_nt225_tc15_A200_a79f2dc4,hydrogen_decentral,225,15.0,200,3375.0,1.0,110.0,7.0,0.14836960105665986,0.5667004381099886,,240416.30560342618,7,,13224323.121763261,335302310.38953507,0.5663669713820085,0.8060174103697926,0.8056456472232753,55.76645272728267,7778443568.957044,643599677.08961,93873913.13051216,737473590.2201221,38.09415472404218,11.668136296811875,6.004161706428623
hydrogen_decentral_nt225_tc15_A200_f2a0d24a,hydrogen_decentral,225,15.0,200,3375.0,1.0,110.0,8.0,0.14836960105665986,0.5667004381099886,,240416.30560342618,5,,13224323.121763261,335302310.38953507,0.5663669713820085,0.8060174103697926,0.8056456472232753,55.27674646758938,7701161576.957044,637205253.2366757,93792303.17051217,730997556.4071879,38.09415472404218,11.668136296811875,5.51445544673533
hydrogen_decentral_nt225_tc15_A200_44cf9266,hydrogen_decentral,225,15.0,200,3375.0,1.0,120.0,4.0,0.14836960105665986,0.5667004381099886,,240416.30560342618,25,,13210383.02366776,334948859.62646455,0.5663669713820085,0.8060174103697926,0.8056456472232753,58.990111282531835,8284450136.175933,685467392.7039517,93814571.94707881,779281964.6510305,38.134353123495615,11.73296087522434,9.122797283811877
hydrogen_decentral_nt225_tc15_A200_5cdba88e,hydrogen_decentral,225,15.0,200,3375.0,1.0,120.0,5.0,0.14836960105665986,0.5667004381099886,,240416.30560342618,14,,13210383.02366776,334948859.62646455,0.5663669713820085,0.8060174103697926,0.8056456472232753,57.17593723576268,7992201320.175933,661286302.7545339,94029727.86707881,755316030.6216127,38.134353123495615,11.73296087522434,7.308623237042727
hydrogen_decentral_nt225_tc15_A200_347a31c4,hydrogen_decentral,225,15.0,200,3375.0,1.0,120.0,6.0,0.14836960105665986,0.5667004381099886,,240416.30560342618,9,,13210383.02366776,334948859.62646455,0.5663669713820085,0.8060174103697926,0.8056456472232753,56.24226225144011,7842942280.175933,648936393.7920157,94045432.66707881,742981826.4590945,38.134353123495615,11.73296087522434,6.374948252720149
hydrogen_decentral_nt225_tc15_A200_f7647083,hydrogen_decentral,225,15.0,200,3375.0,1.0,120.0,7.0,0.14836960105665986,0.5667004381099886,,240416.30560342618,6,,13210383.02366776,334948859.62646455,0.5663669713820085,0.8060174103697926,0.8056456472232753,55.57132914450477,7736715592.175933,640147043.9061404,93971499.22707881,734118543.1332192,38.134353123495615,11.73296087522434,5.70401514578482
hydrogen_decentral_nt225_tc15_A200_ef9b6d6c,hydrogen_decentral,225,15.0,200,3375.0,1.0,120.0,8.0,0.14836960105665986,0.5667004381099886,,240416.30560342618,4,,13210383.02366776,334948859.62646455,0.5663669713820085,0.8060174103697926,0.8056456472232753,55.03176697626308,7652005080.175933,633137973.558587,93852746.66707881,726990720.2256658,38.134353123495615,11.73296087522434,5.164452977543115
hydrogen_decentral_nt225_tc15_A200_69ad95dd,hydrogen_decentral,225,15.0,200,3375.0,1.0,130.0,4.0,0.14836960105665986,0.5667004381099886,,240416.30560342618,22,,13197285.897150706,334616782.38211733,0.5663669713820085,0.8060174103697926,0.8056456472232753,58.43321929976353,8185043048.992648,677242306.4583033,93917594.53158031,771159900.9898837,38.17219806005278,11.793420948401288,8.46760029130946
hydrogen_decentral_nt225_tc15_A200_55e5ea47,hydrogen_decentral,225,15.0,200,3375.0,1.0,130.0,5.0,0.14836960105665986,0.5667004381099886,,240416.30560342618,12,,13197285.897150706,334616782.38211733,0.5663669713820085,0.8060174103697926,0.8056456472232753,56.775856928574186,7918388168.992648,655178895.8105379,94108320.13158031,749287215.9421183,38.17219806005278,11.793420948401288,6.810237920120119
hydrogen_decentral_nt225_tc15_A200_0a44f84d,hydrogen_decentral,225,15.0,200,3375.0,1.0,130.0,6.0,0.14836960105665986,0.5667004381099886,,240416.30560342618,8,,13197285.897150706,334616782.38211733,0.5663669713820085,0.8060174103697926,0.8056456472232753,56.073935915533326,7805863784.992648,645868465.4442202,94155298.2115803,740023763.6558005,38.17219806005278,11.793420948401288,6.108316907079261
hydrogen_decentral_nt225_tc15_A200_d5890513,hydrogen_decentral,225,15.0,200,3375.0,1.0,130.0,7.0,0.14836960105665986,0.5667004381099886,,240416.30560342618,5,,13197285.897150706,334616782.38211733,0.5663669713820085,0.8060174103697926,0.8056456472232753,55.35261483292708,7692158336.992648,636460312.1334233,94043970.97158031,730504283.1050036,38.17219806005278,11.793420948401288,5.386995824473021
hydrogen_decentral_nt225_tc15_A200_22b32b10,hydrogen_decentral,225,15.0,200,3375.0,1.0,130.0,8.0,0.14836960105665986,0.5667004381099886,,240416.30560342618,4,,13197285.897150706,334616782.38211733,0.5663669713820085,0.8060174103697926,0.8056456472232753,55.17713457966687,7664027240.992648,634132704.5418439,94055715.49158031,728188420.0334241,38.17219806005278,11.793420948401288,5.211515571212807
hydrogen_decentral_nt225_tc15_A200_b0d9741e,hydrogen_decentral,225,15.0,200,3375.0,1.0,140.0,4.0,0.14836960105665986,0.5667004381099886,,240416.30560342618,20,,13184911.209922442,334303022.56395644,0.5663669713820085,0.8060174103697926,0.8056456472232753,58.09162377075271,8120473748.886339,671899749.1292033,94033152.32839102,765932901.4575944,38.20802454415174,11.850186561496661,8.033412665104295
hydrogen_decentral_nt225_tc15_A200_9401b1ac,hydrogen_decentral,225,15.0,200,3375.0,1.0,140.0,5.0,0.14836960105665986,0.5667004381099886,,240416.30560342618,11,,13184911.209922442,334303022.56395644,0.5663669713820085,0.8060174103697926,0.8056456472232753,56.63328141774453,7885696284.886339,652473922.0111212,94230865.00839101,746704787.0195122,38.20802454415174,11.850186561496661,6.575070312096121
hydrogen_decentral_nt225_tc15_A200_3b10d432,hydrogen_decentral,225,15.0,200,3375.0,1.0,140.0,6.0,0.14836960105665986,0.5667004381099886,,240416.30560342618,7,,13184911.209922442,334303022.56395644,0.5663669713820085,0.8060174103697926,0.8056456472232753,55.88821836661374,7766787940.886338,642635273.5561678,94245923.28839101,736881196.8445588,38.20802454415174,11.850186561496661,5.83000726096534
hydrogen_decentral_nt225_tc15_A200_806d6b4f,hydrogen_decentral,225,15.0,200,3375.0,1.0,140.0,7.0,0.14836960105665986,0.5667004381099886,,240416.30560342618,5,,13184911.209922442,334303022.56395644,0.5663669713820085,0.8060174103697926,0.8056456472232753,55.4900339572794,7703478908.886339,637396992.6339191,94234178.12839101,731631170.7623101,38.20802454415174,11.850186561496661,5.431822851630999
hydrogen_decentral_nt225_tc15_A200_c38685a8,hydrogen_decentral,225,15.0,200,3375.0,1.0,140.0,8.0,0.14836960105665986,0.5667004381099886,,240416.30560342618,4,,13184911.209922442,334303022.56395644,0.5663669713820085,0.8060174103697926,0.8056456472232753,55.31659463638119,7675679252.886339,635096808.867567,94247579.84839101,729344388.715958,38.20802454415174,11.850186561496661,5.25838353073278
hydrogen_decentral_nt225_tc15_A200_27c9fccb,hydrogen_decentral,225,15.0,200,3375.0,1.0,150.0,4.0,0.14836960105665986,0.5667004381099886,,240416.30560342618,18,,13173162.53153679,334005135.1809531,0.5663669713820085,0.8060174103697926,0.8056456472232753,57.742594738210194,8055386977.630766,666514375.4883801,94138209.99072383,760652585.4791039,38.24210093173488,11.903784152575549,7.5967096538997625
hydrogen_decentral_nt225_tc15_A200_22460208,hydrogen_decentral,225,15.0,200,3375.0,1.0,150.0,5.0,0.14836960105665986,0.5667004381099886,,240416.30560342618,10,,13173162.53153679,334005135.1809531,0.5663669713820085,0.8060174103697926,0.8056456472232753,56.47929096897385,7851824049.630765,649671284.2495266,94339595.35072383,744010879.6002505,38.24210093173488,11.903784152575549,6.333405884663421
hydrogen_decentral_nt225_tc15_A200_76450496,hydrogen_decentral,225,15.0,200,3375.0,1.0,150.0,6.0,0.14836960105665986,0.5667004381099886,,240416.30560342618,6,,13173162.53153679,334005135.1809531,0.5663669713820085,0.8060174103697926,0.8056456472232753,55.685957830509295,7725768385.630766,639241256.1948789,94318917.03072384,733560173.2256027,38.24210093173488,11.903784152575549,5.540072746198868
hydrogen_decentral_nt225_tc15_A200_7f4154f8,hydrogen_decentral,225,15.0,200,3375.0,1.0,150.0,7.0,0.14836960105665986,0.5667004381099886,,240416.30560342618,5,,13173162.53153679,334005135.1809531,0.5663669713820085,0.8060174103697926,0.8056456472232753,55.62235892409848,7714482969.630766,638307484.5439012,94414889.95072384,732722374.4946251,38.24210093173488,11.903784152575549,5.47647383978805
hydrogen_decentral_nt225_tc15_A200_8256ec15,hydrogen_decentral,225,15.0,200,3375.0,1.0,150.0,8.0,0.14836960105665986,0.5667004381099886,,240416.30560342618,3,,13173162.53153679,334005135.1809531,0.5663669713820085,0.8060174103697926,0.8056456472232753,55.01011734973769,7619089537.630766,630414493.9362826,94242722.79072385,724657216.7270064,38.24210093173488,11.903784152575549,4.86423226542726
hydrogen_decentral_nt250_tc15_A200_f2ede291,hydrogen_decentral,250,15.0,200,3750.0,1.0,80.0,4.0,0.16021636737221745,0.5588172440981931,,254558.44122715713,66,,14542686.242243344,368729367.19683933,0.5584812119298637,0.8069676281031667,0.8064201584012451,66.83472107190659,10486154884.307589,867639629.653688,104316748.98289916,971956378.6365871,38.48971096610118,11.638937382250775,16.70607272355463
hydrogen_decentral_nt250_tc15_A200_e4f2b45d,hydrogen_decentral,250,15.0,200,3750.0,1.0,80.0,5.0,0.16021636737221745,0.5588172440981931,,254558.44122715713,37,,14542686.242243344,368729367.19683933,0.5584812119298637,0.8069676281031667,0.8064201584012451,62.18822315830056,9665651420.307587,799749985.6908773,104633831.66289915,904383817.3537765,38.48971096610118,11.638937382250775,12.059574809948623
hydrogen_decentral_nt250_tc15_A200_5e455a3c,hydrogen_decentral,250,15.0,200,3750.0,1.0,80.0,6.0,0.16021636737221745,0.5588172440981931,,254558.44122715713,23,,14542686.242243344,368729367.19683933,0.5584812119298637,0.8069676281031667,0.8064201584012451,59.655308025823125,9221517076.307589,763001667.3610278,104546759.94289915,867548427.303927,38.48971096610118,11.638937382250775,9.52665967747118
hydrogen_decentral_nt250_tc15_A200_973433c9,hydrogen_decentral,250,15.0,200,3750.0,1.0,80.0,7.0,0.16021636737221745,0.5588172440981931,,254558.44122715713,15,,14542686.242243344,368729367.19683933,0.5584812119298637,0.8069676281031667,0.8064201584012451,58.007064455842375,8934433948.307589,739247993.9120027,104330544.30289915,843578538.2149018,38.48971096610118,11.638937382250775,7.878416107490426
hydrogen_decentral_nt250_tc15_A200_0cbc1159,hydrogen_decentral,250,15.0,200,3750.0,1.0,80.0,8.0,0.16021636737221745,0.5588172440981931,,254558.44122715713,11,,14542686.242243344,368729367.19683933,0.5584812119298637,0.8069676281031667,0.8064201584012451,57.16659331666647,8788182564.307589,727146942.7593067,104208887.38289915,831355830.1422058,38.48971096610118,11.638937382250775,7.037944968314522
hydrogen_decentral_nt250_tc15_A200_9071c58b,hydrogen_decentral,250,15.0,200,3750.0,1.0,90.0,4.0,0.16021636737221745,0.5588172440981931,,254558.44122715713,47,,14520260.841444742,368160771.84190524,0.5584812119298637,0.8069676281031667,0.8064201584012451,63.18993541518317,9829942166.124636,813343639.745096,104190705.03741054,917534344.7825065,38.54915529733341,11.737482559955467,12.903297557894307
hydrogen_decentral_nt250_tc15_A200_c5861019,hydrogen_decentral,250,15.0,200,3750.0,1.0,90.0,5.0,0.16021636737221745,0.5588172440981931,,254558.44122715713,26,,14520260.841444742,368160771.84190524,0.5584812119298637,0.8069676281031667,0.8064201584012451,59.84765044573899,9240354790.124636,764560327.0623263,104443168.15741055,869003495.2197368,38.54915529733341,11.737482559955467,9.561012588450126
hydrogen_decentral_nt250_tc15_A200_2f8a2459,hydrogen_decentral,250,15.0,200,3750.0,1.0,90.0,6.0,0.16021636737221745,0.5588172440981931,,254558.44122715713,16,,14520260.841444742,368160771.84190524,0.5584812119298637,0.8069676281031667,0.8064201584012451,58.03239816754059,8922580950.124636,738267259.6898587,104378298.95741054,842645558.6472692,38.54915529733341,11.737482559955467,7.745760310251718
hydrogen_decentral_nt250_tc15_A200_3747756b,hydrogen_decentral,250,15.0,200,3750.0,1.0,90.0,7.0,0.16021636737221745,0.5588172440981931,,254558.44122715713,11,,14520260.841444742,368160771.84190524,0.5584812119298637,0.8069676281031667,0.8064201584012451,57.05466086205743,8752091390.124636,724160706.7798319,104287851.15741055,828448557.9372424,38.54915529733341,11.737482559955467,6.768023004768566
hydrogen_decentral_nt250_tc15_A200_8d792618,hydrogen_decentral,250,15.0,200,3750.0,1.0,90.0,8.0,0.16021636737221745,0.5588172440981931,,254558.44122715713,8,,14520260.841444742,368160771.84190524,0.5584812119298637,0.8069676281031667,0.8064201584012451,56.411929545660385,8640515542.124636,714928759.6547816,104187171.91741055,819115931.5721922,38.54915529733341,11.737482559955467,6.125291688371513
hydrogen_decentral_nt250_tc15_A200_c3183ee0,hydrogen_decentral,250,15.0,200,3750.0,1.0,100.0,4.0,0.16021636737221745,0.5588172440981931,,254558.44122715713,38,,14516772.202588698,368072317.50985545,0.5584812119298637,0.8069676281031667,0.8064201584012451,61.4055750969309,9516121813.085476,787377689.6048635,104033056.0462358,891410745.6510993,38.55841934578448,11.752683612311747,11.094472138834687
hydrogen_decentral_nt250_tc15_A200_d1285fff,hydrogen_decentral,250,15.0,200,3750.0,1.0,100.0,5.0,0.16021636737221745,0.5588172440981931,,254558.44122715713,21,,14516772.202588698,368072317.50985545,0.5584812119298637,0.8069676281031667,0.8064201584012451,58.74087922005856,9045721741.085476,748456106.9311304,104271855.6862358,852727962.6173662,38.55841934578448,11.752683612311747,8.429776261962344
hydrogen_decentral_nt250_tc15_A200_cfb69195,hydrogen_decentral,250,15.0,200,3750.0,1.0,100.0,6.0,0.16021636737221745,0.5588172440981931,,254558.44122715713,13,,14516772.202588698,368072317.50985545,0.5584812119298637,0.8069676281031667,0.8064201584012451,57.30444658962522,8794169413.085476,727642303.2907643,104233294.0462358,831875597.3370001,38.55841934578448,11.752683612311747,6.993343631529011
hydrogen_decentral_nt250_tc15_A200_e7a2b7f7,hydrogen_decentral,250,15.0,200,3750.0,1.0,100.0,7.0,0.16021636737221745,0.5588172440981931,,254558.44122715713,9,,14516772.202588698,368072317.50985545,0.5584812119298637,0.8069676281031667,0.8064201584012451,56.53017387014853,8659118749.085476,716468015.9194424,104167640.72623579,820635656.6456782,38.55841934578448,11.752683612311747,6.2190709120523175
hydrogen_decentral_nt250_tc15_A200_9ea2a21f,hydrogen_decentral,250,15.0,200,3750.0,1.0,100.0,8.0,0.16021636737221745,0.5588172440981931,,254558.44122715713,6,,14516772.202588698,368072317.50985545,0.5584812119298637,0.8069676281031667,0.8064201584012451,55.809328319890966,8534644501.085476,706168836.5131035,104002469.4862358,810171305.9993393,38.55841934578448,11.752683612311747,5.498225361794741
hydrogen_decentral_nt250_tc15_A200_6930c067,hydrogen_decentral,250,15.0,200,3750.0,1.0,110.0,4.0,0.16021636737221745,0.5588172440981931,,254558.44122715713,32,,14500380.449959923,367656705.1206877,0.5584812119298637,0.8069676281031667,0.8064201584012451,60.323597309265665,9313302836.173931,770596153.9556414,104118957.13888945,874715111.0945308,38.60200717259039,11.823690124722125,9.897900011953158
hydrogen_decentral_nt250_tc15_A200_a9b35bfd,hydrogen_decentral,250,15.0,200,3750.0,1.0,110.0,5.0,0.16021636737221745,0.5588172440981931,,254558.44122715713,18,,14500380.449959923,367656705.1206877,0.5584812119298637,0.8069676281031667,0.8064201584012451,58.1903861343315,8936445892.173931,739414465.05899,104368272.41888945,843782737.4778794,38.60200717259039,11.823690124722125,7.764688837018995
hydrogen_decentral_nt250_tc15_A200_092ea91f,hydrogen_decentral,250,15.0,200,3750.0,1.0,110.0,6.0,0.16021636737221745,0.5588172440981931,,254558.44122715713,11,,14500380.449959923,367656705.1206877,0.5584812119298637,0.8069676281031667,0.8064201584012451,56.9251669570544,8715194020.173931,721107764.9958867,104328813.05888945,825436578.0547762,38.60200717259039,11.823690124722125,6.499469659741888
hydrogen_decentral_nt250_tc15_A200_61d27cc1,hydrogen_decentral,250,15.0,200,3750.0,1.0,110.0,7.0,0.16021636737221745,0.5588172440981931,,254558.44122715713,8,,14500380.449959923,367656705.1206877,0.5584812119298637,0.8069676281031667,0.8064201584012451,56.394279514781914,8622247412.173931,713417228.1468296,104321280.01888944,817738508.165719,38.60200717259039,11.823690124722125,5.9685822174694145
hydrogen_decentral_nt250_tc15_A200_f58b1b2f,hydrogen_decentral,250,15.0,200,3750.0,1.0,110.0,8.0,0.16021636737221745,0.5588172440981931,,254558.44122715713,6,,14500380.449959923,367656705.1206877,0.5584812119298637,0.8069676281031667,0.8064201584012451,55.9873909293176,8551530100.173931,707565975.4168509,104272493.45888944,811838468.8757404,38.60200717259039,11.823690124722125,5.561693632005091
hydrogen_decentral_nt250_tc15_A200_f97c7d97,hydrogen_decentral,250,15.0,200,3750.0,1.0,120.0,4.0,0.16021636737221745,0.5588172440981931,,254558.44122715713,27,,14485082.23214664,367268819.2734949,0.5584812119298637,0.8069676281031667,0.8064201584012451,59.43044017268256,9144702746.417141,756645938.5477923,104208874.44618574,860854812.993978,38.64277614471577,11.889389578675035,8.898274449291765
hydrogen_decentral_nt250_tc15_A200_476e6b93,hydrogen_decentral,250,15.0,200,3750.0,1.0,120.0,5.0,0.16021636737221745,0.5588172440981931,,254558.44122715713,15,,14485082.23214664,367268819.2734949,0.5584812119298637,0.8069676281031667,0.8064201584012451,57.61402810787336,8823991394.417141,730109817.1815678,104434117.68618573,834543934.8677535,38.64277614471577,11.889389578675035,7.081862384482569
hydrogen_decentral_nt250_tc15_A200_437ea5e5,hydrogen_decentral,250,15.0,200,3750.0,1.0,120.0,6.0,0.16021636737221745,0.5588172440981931,,254558.44122715713,10,,14485082.23214664,367268819.2734949,0.5584812119298637,0.8069676281031667,0.8064201584012451,56.804593939939366,8681678714.417141,718334660.0975347,104484554.28618574,822819214.3837204,38.64277614471577,11.889389578675035,6.272428216548571
hydrogen_decentral_nt250_tc15_A200_9804b884,hydrogen_decentral,250,15.0,200,3750.0,1.0,120.0,7.0,0.16021636737221745,0.5588172440981931,,254558.44122715713,7,,14485082.23214664,367268819.2734949,0.5584812119298637,0.8069676281031667,0.8064201584012451,56.23478014702403,8582398386.417142,710120062.0901446,104445352.64618574,814565414.7363304,38.64277614471577,11.889389578675035,5.70261442363323
hydrogen_decentral_nt250_tc15_A200_3befed08,hydrogen_decentral,250,15.0,200,3750.0,1.0,120.0,8.0,0.16021636737221745,0.5588172440981931,,254558.44122715713,5,,14485082.23214664,367268819.2734949,0.5584812119298637,0.8069676281031667,0.8064201584012451,55.78477654161802,8504634234.417141,703685743.6210761,104361331.88618574,808047075.5072619,38.64277614471577,11.889389578675035,5.252610818227223
hydrogen_decentral_nt250_tc15_A200_c63794ce,hydrogen_decentral,250,15.0,200,3750.0,1.0,130.0,4.0,0.16021636737221745,0.5588172440981931,,254558.44122715713,24,,14470709.112760143,366904389.26876634,0.5584812119298637,0.8069676281031667,0.8064201584012451,58.93374963583023,9046031063.769049,748481700.7375904,104331447.16674294,852813147.9043334,38.68115831594356,11.950665824221199,8.301925495665467
hydrogen_decentral_nt250_tc15_A200_c2660a13,hydrogen_decentral,250,15.0,200,3750.0,1.0,130.0,5.0,0.16021636737221745,0.5588172440981931,,254558.44122715713,14,,14470709.112760143,366904389.26876634,0.5584812119298637,0.8069676281031667,0.8064201584012451,57.511100668228295,8794032263.769049,727630955.3578542,104595453.16674294,832226408.5245972,38.68115831594356,11.950665824221199,6.879276528063533
hydrogen_decentral_nt250_tc15_A200_09482584,hydrogen_decentral,250,15.0,200,3750.0,1.0,130.0,6.0,0.16021636737221745,0.5588172440981931,,254558.44122715713,9,,14470709.112760143,366904389.26876634,0.5584812119298637,0.8069676281031667,0.8064201584012451,56.666478051833195,8646048743.769049,715386584.7659423,104617535.56674293,820004120.3326852,38.68115831594356,11.950665824221199,6.034653911668431
hydrogen_decentral_nt250_tc15_A200_a8f4f1c5,hydrogen_decentral,250,15.0,200,3750.0,1.0,130.0,7.0,0.16021636737221745,0.5588172440981931,,254558.44122715713,6,,14470709.112760143,366904389.26876634,0.5584812119298637,0.8069676281031667,0.8064201584012451,56.05306597592083,8539671335.769049,706584764.0891602,104542848.52674294,811127612.6159031,38.68115831594356,11.950665824221199,5.421241835756065
hydrogen_decentral_nt250_tc15_A200_a644258c,hydrogen_decentral,250,15.0,200,3750.0,1.0,130.0,8.0,0.16021636737221745,0.5588172440981931,,254558.44122715713,4,,14470709.112760143,366904389.26876634,0.5584812119298637,0.8069676281031667,0.8064201584012451,55.555259170249826,8454096983.769049,699504218.3699428,104419776.76674293,803923995.1366857,38.68115831594356,11.950665824221199,4.923435030085065
hydrogen_decentral_nt250_tc15_A200_6f957fef,hydrogen_decentral,250,15.0,200,3750.0,1.0,140.0,4.0,0.16021636737221745,0.5588172440981931,,254558.44122715713,22,,14457128.816603525,366560061.27290887,0.5584812119298637,0.8069676281031667,0.8064201584012451,58.63279776398915,8982156040.539816,743196588.8819884,104465321.26986593,847661910.1518543,38.717493441145486,12.008197909863528,7.907106412980145
hydrogen_decentral_nt250_tc15_A200_c3012e57,hydrogen_decentral,250,15.0,200,3750.0,1.0,140.0,5.0,0.16021636737221745,0.5588172440981931,,254558.44122715713,12,,14457128.816603525,366560061.27290887,0.5584812119298637,0.8069676281031667,0.8064201584012451,57.144611779250255,8719578920.539816,721470577.9975541,104676435.66986594,826147013.66742,38.717493441145486,12.008197909863528,6.418920428241232
hydrogen_decentral_nt250_tc15_A200_107d7396,hydrogen_decentral,250,15.0,200,3750.0,1.0,140.0,6.0,0.16021636737221745,0.5588172440981931,,254558.44122715713,8,,14457128.816603525,366560061.27290887,0.5584812119298637,0.8069676281031667,0.8064201584012451,56.51190466973733,8608380296.539816,712269842.9321449,104730042.54986593,816999885.4820108,38.717493441145486,12.008197909863528,5.786213318728316
hydrogen_decentral_nt250_tc15_A200_feb33666,hydrogen_decentral,250,15.0,200,3750.0,1.0,140.0,7.0,0.16021636737221745,0.5588172440981931,,254558.44122715713,5,,14457128.816603525,366560061.27290887,0.5584812119298637,0.8069676281031667,0.8064201584012451,55.85021075951588,8494142448.539815,702817638.0749114,104616053.30986594,807433691.3847773,38.717493441145486,12.008197909863528,5.1245194085068775
hydrogen_decentral_nt250_tc15_A200_17fa283d,hydrogen_decentral,250,15.0,200,3750.0,1.0,140.0,8.0,0.16021636737221745,0.5588172440981931,,254558.44122715713,4,,14457128.816603525,366560061.27290887,0.5584812119298637,0.8069676281031667,0.8064201584012451,55.692033982137666,8466342792.539816,700517454.3085592,104629455.02986594,805146909.3384252,38.717493441145486,12.008197909863528,4.966342631128648
hydrogen_decentral_nt250_tc15_A200_d35b68ce,hydrogen_decentral,250,15.0,200,3750.0,1.0,150.0,4.0,0.16021636737221745,0.5588172440981931,,254558.44122715713,20,,14444235.518455217,366233152.09064955,0.5584812119298637,0.8069676281031667,0.8064201584012451,58.324539917410505,8917728378.255846,737865750.871273,104587640.20134686,842453391.0726199,38.75205367701633,12.062519349124498,7.5099668912696735
hydrogen_decentral_nt250_tc15_A200_6293dbdb,hydrogen_decentral,250,15.0,200,3750.0,1.0,150.0,5.0,0.16021636737221745,0.5588172440981931,,254558.44122715713,11,,14444235.518455217,366233152.09064955,0.5584812119298637,0.8069676281031667,0.8064201584012451,57.01610051431223,8686697234.255846,718749899.6912946,104804084.48134686,823553984.1726414,38.75205367701633,12.062519349124498,6.201527488171399
hydrogen_decentral_nt250_tc15_A200_6051c352,hydrogen_decentral,250,15.0,200,3750.0,1.0,150.0,6.0,0.16021636737221745,0.5588172440981931,,254558.44122715713,7,,14444235.518455217,366233152.09064955,0.5584812119298637,0.8069676281031667,0.8064201584012451,56.341730782724255,8568732970.255846,708989365.7817205,104823863.16134685,813813228.9430673,38.75205367701633,12.062519349124498,5.527157756583427
hydrogen_decentral_nt250_tc15_A200_eae79144,hydrogen_decentral,250,15.0,200,3750.0,1.0,150.0,7.0,0.16021636737221745,0.5588172440981931,,254558.44122715713,5,,14444235.518455217,366233152.09064955,0.5584812119298637,0.8069676281031667,0.8064201584012451,55.979970329521485,8505705138.255845,703774351.7543966,104813524.00134686,808587875.7557434,38.75205367701633,12.062519349124498,5.165397303380661
hydrogen_decentral_nt250_tc15_A200_5fa5e8e5,hydrogen_decentral,250,15.0,200,3750.0,1.0,150.0,8.0,0.16021636737221745,0.5588172440981931,,254558.44122715713,4,,14444235.518455217,366233152.09064955,0.5584812119298637,0.8069676281031667,0.8064201584012451,55.823665690328895,8478236922.255846,701501591.8132715,104828582.92134686,806330174.7346184,38.75205367701633,12.062519349124498,5.009092664188059
