scenario_id,carrier,num_turbines,turbine_capacity_MW,farm_capacity_MW,farm_area_km2,orientation_deg_from_north,assumptions_layout_orientation_deg_from_north,squareness,farm_AEP_MWh,farm_AEP_GWh,farm_AEP_no_wake_MWh,farm_AEP_no_wake_GWh,wake_loss_frac,wake_loss_pct,farm_cf,farm_cf_pct,turbine_net_yield_MWh,turbine_no_wake_yield_MWh,Lx_m,Ly_m,nx,ny,spacing_x_m,spacing_y_m,spacing_x_D,spacing_y_D,min_spacing_D,rank_AEP,rank_CF,rank_wake_loss
electricity_nt49_tc15_A30_0ae18d99,electricity,49,15.0,735.0,30.0,15.0,30.0,0.75,3951978.3202772713,3951.9783202772715,4284437.76236988,4284.43776236988,0.07759698250552094,7.759698250552094,0.6137946634792146,61.379466347921465,80652.6187811688,87437.50535448735,4743.416490252569,6324.555320336759,7,7,790.5694150420949,1054.09255338946,3.349870402720741,4.466493870294322,3.349870402720741,1.0,281.0,281.0
electricity_nt49_tc15_A30_0ae18d99,electricity,49,15.0,735.0,30.0,45.0,30.0,0.75,3951431.110496938,3951.4311104969383,4284437.76236988,4284.43776236988,0.07772470282979305,7.772470282979304,0.6137096745405738,61.37096745405738,80641.45123463139,87437.50535448735,4743.416490252569,6324.555320336759,7,7,790.5694150420949,1054.09255338946,3.349870402720741,4.466493870294322,3.349870402720741,2.0,284.0,284.0
electricity_nt49_tc15_A30_0ae18d99,electricity,49,15.0,735.0,30.0,75.0,30.0,0.75,3951247.6944478406,3951.247694447841,4284437.76236988,4284.43776236988,0.07776751265905657,7.7767512659056575,0.613681187594794,61.368118759479394,80637.70804995592,87437.50535448735,4743.416490252569,6324.555320336759,7,7,790.5694150420949,1054.09255338946,3.349870402720741,4.466493870294322,3.349870402720741,3.0,285.0,285.0
electricity_nt49_tc15_A30_0ae18d99,electricity,49,15.0,735.0,30.0,45.0,30.0,0.5,3942845.8587040305,3942.8458587040304,4284437.76236988,4284.43776236988,0.07972852509751549,7.972852509751549,0.612376271037808,61.2376271037808,80466.24201436796,87437.50535448735,3872.983346207417,7745.966692414834,5,10,968.2458365518543,860.6629658238704,4.102736595558705,3.6468769738299596,3.6468769738299596,4.0,288.0,288.0
electricity_nt49_tc15_A30_0ae18d99,electricity,49,15.0,735.0,30.0,15.0,30.0,0.5,3935726.5052889916,3935.7265052889916,4284437.76236988,4284.43776236988,0.08139020250069029,8.139020250069029,0.6112705410009927,61.127054100099265,80320.94908753045,87437.50535448735,3872.983346207417,7745.966692414834,5,10,968.2458365518543,860.6629658238704,4.102736595558705,3.6468769738299596,3.6468769738299596,5.0,293.0,293.0
electricity_nt49_tc15_A30_0ae18d99,electricity,49,15.0,735.0,30.0,75.0,30.0,0.5,3930518.5173904374,3930.5185173904374,4284437.76236988,4284.43776236988,0.08260576173795953,8.260576173795952,0.6104616713867048,61.046167138670484,80214.663620213,87437.50535448735,3872.983346207417,7745.966692414834,5,10,968.2458365518543,860.6629658238704,4.102736595558705,3.6468769738299596,3.6468769738299596,6.0,301.0,301.0
electricity_nt49_tc15_A30_0ae18d99,electricity,49,15.0,735.0,30.0,15.0,30.0,2.0,3925522.4919538577,3925.5224919538578,4284437.76236988,4284.43776236988,0.08377184833173856,8.377184833173857,0.6096857223548376,60.96857223548376,80112.70391742566,87437.50535448735,7745.966692414834,3872.983346207417,10,5,860.6629658238704,968.2458365518543,3.6468769738299596,4.102736595558705,3.6468769738299596,7.0,305.0,305.0
electricity_nt49_tc15_A30_0ae18d99,electricity,49,15.0,735.0,30.0,45.0,30.0,2.0,3921882.5162782134,3921.882516278213,4284437.76236988,4284.43776236988,0.08462142904163095,8.462142904163095,0.6091203858413651,60.91203858413651,80038.41869955538,87437.50535448735,7745.966692414834,3872.983346207417,10,5,860.6629658238704,968.2458365518543,3.6468769738299596,4.102736595558705,3.6468769738299596,8.0,311.0,311.0
electricity_nt49_tc15_A30_0ae18d99,electricity,49,15.0,735.0,30.0,75.0,30.0,2.0,3919794.5494760014,3919.7945494760015,4284437.76236988,4284.43776236988,0.0851087664515825,8.51087664515825,0.6087960968962199,60.879609689621994,79995.80713216329,87437.50535448735,7745.966692414834,3872.983346207417,10,5,860.6629658238704,968.2458365518543,3.6468769738299596,4.102736595558705,3.6468769738299596,9.0,316.0,316.0
electricity_nt49_tc15_A30_0ae18d99,electricity,49,15.0,735.0,30.0,45.0,30.0,1.0,3909452.8858055705,3909.4528858055705,4284437.76236988,4284.43776236988,0.08752254026369422,8.752254026369421,0.6071898993268056,60.71898993268056,79784.75277154226,87437.50535448735,5477.2255750516615,5477.2255750516615,7,7,912.870929175277,912.870929175277,3.86809715752236,3.86809715752236,3.86809715752236,10.0,327.0,327.0
electricity_nt49_tc15_A30_0ae18d99,electricity,49,15.0,735.0,30.0,15.0,30.0,1.0,3906793.45647642,3906.79345647642,4284437.76236988,4284.43776236988,0.08814325865818418,8.814325865818418,0.606776854669714,60.6776854669714,79730.47870360041,87437.50535448735,5477.2255750516615,5477.2255750516615,7,7,912.870929175277,912.870929175277,3.86809715752236,3.86809715752236,3.86809715752236,11.0,329.0,329.0
electricity_nt49_tc15_A30_0ae18d99,electricity,49,15.0,735.0,30.0,75.0,30.0,1.0,3903058.021880235,3903.058021880235,4284437.76236988,4284.43776236988,0.08901511975253673,8.901511975253673,0.6061966921194414,60.619669211944135,79654.24534449459,87437.50535448735,5477.2255750516615,5477.2255750516615,7,7,912.870929175277,912.870929175277,3.86809715752236,3.86809715752236,3.86809715752236,12.0,336.0,336.0
electricity_nt49_tc15_A25_52121bac,electricity,49,15.0,735.0,25.0,15.0,30.0,0.75,3897471.269377029,3897.471269377029,4284437.76236988,4284.43776236988,0.09031908372939135,9.031908372939135,0.6053289953370343,60.532899533703436,79540.22998728631,87437.50535448735,4330.127018922193,5773.502691896258,7,7,721.6878364870322,962.2504486493763,3.0579993071484415,4.077332409531255,3.0579993071484415,13.0,342.0,342.0
electricity_nt49_tc15_A25_52121bac,electricity,49,15.0,735.0,25.0,75.0,30.0,0.75,3896975.3803849607,3896.9753803849608,4284437.76236988,4284.43776236988,0.09043482563523109,9.043482563523108,0.6052519771976766,60.52519771976767,79530.10980377471,87437.50535448735,4330.127018922193,5773.502691896258,7,7,721.6878364870322,962.2504486493763,3.0579993071484415,4.077332409531255,3.0579993071484415,14.0,344.0,344.0
electricity_nt49_tc15_A25_52121bac,electricity,49,15.0,735.0,25.0,45.0,30.0,0.75,3896599.7056621835,3896.5997056621836,4284437.76236988,4284.43776236988,0.09052250918756943,9.052250918756943,0.6051936299292057,60.51936299292057,79522.44297269762,87437.50535448735,4330.127018922193,5773.502691896258,7,7,721.6878364870322,962.2504486493763,3.0579993071484415,4.077332409531255,3.0579993071484415,15.0,345.0,345.0
electricity_nt49_tc15_A25_52121bac,electricity,49,15.0,735.0,25.0,45.0,30.0,0.5,3893410.9591283835,3893.4109591283836,4284437.76236988,4284.43776236988,0.09126677172810782,9.126677172810782,0.6046983752878551,60.46983752878551,79457.36651282416,87437.50535448735,3535.5339059327375,7071.067811865475,5,10,883.8834764831844,785.6742013183862,3.7452689681490865,3.329127971688077,3.329127971688077,16.0,348.0,348.0
electricity_nt49_tc15_A30_0ae18d99,electricity,49,15.0,735.0,30.0,15.0,30.0,1.5,3890286.3177968827,3890.2863177968825,4284437.76236988,4284.43776236988,0.09199607193149606,9.199607193149607,0.6042130770348962,60.421307703489624,79393.59832238535,87437.50535448735,6708.203932499369,4472.13595499958,9,6,838.5254915624212,894.4271909999159,3.55307411678992,3.7899457245759147,3.55307411678992,17.0,358.0,358.0
electricity_nt49_tc15_A30_0ae18d99,electricity,49,15.0,735.0,30.0,45.0,30.0,1.5,3886114.0884087738,3886.1140884087736,4284437.76236988,4284.43776236988,0.09296988217674074,9.296988217674073,0.6035650744585428,60.35650744585428,79308.45078385253,87437.50535448735,6708.203932499369,4472.13595499958,9,6,838.5254915624212,894.4271909999159,3.55307411678992,3.7899457245759147,3.55307411678992,18.0,363.0,363.0
electricity_nt49_tc15_A25_52121bac,electricity,49,15.0,735.0,25.0,15.0,30.0,0.5,3885909.279022481,3885.909279022481,4284437.76236988,4284.43776236988,0.09301768527195475,9.301768527195476,0.6035332648436742,60.35332648436742,79304.27100045879,87437.50535448735,3535.5339059327375,7071.067811865475,5,10,883.8834764831844,785.6742013183862,3.7452689681490865,3.329127971688077,3.329127971688077,19.0,364.0,364.0
electricity_nt49_tc15_A30_0ae18d99,electricity,49,15.0,735.0,30.0,75.0,30.0,1.5,3882667.7147131297,3882.6677147131295,4284437.76236988,4284.43776236988,0.09377427563202989,9.377427563202989,0.6030298069010546,60.30298069010546,79238.11662679857,87437.50535448735,6708.203932499369,4472.13595499958,9,6,838.5254915624212,894.4271909999159,3.55307411678992,3.7899457245759147,3.55307411678992,20.0,367.0,367.0
electricity_nt49_tc15_A25_52121bac,electricity,49,15.0,735.0,25.0,75.0,30.0,0.5,3880766.543069132,3880.7665430691322,4284437.76236988,4284.43776236988,0.09421801451900724,9.421801451900723,0.6027345297221651,60.27345297221651,79199.3172054925,87437.50535448735,3535.5339059327375,7071.067811865475,5,10,883.8834764831844,785.6742013183862,3.7452689681490865,3.329127971688077,3.329127971688077,21.0,368.0,368.0
electricity_nt49_tc15_A25_52121bac,electricity,49,15.0,735.0,25.0,15.0,30.0,2.0,3874038.2196963853,3874.038219696385,4284437.76236988,4284.43776236988,0.09578842439445034,9.578842439445035,0.6016895318386583,60.168953183865824,79062.0044835997,87437.50535448735,7071.067811865475,3535.5339059327375,10,5,785.6742013183862,883.8834764831844,3.329127971688077,3.7452689681490865,3.329127971688077,22.0,376.0,376.0
electricity_nt49_tc15_A25_52121bac,electricity,49,15.0,735.0,25.0,45.0,30.0,2.0,3869262.3008742332,3869.2623008742335,4284437.76236988,4284.43776236988,0.09690313747631574,9.690313747631574,0.6009477682841352,60.09477682841352,78964.53675253538,87437.50535448735,7071.067811865475,3535.5339059327375,10,5,785.6742013183862,883.8834764831844,3.329127971688077,3.7452689681490865,3.329127971688077,23.0,380.0,380.0
electricity_nt49_tc15_A25_52121bac,electricity,49,15.0,735.0,25.0,75.0,30.0,2.0,3868538.2625647844,3868.5382625647844,4284437.76236988,4284.43776236988,0.09707213008388915,9.707213008388916,0.6008353155289635,60.08353155289635,78949.7604605058,87437.50535448735,7071.067811865475,3535.5339059327375,10,5,785.6742013183862,883.8834764831844,3.329127971688077,3.7452689681490865,3.329127971688077,24.0,382.0,382.0
electricity_nt49_tc15_A25_52121bac,electricity,49,15.0,735.0,25.0,45.0,30.0,1.0,3862563.238154453,3862.5632381544533,4284437.76236988,4284.43776236988,0.0984667178318569,9.84667178318569,0.5999073149682311,59.990731496823116,78827.82118682557,87437.50535448735,5000.0,5000.0,7,7,833.3333333333334,833.3333333333334,3.531073446327684,3.531073446327684,3.531073446327684,25.0,388.0,388.0
electricity_nt49_tc15_A25_52121bac,electricity,49,15.0,735.0,25.0,15.0,30.0,1.0,3860160.272070719,3860.1602720707187,4284437.76236988,4284.43776236988,0.09902757697301179,9.90275769730118,0.5995341024556144,59.95341024556144,78778.78106266774,87437.50535448735,5000.0,5000.0,7,7,833.3333333333334,833.3333333333334,3.531073446327684,3.531073446327684,3.531073446327684,26.0,390.0,390.0
electricity_nt49_tc15_A25_52121bac,electricity,49,15.0,735.0,25.0,75.0,30.0,1.0,3856693.1827017954,3856.693182701795,4284437.76236988,4284.43776236988,0.09983680552555951,9.98368055255595,0.5989956174792339,59.89956174792339,78708.02413677133,87437.50535448735,5000.0,5000.0,7,7,833.3333333333334,833.3333333333334,3.531073446327684,3.531073446327684,3.531073446327684,27.0,395.0,395.0
electricity_nt49_tc15_A30_0ae18d99,electricity,49,15.0,735.0,30.0,60.0,30.0,0.5,3842832.2620092956,3842.832262009296,4284437.76236988,4284.43776236988,0.10307198396933104,10.307198396933103,0.5968428326048048,59.68428326048048,78425.14820427133,87437.50535448735,3872.983346207417,7745.966692414834,5,10,968.2458365518543,860.6629658238704,4.102736595558705,3.6468769738299596,3.6468769738299596,28.0,406.0,406.0
electricity_nt49_tc15_A25_52121bac,electricity,49,15.0,735.0,25.0,15.0,30.0,1.5,3839265.4016706953,3839.265401670695,4284437.76236988,4284.43776236988,0.10390449935091228,10.390449935091228,0.596288851873186,59.6288851873186,78352.35513613664,87437.50535448735,6123.724356957945,4082.48290463863,9,6,765.4655446197431,816.496580927726,3.2434980704226404,3.459731275117483,3.2434980704226404,29.0,412.0,412.0
electricity_nt49_tc15_A30_0ae18d99,electricity,49,15.0,735.0,30.0,0.0,30.0,2.0,3837644.5744875288,3837.6445744875286,4284437.76236988,4284.43776236988,0.10428280504072818,10.428280504072818,0.5960371159083541,59.60371159083541,78319.27703035773,87437.50535448735,7745.966692414834,3872.983346207417,10,5,860.6629658238704,968.2458365518543,3.6468769738299596,4.102736595558705,3.6468769738299596,30.0,414.0,414.0
electricity_nt49_tc15_A30_0ae18d99,electricity,49,15.0,735.0,30.0,0.0,30.0,0.5,3837225.3822086905,3837.2253822086905,4284437.76236988,4284.43776236988,0.10438064571483474,10.438064571483475,0.5959720097860856,59.597200978608555,78310.72208589164,87437.50535448735,3872.983346207417,7745.966692414834,5,10,968.2458365518543,860.6629658238704,4.102736595558705,3.6468769738299596,3.6468769738299596,31.0,416.0,416.0
electricity_nt49_tc15_A30_0ae18d99,electricity,49,15.0,735.0,30.0,90.0,30.0,0.5,3835915.201864953,3835.9152018649534,4284437.76236988,4284.43776236988,0.10468644554585216,10.468644554585216,0.595768521396725,59.576852139672496,78283.98371152965,87437.50535448735,3872.983346207417,7745.966692414834,5,10,968.2458365518543,860.6629658238704,4.102736595558705,3.6468769738299596,3.6468769738299596,32.0,417.0,417.0
electricity_nt49_tc15_A30_0ae18d99,electricity,49,15.0,735.0,30.0,90.0,30.0,2.0,3835550.7222601734,3835.550722260173,4284437.76236988,4284.43776236988,0.10477151612570301,10.477151612570301,0.595711912878603,59.5711912878603,78276.54535224843,87437.50535448735,7745.966692414834,3872.983346207417,10,5,860.6629658238704,968.2458365518543,3.6468769738299596,4.102736595558705,3.6468769738299596,33.0,418.0,418.0
electricity_nt49_tc15_A30_0ae18d99,electricity,49,15.0,735.0,30.0,30.0,30.0,0.5,3834617.4219706203,3834.6174219706204,4284437.76236988,4284.43776236988,0.10498935107659213,10.498935107659213,0.5955669589616719,59.55669589616719,78257.49840756367,87437.50535448735,3872.983346207417,7745.966692414834,5,10,968.2458365518543,860.6629658238704,4.102736595558705,3.6468769738299596,3.6468769738299596,34.0,420.0,420.0
electricity_nt49_tc15_A25_52121bac,electricity,49,15.0,735.0,25.0,45.0,30.0,1.5,3833990.3226235206,3833.9903226235206,4284437.76236988,4284.43776236988,0.10513571785372389,10.513571785372388,0.5954695621134285,59.54695621134285,78244.7004617045,87437.50535448735,6123.724356957945,4082.48290463863,9,6,765.4655446197431,816.496580927726,3.2434980704226404,3.459731275117483,3.2434980704226404,35.0,422.0,422.0
electricity_nt49_tc15_A25_52121bac,electricity,49,15.0,735.0,25.0,75.0,30.0,1.5,3831753.0017590327,3831.753001759033,4284437.76236988,4284.43776236988,0.10565791492801402,10.565791492801402,0.5951220765009525,59.51220765009525,78199.04085222515,87437.50535448735,6123.724356957945,4082.48290463863,9,6,765.4655446197431,816.496580927726,3.2434980704226404,3.459731275117483,3.2434980704226404,36.0,425.0,425.0
electricity_nt49_tc15_A20_a5d500a1,electricity,49,15.0,735.0,20.0,45.0,30.0,0.5,3826242.7608176656,3826.2427608176654,4284437.76236988,4284.43776236988,0.1069440208879987,10.69440208879987,0.5942662629791672,59.42662629791672,78086.58695546257,87437.50535448735,3162.2776601683795,6324.555320336759,5,10,790.5694150420949,702.7283689263065,3.349870402720741,2.977662580196214,2.977662580196214,37.0,426.0,426.0
electricity_nt49_tc15_A20_a5d500a1,electricity,49,15.0,735.0,20.0,15.0,30.0,0.75,3824424.530750054,3824.424530750054,4284437.76236988,4284.43776236988,0.10736840097436173,10.736840097436174,0.5939838677274647,59.39838677274647,78049.48021938886,87437.50535448735,3872.983346207417,5163.977794943223,7,7,645.4972243679028,860.6629658238704,2.7351577303724697,3.6468769738299596,2.7351577303724697,38.0,428.0,428.0
electricity_nt49_tc15_A20_a5d500a1,electricity,49,15.0,735.0,20.0,75.0,30.0,0.75,3824134.3463505236,3824.1343463505236,4284437.76236988,4284.43776236988,0.10743613084129522,10.743613084129521,0.593938798240382,59.3938798240382,78043.5580887862,87437.50535448735,3872.983346207417,5163.977794943223,7,7,645.4972243679028,860.6629658238704,2.7351577303724697,3.6468769738299596,2.7351577303724697,39.0,429.0,429.0
electricity_nt49_tc15_A20_a5d500a1,electricity,49,15.0,735.0,20.0,45.0,30.0,0.75,3823424.102693884,3823.4241026938844,4284437.76236988,4284.43776236988,0.10760190373753797,10.760190373753797,0.5938284879778033,59.382848797780326,78029.06332028336,87437.50535448735,3872.983346207417,5163.977794943223,7,7,645.4972243679028,860.6629658238704,2.7351577303724697,3.6468769738299596,2.7351577303724697,40.0,430.0,430.0
electricity_nt49_tc15_A20_a5d500a1,electricity,49,15.0,735.0,20.0,15.0,30.0,0.5,3818375.3814298934,3818.3753814298934,4284437.76236988,4284.43776236988,0.10878028968780973,10.878028968780972,0.5930443545848311,59.304435458483105,77926.0281924468,87437.50535448735,3162.2776601683795,6324.555320336759,5,10,790.5694150420949,702.7283689263065,3.349870402720741,2.977662580196214,2.977662580196214,41.0,434.0,434.0
electricity_nt49_tc15_A30_0ae18d99,electricity,49,15.0,735.0,30.0,60.0,30.0,2.0,3814744.8566545346,3814.7448566545345,4284437.76236988,4284.43776236988,0.10962766453060613,10.962766453060613,0.5924804859215567,59.24804859215567,77851.93585009254,87437.50535448735,7745.966692414834,3872.983346207417,10,5,860.6629658238704,968.2458365518543,3.6468769738299596,4.102736595558705,3.6468769738299596,42.0,435.0,435.0
electricity_nt49_tc15_A20_a5d500a1,electricity,49,15.0,735.0,20.0,75.0,30.0,0.5,3813303.8231431935,3813.3038231431933,4284437.76236988,4284.43776236988,0.10996400586435062,10.996400586435062,0.5922566742992565,59.22566742992566,77822.52700292232,87437.50535448735,3162.2776601683795,6324.555320336759,5,10,790.5694150420949,702.7283689263065,3.349870402720741,2.977662580196214,2.977662580196214,43.0,437.0,437.0
electricity_nt49_tc15_A30_0ae18d99,electricity,49,15.0,735.0,30.0,0.0,30.0,1.5,3807056.9148052037,3807.0569148052036,4284437.76236988,4284.43776236988,0.11142205209689404,11.142205209689404,0.5912864465575131,59.12864465575131,77695.03907765722,87437.50535448735,6708.203932499369,4472.13595499958,9,6,838.5254915624212,894.4271909999159,3.55307411678992,3.7899457245759147,3.55307411678992,44.0,440.0,440.0
electricity_nt49_tc15_A30_0ae18d99,electricity,49,15.0,735.0,30.0,0.0,30.0,1.0,3805422.83251333,3805.42283251333,4284437.76236988,4284.43776236988,0.11180345156690752,11.180345156690752,0.5910326518984453,59.103265189844535,77661.69045945571,87437.50535448735,5477.2255750516615,5477.2255750516615,7,7,912.870929175277,912.870929175277,3.86809715752236,3.86809715752236,3.86809715752236,45.0,441.0,441.0
electricity_nt49_tc15_A30_0ae18d99,electricity,49,15.0,735.0,30.0,90.0,30.0,1.0,3805422.83251333,3805.42283251333,4284437.76236988,4284.43776236988,0.11180345156690752,11.180345156690752,0.5910326518984453,59.103265189844535,77661.69045945571,87437.50535448735,5477.2255750516615,5477.2255750516615,7,7,912.870929175277,912.870929175277,3.86809715752236,3.86809715752236,3.86809715752236,45.0,441.0,441.0
electricity_nt49_tc15_A20_a5d500a1,electricity,49,15.0,735.0,20.0,15.0,30.0,2.0,3804331.2710285163,3804.3312710285163,4284437.76236988,4284.43776236988,0.11205822513239161,11.205822513239161,0.5908631179182612,59.08631179182612,77639.41369445952,87437.50535448735,6324.555320336759,3162.2776601683795,10,5,702.7283689263065,790.5694150420949,2.977662580196214,3.349870402720741,2.977662580196214,47.0,444.0,444.0
electricity_nt49_tc15_A30_0ae18d99,electricity,49,15.0,735.0,30.0,30.0,30.0,2.0,3803067.344543749,3803.067344543749,4284437.76236988,4284.43776236988,0.11235322918073332,11.235322918073331,0.590666813366842,59.0666813366842,77613.61927640304,87437.50535448735,7745.966692414834,3872.983346207417,10,5,860.6629658238704,968.2458365518543,3.6468769738299596,4.102736595558705,3.6468769738299596,48.0,445.0,445.0
electricity_nt49_tc15_A30_0ae18d99,electricity,49,15.0,735.0,30.0,90.0,30.0,1.5,3802651.9392735898,3802.65193927359,4284437.76236988,4284.43776236988,0.11245018595620748,11.24501859562075,0.5906022954172631,59.06022954172631,77605.14161782837,87437.50535448735,6708.203932499369,4472.13595499958,9,6,838.5254915624212,894.4271909999159,3.55307411678992,3.7899457245759147,3.55307411678992,49.0,446.0,446.0
electricity_nt49_tc15_A25_52121bac,electricity,49,15.0,735.0,25.0,60.0,30.0,0.5,3801766.555832307,3801.766555832307,4284437.76236988,4284.43776236988,0.11265683697797269,11.265683697797268,0.5904647836225743,59.046478362257425,77587.07256800626,87437.50535448735,3535.5339059327375,7071.067811865475,5,10,883.8834764831844,785.6742013183862,3.7452689681490865,3.329127971688077,3.329127971688077,50.0,447.0,447.0
electricity_nt49_tc15_A20_a5d500a1,electricity,49,15.0,735.0,20.0,75.0,30.0,2.0,3799242.673048079,3799.242673048079,4284437.76236988,4284.43776236988,0.11324591842207599,11.3245918422076,0.590072791142186,59.007279114218605,77535.56475608324,87437.50535448735,6324.555320336759,3162.2776601683795,10,5,702.7283689263065,790.5694150420949,2.977662580196214,3.349870402720741,2.977662580196214,51.0,449.0,449.0
electricity_nt49_tc15_A30_0ae18d99,electricity,49,15.0,735.0,30.0,60.0,30.0,1.0,3798644.640797716,3798.644640797716,4284437.76236988,4284.43776236988,0.11338550085588228,11.338550085588228,0.589979908799695,58.9979908799695,77523.36001627993,87437.50535448735,5477.2255750516615,5477.2255750516615,7,7,912.870929175277,912.870929175277,3.86809715752236,3.86809715752236,3.86809715752236,52.0,450.0,450.0
electricity_nt49_tc15_A20_a5d500a1,electricity,49,15.0,735.0,20.0,45.0,30.0,1.0,3798619.2646486135,3798.6192646486134,4284437.76236988,4284.43776236988,0.11339142372149735,11.339142372149736,0.5899759675470776,58.99759675470776,77522.84213568599,87437.50535448735,4472.13595499958,4472.13595499958,7,7,745.3559924999299,745.3559924999299,3.158288103813262,3.158288103813262,3.158288103813262,53.0,451.0,451.0
electricity_nt49_tc15_A20_a5d500a1,electricity,49,15.0,735.0,20.0,45.0,30.0,2.0,3798071.740640157,3798.071740640157,4284437.76236988,4284.43776236988,0.11351921738751003,11.351921738751003,0.5898909298046403,58.98909298046403,77511.66817632974,87437.50535448735,6324.555320336759,3162.2776601683795,10,5,702.7283689263065,790.5694150420949,2.977662580196214,3.349870402720741,2.977662580196214,54.0,452.0,452.0
electricity_nt49_tc15_A25_52121bac,electricity,49,15.0,735.0,25.0,0.0,30.0,2.0,3797361.3305702196,3797.3613305702197,4284437.76236988,4284.43776236988,0.11368502912509126,11.368502912509125,0.5897805936958685,58.97805936958685,77497.17001163714,87437.50535448735,7071.067811865475,3535.5339059327375,10,5,785.6742013183862,883.8834764831844,3.329127971688077,3.7452689681490865,3.329127971688077,55.0,453.0,453.0
electricity_nt49_tc15_A25_52121bac,electricity,49,15.0,735.0,25.0,0.0,30.0,0.5,3796791.486574773,3796.791486574773,4284437.76236988,4284.43776236988,0.11381803233976073,11.381803233976074,0.5896920893633357,58.96920893633357,77485.5405423423,87437.50535448735,3535.5339059327375,7071.067811865475,5,10,883.8834764831844,785.6742013183862,3.7452689681490865,3.329127971688077,3.329127971688077,56.0,454.0,454.0
electricity_nt49_tc15_A20_a5d500a1,electricity,49,15.0,735.0,20.0,15.0,30.0,1.0,3796609.9743904164,3796.6099743904165,4284437.76236988,4284.43776236988,0.11386039780156088,11.386039780156088,0.5896638981130085,58.96638981130084,77481.83621204931,87437.50535448735,4472.13595499958,4472.13595499958,7,7,745.3559924999299,745.3559924999299,3.158288103813262,3.158288103813262,3.158288103813262,57.0,455.0,455.0
electricity_nt49_tc15_A25_52121bac,electricity,49,15.0,735.0,25.0,90.0,30.0,0.5,3795407.6895232857,3795.4076895232856,4284437.76236988,4284.43776236988,0.11414101452044301,11.414101452044301,0.5894771673225989,58.94771673225989,77457.2997861895,87437.50535448735,3535.5339059327375,7071.067811865475,5,10,883.8834764831844,785.6742013183862,3.7452689681490865,3.329127971688077,3.329127971688077,58.0,456.0,456.0
electricity_nt49_tc15_A25_52121bac,electricity,49,15.0,735.0,25.0,90.0,30.0,2.0,3794886.657979184,3794.886657979184,4284437.76236988,4284.43776236988,0.11426262476967519,11.42626247696752,0.5893962442113477,58.93962442113477,77446.6664893711,87437.50535448735,7071.067811865475,3535.5339059327375,10,5,785.6742013183862,883.8834764831844,3.329127971688077,3.7452689681490865,3.329127971688077,59.0,457.0,457.0
electricity_nt49_tc15_A20_a5d500a1,electricity,49,15.0,735.0,20.0,75.0,30.0,1.0,3793580.370292205,3793.580370292205,4284437.76236988,4284.43776236988,0.11456751604349702,11.456751604349702,0.5891933604032251,58.91933604032251,77420.00755698378,87437.50535448735,4472.13595499958,4472.13595499958,7,7,745.3559924999299,745.3559924999299,3.158288103813262,3.158288103813262,3.158288103813262,60.0,458.0,458.0
electricity_nt49_tc15_A25_52121bac,electricity,49,15.0,735.0,25.0,30.0,30.0,0.5,3793526.3211485306,3793.5263211485308,4284437.76236988,4284.43776236988,0.11458013126786759,11.45801312678676,0.58918496585415,58.91849658541501,77418.90451323532,87437.50535448735,3535.5339059327375,7071.067811865475,5,10,883.8834764831844,785.6742013183862,3.7452689681490865,3.329127971688077,3.329127971688077,61.0,459.0,459.0
electricity_nt49_tc15_A30_0ae18d99,electricity,49,15.0,735.0,30.0,30.0,30.0,1.0,3788772.851105304,3788.7728511053037,4284437.76236988,4284.43776236988,0.11568960474067103,11.568960474067103,0.5884466888928189,58.84466888928189,77321.89492051641,87437.50535448735,5477.2255750516615,5477.2255750516615,7,7,912.870929175277,912.870929175277,3.86809715752236,3.86809715752236,3.86809715752236,62.0,462.0,462.0
electricity_nt49_tc15_A30_0ae18d99,electricity,49,15.0,735.0,30.0,60.0,30.0,1.5,3787405.858777999,3787.405858777999,4284437.76236988,4284.43776236988,0.1160086646507743,11.60086646507743,0.5882343768486936,58.82343768486936,77293.99711791835,87437.50535448735,6708.203932499369,4472.13595499958,9,6,838.5254915624212,894.4271909999159,3.55307411678992,3.7899457245759147,3.55307411678992,63.0,463.0,463.0
electricity_nt49_tc15_A30_0ae18d99,electricity,49,15.0,735.0,30.0,0.0,30.0,0.75,3780071.923767112,3780.0719237671124,4284437.76236988,4284.43776236988,0.11772042601075972,11.772042601075972,0.5870953194432194,58.70953194432194,77144.32497483902,87437.50535448735,4743.416490252569,6324.555320336759,7,7,790.5694150420949,1054.09255338946,3.349870402720741,4.466493870294322,3.349870402720741,64.0,470.0,470.0
electricity_nt49_tc15_A30_0ae18d99,electricity,49,15.0,735.0,30.0,90.0,30.0,0.75,3779072.439443398,3779.072439443398,4284437.76236988,4284.43776236988,0.1179537085040877,11.795370850408771,0.5869400862677286,58.69400862677286,77123.92733557954,87437.50535448735,4743.416490252569,6324.555320336759,7,7,790.5694150420949,1054.09255338946,3.349870402720741,4.466493870294322,3.349870402720741,65.0,471.0,471.0
electricity_nt49_tc15_A30_0ae18d99,electricity,49,15.0,735.0,30.0,30.0,30.0,1.5,3778057.6693104403,3778.0576693104404,4284437.76236988,4284.43776236988,0.11819055874891338,11.819055874891337,0.5867824790032679,58.67824790032679,77103.2177410294,87437.50535448735,6708.203932499369,4472.13595499958,9,6,838.5254915624212,894.4271909999159,3.55307411678992,3.7899457245759147,3.55307411678992,66.0,472.0,472.0
electricity_nt49_tc15_A25_52121bac,electricity,49,15.0,735.0,25.0,60.0,30.0,2.0,3774098.36257548,3774.0983625754798,4284437.76236988,4284.43776236988,0.1191146722393076,11.91146722393076,0.5861675461397633,58.616754613976326,77022.41556276489,87437.50535448735,7071.067811865475,3535.5339059327375,10,5,785.6742013183862,883.8834764831844,3.329127971688077,3.7452689681490865,3.329127971688077,67.0,476.0,476.0
electricity_nt49_tc15_A20_a5d500a1,electricity,49,15.0,735.0,20.0,15.0,30.0,1.5,3770499.0080768056,3770.4990080768057,4284437.76236988,4284.43776236988,0.11995477185057679,11.995477185057679,0.5856085186339897,58.560851863398966,76948.95934850624,87437.50535448735,5477.2255750516615,3651.4837167011074,9,6,684.6531968814577,730.2967433402215,2.9010728681417697,3.0944777260178875,2.9010728681417697,68.0,477.0,477.0
electricity_nt49_tc15_A30_0ae18d99,electricity,49,15.0,735.0,30.0,60.0,30.0,0.75,3770230.6728148903,3770.23067281489,4284437.76236988,4284.43776236988,0.12001740206644129,12.00174020664413,0.585566842607848,58.5566842607848,76943.48311867123,87437.50535448735,4743.416490252569,6324.555320336759,7,7,790.5694150420949,1054.09255338946,3.349870402720741,4.466493870294322,3.349870402720741,69.0,478.0,478.0
electricity_nt49_tc15_A25_52121bac,electricity,49,15.0,735.0,25.0,90.0,30.0,1.0,3767469.2085762634,3767.4692085762636,4284437.76236988,4284.43776236988,0.12066193569997452,12.066193569997452,0.5851379505756319,58.513795057563186,76887.12670563803,87437.50535448735,5000.0,5000.0,7,7,833.3333333333334,833.3333333333334,3.531073446327684,3.531073446327684,3.531073446327684,70.0,479.0,479.0
electricity_nt49_tc15_A25_52121bac,electricity,49,15.0,735.0,25.0,0.0,30.0,1.0,3767469.2085762634,3767.4692085762636,4284437.76236988,4284.43776236988,0.12066193569997452,12.066193569997452,0.5851379505756319,58.513795057563186,76887.12670563803,87437.50535448735,5000.0,5000.0,7,7,833.3333333333334,833.3333333333334,3.531073446327684,3.531073446327684,3.531073446327684,70.0,479.0,479.0
electricity_nt49_tc15_A25_52121bac,electricity,49,15.0,735.0,25.0,0.0,30.0,1.5,3766619.674065138,3766.619674065138,4284437.76236988,4284.43776236988,0.12086021947914072,12.086021947914071,0.5850060065953994,58.500600659539934,76869.78926663547,87437.50535448735,6123.724356957945,4082.48290463863,9,6,765.4655446197431,816.496580927726,3.2434980704226404,3.459731275117483,3.2434980704226404,72.0,482.0,482.0
electricity_nt49_tc15_A20_a5d500a1,electricity,49,15.0,735.0,20.0,45.0,30.0,1.5,3763899.0492178053,3763.8990492178054,4284437.76236988,4284.43776236988,0.12149522108220479,12.149522108220479,0.5845834574624617,58.45834574624617,76814.26631056746,87437.50535448735,5477.2255750516615,3651.4837167011074,9,6,684.6531968814577,730.2967433402215,2.9010728681417697,3.0944777260178875,2.9010728681417697,73.0,483.0,483.0
electricity_nt49_tc15_A20_a5d500a1,electricity,49,15.0,735.0,20.0,75.0,30.0,1.5,3763170.7436617874,3763.1707436617876,4284437.76236988,4284.43776236988,0.12166520967730454,12.166520967730454,0.5844703419472848,58.447034194728474,76799.4029318732,87437.50535448735,5477.2255750516615,3651.4837167011074,9,6,684.6531968814577,730.2967433402215,2.9010728681417697,3.0944777260178875,2.9010728681417697,74.0,484.0,484.0
electricity_nt49_tc15_A25_52121bac,electricity,49,15.0,735.0,25.0,90.0,30.0,1.5,3761680.2231068094,3761.6802231068095,4284437.76236988,4284.43776236988,0.12201310142825239,12.201310142825239,0.5842388443305703,58.423884433057026,76768.98414503693,87437.50535448735,6123.724356957945,4082.48290463863,9,6,765.4655446197431,816.496580927726,3.2434980704226404,3.459731275117483,3.2434980704226404,75.0,485.0,485.0
electricity_nt49_tc15_A25_52121bac,electricity,49,15.0,735.0,25.0,30.0,30.0,2.0,3761228.250515136,3761.228250515136,4284437.76236988,4284.43776236988,0.12211859312091822,12.211859312091821,0.5841686469908266,58.41686469908266,76759.76021459461,87437.50535448735,7071.067811865475,3535.5339059327375,10,5,785.6742013183862,883.8834764831844,3.329127971688077,3.7452689681490865,3.329127971688077,76.0,486.0,486.0
electricity_nt49_tc15_A25_52121bac,electricity,49,15.0,735.0,25.0,60.0,30.0,1.0,3760330.6694493494,3760.3306694493494,4284437.76236988,4284.43776236988,0.1223280911030501,12.23280911030501,0.5840292407432283,58.402924074322826,76741.44223366019,87437.50535448735,5000.0,5000.0,7,7,833.3333333333334,833.3333333333334,3.531073446327684,3.531073446327684,3.531073446327684,77.0,488.0,488.0
electricity_nt49_tc15_A30_0ae18d99,electricity,49,15.0,735.0,30.0,30.0,30.0,0.75,3758511.669245536,3758.511669245536,4284437.76236988,4284.43776236988,0.12275265094140042,12.275265094140043,0.5837467258791563,58.37467258791563,76704.31978052114,87437.50535448735,4743.416490252569,6324.555320336759,7,7,790.5694150420949,1054.09255338946,3.349870402720741,4.466493870294322,3.349870402720741,78.0,491.0,491.0
electricity_nt49_tc15_A25_52121bac,electricity,49,15.0,735.0,25.0,30.0,30.0,1.0,3749727.236790341,3749.727236790341,4284437.76236988,4284.43776236988,0.12480296254409151,12.48029625440915,0.5823823869770355,58.23823869770355,76525.04564878247,87437.50535448735,5000.0,5000.0,7,7,833.3333333333334,833.3333333333334,3.531073446327684,3.531073446327684,3.531073446327684,79.0,493.0,493.0
electricity_nt49_tc15_A20_a5d500a1,electricity,49,15.0,735.0,20.0,60.0,30.0,0.5,3746972.801238856,3746.972801238856,4284437.76236988,4284.43776236988,0.1254458556619884,12.54458556619884,0.5819545865931811,58.19545865931811,76468.832678344,87437.50535448735,3162.2776601683795,6324.555320336759,5,10,790.5694150420949,702.7283689263065,3.349870402720741,2.977662580196214,2.977662580196214,80.0,496.0,496.0
electricity_nt49_tc15_A25_52121bac,electricity,49,15.0,735.0,25.0,60.0,30.0,1.5,3746263.203423435,3746.263203423435,4284437.76236988,4284.43776236988,0.12561147781704762,12.561147781704761,0.5818443766383119,58.18443766383119,76454.35109027418,87437.50535448735,6123.724356957945,4082.48290463863,9,6,765.4655446197431,816.496580927726,3.2434980704226404,3.459731275117483,3.2434980704226404,81.0,497.0,497.0
electricity_nt49_tc15_A20_a5d500a1,electricity,49,15.0,735.0,20.0,0.0,30.0,2.0,3743506.2440968277,3743.5062440968277,4284437.76236988,4284.43776236988,0.12625495999126002,12.625495999126002,0.5814161842786985,58.141618427869844,76398.08661422097,87437.50535448735,6324.555320336759,3162.2776601683795,10,5,702.7283689263065,790.5694150420949,2.977662580196214,3.349870402720741,2.977662580196214,82.0,498.0,498.0
electricity_nt49_tc15_A20_a5d500a1,electricity,49,15.0,735.0,20.0,0.0,30.0,0.5,3742729.8427864076,3742.7298427864075,4284437.76236988,4284.43776236988,0.1264361742726855,12.64361742726855,0.5812955988547833,58.12955988547833,76382.24168951852,87437.50535448735,3162.2776601683795,6324.555320336759,5,10,790.5694150420949,702.7283689263065,3.349870402720741,2.977662580196214,2.977662580196214,83.0,499.0,499.0
electricity_nt49_tc15_A20_a5d500a1,electricity,49,15.0,735.0,20.0,90.0,30.0,0.5,3741220.9739678693,3741.220973967869,4284437.76236988,4284.43776236988,0.12678834856070775,12.678834856070775,0.581061251509314,58.1061251509314,76351.44844832386,87437.50535448735,3162.2776601683795,6324.555320336759,5,10,790.5694150420949,702.7283689263065,3.349870402720741,2.977662580196214,2.977662580196214,84.0,501.0,501.0
electricity_nt49_tc15_A20_a5d500a1,electricity,49,15.0,735.0,20.0,90.0,30.0,2.0,3740485.9110115096,3740.4859110115094,4284437.76236988,4284.43776236988,0.12695991435233056,12.695991435233056,0.5809470864802145,58.09470864802145,76336.4471635002,87437.50535448735,6324.555320336759,3162.2776601683795,10,5,702.7283689263065,790.5694150420949,2.977662580196214,3.349870402720741,2.977662580196214,85.0,502.0,502.0
electricity_nt49_tc15_A20_a5d500a1,electricity,49,15.0,735.0,20.0,30.0,30.0,0.5,3738737.874443828,3738.7378744438283,4284437.76236988,4284.43776236988,0.1273679110755026,12.73679110755026,0.5806755932102985,58.06755932102985,76300.77294783323,87437.50535448735,3162.2776601683795,6324.555320336759,5,10,790.5694150420949,702.7283689263065,3.349870402720741,2.977662580196214,2.977662580196214,86.0,503.0,503.0
electricity_nt49_tc15_A25_52121bac,electricity,49,15.0,735.0,25.0,0.0,30.0,0.75,3737119.5024579186,3737.1195024579188,4284437.76236988,4284.43776236988,0.12774564371527242,12.77456437152724,0.5804242385701734,58.04242385701735,76267.74494812079,87437.50535448735,4330.127018922193,5773.502691896258,7,7,721.6878364870322,962.2504486493763,3.0579993071484415,4.077332409531255,3.0579993071484415,87.0,504.0,504.0
electricity_nt49_tc15_A25_52121bac,electricity,49,15.0,735.0,25.0,30.0,30.0,1.5,3736070.407942815,3736.070407942815,4284437.76236988,4284.43776236988,0.1279905053688405,12.79905053688405,0.5802613002737886,58.02613002737886,76246.33485597582,87437.50535448735,6123.724356957945,4082.48290463863,9,6,765.4655446197431,816.496580927726,3.2434980704226404,3.459731275117483,3.2434980704226404,88.0,505.0,505.0
electricity_nt49_tc15_A25_52121bac,electricity,49,15.0,735.0,25.0,90.0,30.0,0.75,3735887.021424632,3735.887021424632,4284437.76236988,4284.43776236988,0.1280333083055044,12.803330830550442,0.5802328179145516,58.02328179145516,76242.59227397208,87437.50535448735,4330.127018922193,5773.502691896258,7,7,721.6878364870322,962.2504486493763,3.0579993071484415,4.077332409531255,3.0579993071484415,89.0,506.0,506.0
electricity_nt49_tc15_A15_e9d59390,electricity,49,15.0,735.0,15.0,45.0,30.0,0.5,3730102.409074538,3730.1024090745377,4284437.76236988,4284.43776236988,0.12938345333524448,12.938345333524449,0.5793343908729441,57.93343908729442,76124.53896070486,87437.50535448735,2738.6127875258308,5477.2255750516615,5,10,684.6531968814577,608.5806194501846,2.9010728681417697,2.57873143834824,2.57873143834824,90.0,508.0,508.0
electricity_nt49_tc15_A25_52121bac,electricity,49,15.0,735.0,25.0,60.0,30.0,0.75,3727345.3956352747,3727.3453956352746,4284437.76236988,4284.43776236988,0.1300269481395051,13.00269481395051,0.5789061901089173,57.89061901089173,76068.27338031173,87437.50535448735,4330.127018922193,5773.502691896258,7,7,721.6878364870322,962.2504486493763,3.0579993071484415,4.077332409531255,3.0579993071484415,91.0,510.0,510.0
electricity_nt49_tc15_A15_e9d59390,electricity,49,15.0,735.0,15.0,15.0,30.0,0.5,3721952.986994011,3721.9529869940106,4284437.76236988,4284.43776236988,0.13128555170439415,13.128555170439416,0.5780686775066025,57.80686775066025,75958.22422436757,87437.50535448735,2738.6127875258308,5477.2255750516615,5,10,684.6531968814577,608.5806194501846,2.9010728681417697,2.57873143834824,2.57873143834824,92.0,511.0,511.0
electricity_nt49_tc15_A20_a5d500a1,electricity,49,15.0,735.0,20.0,60.0,30.0,2.0,3719671.858916058,3719.671858916058,4284437.76236988,4284.43776236988,0.13181797350731717,13.181797350731717,0.5777143880526913,57.77143880526913,75911.67059012364,87437.50535448735,6324.555320336759,3162.2776601683795,10,5,702.7283689263065,790.5694150420949,2.977662580196214,3.349870402720741,2.977662580196214,93.0,513.0,513.0
electricity_nt49_tc15_A15_e9d59390,electricity,49,15.0,735.0,15.0,75.0,30.0,0.75,3717271.532356365,3717.2715323563652,4284437.76236988,4284.43776236988,0.13237821657602855,13.237821657602854,0.5773415854931764,57.73415854931764,75862.68433380337,87437.50535448735,3354.1019662496847,4472.13595499958,7,7,559.0169943749474,745.3559924999299,2.368716077859947,3.158288103813262,2.368716077859947,94.0,514.0,514.0
electricity_nt49_tc15_A15_e9d59390,electricity,49,15.0,735.0,15.0,15.0,30.0,0.75,3717211.57697013,3717.2115769701304,4284437.76236988,4284.43776236988,0.13239221033426718,13.239221033426718,0.5773322736262744,57.73322736262744,75861.46075449245,87437.50535448735,3354.1019662496847,4472.13595499958,7,7,559.0169943749474,745.3559924999299,2.368716077859947,3.158288103813262,2.368716077859947,95.0,515.0,515.0
electricity_nt49_tc15_A15_e9d59390,electricity,49,15.0,735.0,15.0,75.0,30.0,0.5,3717065.557183658,3717.065557183658,4284437.76236988,4284.43776236988,0.13242629176911846,13.242629176911846,0.5773095948162112,57.73095948162113,75858.48075885016,87437.50535448735,2738.6127875258308,5477.2255750516615,5,10,684.6531968814577,608.5806194501846,2.9010728681417697,2.57873143834824,2.57873143834824,96.0,516.0,516.0
electricity_nt49_tc15_A15_e9d59390,electricity,49,15.0,735.0,15.0,45.0,30.0,0.75,3715913.92870518,3715.91392870518,4284437.76236988,4284.43776236988,0.13269508514233352,13.269508514233353,0.5771307316350107,57.71307316350107,75834.97813684041,87437.50535448735,3354.1019662496847,4472.13595499958,7,7,559.0169943749474,745.3559924999299,2.368716077859947,3.158288103813262,2.368716077859947,97.0,517.0,517.0
electricity_nt49_tc15_A20_a5d500a1,electricity,49,15.0,735.0,20.0,0.0,30.0,1.0,3714986.432501499,3714.986432501499,4284437.76236988,4284.43776236988,0.1329115654030173,13.29115654030173,0.5769866791696174,57.698667916961746,75816.04964288774,87437.50535448735,4472.13595499958,4472.13595499958,7,7,745.3559924999299,745.3559924999299,3.158288103813262,3.158288103813262,3.158288103813262,98.0,518.0,518.0
electricity_nt49_tc15_A20_a5d500a1,electricity,49,15.0,735.0,20.0,90.0,30.0,1.0,3714986.4325014986,3714.9864325014987,4284437.76236988,4284.43776236988,0.1329115654030174,13.29115654030174,0.5769866791696174,57.698667916961746,75816.04964288772,87437.50535448735,4472.13595499958,4472.13595499958,7,7,745.3559924999299,745.3559924999299,3.158288103813262,3.158288103813262,3.158288103813262,99.0,518.0,519.0
electricity_nt49_tc15_A25_52121bac,electricity,49,15.0,735.0,25.0,30.0,30.0,0.75,3714636.280696607,3714.636280696607,4284437.76236988,4284.43776236988,0.13299329183348785,13.299329183348785,0.576932295948903,57.693229594890305,75808.90368768586,87437.50535448735,4330.127018922193,5773.502691896258,7,7,721.6878364870322,962.2504486493763,3.0579993071484415,4.077332409531255,3.0579993071484415,100.0,520.0,520.0
electricity_nt49_tc15_A20_a5d500a1,electricity,49,15.0,735.0,20.0,0.0,30.0,1.5,3710759.025369786,3710.7590253697863,4284437.76236988,4284.43776236988,0.13389825429107682,13.389825429107683,0.5763301067576471,57.63301067576471,75729.77602795482,87437.50535448735,5477.2255750516615,3651.4837167011074,9,6,684.6531968814577,730.2967433402215,2.9010728681417697,3.0944777260178875,2.9010728681417697,101.0,521.0,521.0
electricity_nt49_tc15_A20_a5d500a1,electricity,49,15.0,735.0,20.0,60.0,30.0,1.0,3707427.1900697355,3707.4271900697354,4284437.76236988,4284.43776236988,0.13467591415798252,13.467591415798253,0.5758126285325592,57.58126285325592,75661.77938917828,87437.50535448735,4472.13595499958,4472.13595499958,7,7,745.3559924999299,745.3559924999299,3.158288103813262,3.158288103813262,3.158288103813262,102.0,522.0,522.0
electricity_nt49_tc15_A15_e9d59390,electricity,49,15.0,735.0,15.0,45.0,30.0,1.0,3705403.377120576,3705.403377120576,4284437.76236988,4284.43776236988,0.13514827787555939,13.514827787555939,0.5754983035319131,57.54983035319131,75620.47708409338,87437.50535448735,3872.983346207417,3872.983346207417,7,7,645.4972243679028,645.4972243679028,2.7351577303724697,2.7351577303724697,2.7351577303724697,103.0,523.0,523.0
electricity_nt49_tc15_A20_a5d500a1,electricity,49,15.0,735.0,20.0,30.0,30.0,2.0,3705236.6944935247,3705.2366944935247,4284437.76236988,4284.43776236988,0.13518718207636615,13.518718207636615,0.5754724155085771,57.547241550857706,75617.07539782704,87437.50535448735,6324.555320336759,3162.2776601683795,10,5,702.7283689263065,790.5694150420949,2.977662580196214,3.349870402720741,2.977662580196214,104.0,524.0,524.0
electricity_nt49_tc15_A20_a5d500a1,electricity,49,15.0,735.0,20.0,90.0,30.0,1.5,3705039.4572518365,3705.0394572518367,4284437.76236988,4284.43776236988,0.13523321781142117,13.523321781142117,0.5754417819482243,57.54417819482243,75613.05014799666,87437.50535448735,5477.2255750516615,3651.4837167011074,9,6,684.6531968814577,730.2967433402215,2.9010728681417697,3.0944777260178875,2.9010728681417697,105.0,525.0,525.0
electricity_nt49_tc15_A15_e9d59390,electricity,49,15.0,735.0,15.0,15.0,30.0,2.0,3704984.238887394,3704.984238887394,4284437.76236988,4284.43776236988,0.13524610593525566,13.524610593525566,0.575433205803652,57.5433205803652,75611.92324259988,87437.50535448735,5477.2255750516615,2738.6127875258308,10,5,608.5806194501846,684.6531968814577,2.57873143834824,2.9010728681417697,2.57873143834824,106.0,526.0,526.0
electricity_nt49_tc15_A15_e9d59390,electricity,49,15.0,735.0,15.0,15.0,30.0,1.0,3704069.8952759504,3704.0698952759503,4284437.76236988,4284.43776236988,0.13545951634337827,13.545951634337827,0.5752911961103269,57.529119611032684,75593.26316889694,87437.50535448735,3872.983346207417,3872.983346207417,7,7,645.4972243679028,645.4972243679028,2.7351577303724697,2.7351577303724697,2.7351577303724697,107.0,527.0,527.0
electricity_nt49_tc15_A15_e9d59390,electricity,49,15.0,735.0,15.0,75.0,30.0,1.0,3701881.6414524578,3701.8816414524576,4284437.76236988,4284.43776236988,0.13597026103028031,13.597026103028032,0.574951331260283,57.4951331260283,75548.60492760118,87437.50535448735,3872.983346207417,3872.983346207417,7,7,645.4972243679028,645.4972243679028,2.7351577303724697,2.7351577303724697,2.7351577303724697,108.0,528.0,528.0
electricity_nt49_tc15_A15_e9d59390,electricity,49,15.0,735.0,15.0,75.0,30.0,2.0,3700697.0322129084,3700.697032212908,4284437.76236988,4284.43776236988,0.13624675220724491,13.624675220724491,0.5747673457293369,57.47673457293369,75524.42922883487,87437.50535448735,5477.2255750516615,2738.6127875258308,10,5,608.5806194501846,684.6531968814577,2.57873143834824,2.9010728681417697,2.57873143834824,109.0,529.0,529.0
electricity_nt49_tc15_A15_e9d59390,electricity,49,15.0,735.0,15.0,45.0,30.0,2.0,3696672.5910840277,3696.6725910840278,4284437.76236988,4284.43776236988,0.13718606825105062,13.718606825105063,0.5741422966303277,57.41422966303277,75442.29777722506,87437.50535448735,5477.2255750516615,2738.6127875258308,10,5,608.5806194501846,684.6531968814577,2.57873143834824,2.9010728681417697,2.57873143834824,110.0,530.0,530.0
electricity_nt49_tc15_A20_a5d500a1,electricity,49,15.0,735.0,20.0,30.0,30.0,1.0,3695894.6984382006,3695.8946984382005,4284437.76236988,4284.43776236988,0.13736763061441581,13.736763061441582,0.5740214795822385,57.40214795822385,75426.42241710614,87437.50535448735,4472.13595499958,4472.13595499958,7,7,745.3559924999299,745.3559924999299,3.158288103813262,3.158288103813262,3.158288103813262,111.0,531.0,531.0
electricity_nt49_tc15_A20_a5d500a1,electricity,49,15.0,735.0,20.0,60.0,30.0,1.5,3689388.0971834664,3689.3880971834665,4284437.76236988,4284.43776236988,0.13888628991479857,13.888628991479857,0.5730109180852152,57.30109180852152,75293.63463639727,87437.50535448735,5477.2255750516615,3651.4837167011074,9,6,684.6531968814577,730.2967433402215,2.9010728681417697,3.0944777260178875,2.9010728681417697,112.0,532.0,532.0
electricity_nt49_tc15_A20_a5d500a1,electricity,49,15.0,735.0,20.0,0.0,30.0,0.75,3681076.469997193,3681.0764699971933,4284437.76236988,4284.43776236988,0.14082624741850513,14.082624741850513,0.5717200121139989,57.172001211399895,75124.00959177945,87437.50535448735,3872.983346207417,5163.977794943223,7,7,645.4972243679028,860.6629658238704,2.7351577303724697,3.6468769738299596,2.7351577303724697,113.0,533.0,533.0
electricity_nt49_tc15_A20_a5d500a1,electricity,49,15.0,735.0,20.0,90.0,30.0,0.75,3679519.3201348763,3679.519320134876,4284437.76236988,4284.43776236988,0.14118969063992226,14.118969063992227,0.5714781660818931,57.1478166081893,75092.23102316074,87437.50535448735,3872.983346207417,5163.977794943223,7,7,645.4972243679028,860.6629658238704,2.7351577303724697,3.6468769738299596,2.7351577303724697,114.0,534.0,534.0
electricity_nt49_tc15_A20_a5d500a1,electricity,49,15.0,735.0,20.0,30.0,30.0,1.5,3678138.775977945,3678.138775977945,4284437.76236988,4284.43776236988,0.14151191358573245,14.151191358573245,0.5712637492588365,57.12637492588365,75064.05665261112,87437.50535448735,5477.2255750516615,3651.4837167011074,9,6,684.6531968814577,730.2967433402215,2.9010728681417697,3.0944777260178875,2.9010728681417697,115.0,535.0,535.0
electricity_nt49_tc15_A20_a5d500a1,electricity,49,15.0,735.0,20.0,60.0,30.0,0.75,3671359.718376761,3671.3597183767606,4284437.76236988,4284.43776236988,0.14309416497487026,14.309416497487026,0.5702108716765696,57.02108716765696,74925.70853830125,87437.50535448735,3872.983346207417,5163.977794943223,7,7,645.4972243679028,860.6629658238704,2.7351577303724697,3.6468769738299596,2.7351577303724697,116.0,536.0,536.0
electricity_nt49_tc15_A15_e9d59390,electricity,49,15.0,735.0,15.0,15.0,30.0,1.5,3671195.4174620914,3671.1954174620914,4284437.76236988,4284.43776236988,0.14313251327721055,14.313251327721055,0.5701853535647643,57.01853535647643,74922.35545841003,87437.50535448735,4743.416490252569,3162.2776601683795,9,6,592.9270612815711,632.4555320336759,2.5124028020405555,2.679896322176593,2.5124028020405555,117.0,537.0,537.0
electricity_nt49_tc15_A15_e9d59390,electricity,49,15.0,735.0,15.0,60.0,30.0,0.5,3666153.2659184528,3666.1532659184527,4284437.76236988,4284.43776236988,0.1443093658360045,14.43093658360045,0.5694022405365223,56.94022405365223,74819.45440649903,87437.50535448735,2738.6127875258308,5477.2255750516615,5,10,684.6531968814577,608.5806194501846,2.9010728681417697,2.57873143834824,2.57873143834824,118.0,538.0,538.0
electricity_nt49_tc15_A15_e9d59390,electricity,49,15.0,735.0,15.0,75.0,30.0,1.5,3664224.836638433,3664.224836638433,4284437.76236988,4284.43776236988,0.144759466733013,14.475946673301298,0.5691027298851354,56.91027298851354,74780.09870690679,87437.50535448735,4743.416490252569,3162.2776601683795,9,6,592.9270612815711,632.4555320336759,2.5124028020405555,2.679896322176593,2.5124028020405555,119.0,539.0,539.0
electricity_nt49_tc15_A15_e9d59390,electricity,49,15.0,735.0,15.0,0.0,30.0,2.0,3663377.2335501686,3663.3772335501685,4284437.76236988,4284.43776236988,0.14495729971257199,14.495729971257198,0.568971085880497,56.897108588049704,74762.80068469731,87437.50535448735,5477.2255750516615,2738.6127875258308,10,5,608.5806194501846,684.6531968814577,2.57873143834824,2.9010728681417697,2.57873143834824,120.0,540.0,540.0
electricity_nt49_tc15_A15_e9d59390,electricity,49,15.0,735.0,15.0,45.0,30.0,1.5,3662566.9679031516,3662.5669679031516,4284437.76236988,4284.43776236988,0.14514641802679595,14.514641802679595,0.5688452408758351,56.88452408758351,74746.26465108473,87437.50535448735,4743.416490252569,3162.2776601683795,9,6,592.9270612815711,632.4555320336759,2.5124028020405555,2.679896322176593,2.5124028020405555,121.0,541.0,541.0
electricity_nt49_tc15_A15_e9d59390,electricity,49,15.0,735.0,15.0,0.0,30.0,0.5,3662321.1014320743,3662.321101432074,4284437.76236988,4284.43776236988,0.1452038039627609,14.520380396276089,0.5688070545510009,56.88070545510009,74741.24696800152,87437.50535448735,2738.6127875258308,5477.2255750516615,5,10,684.6531968814577,608.5806194501846,2.9010728681417697,2.57873143834824,2.57873143834824,122.0,542.0,542.0
electricity_nt49_tc15_A15_e9d59390,electricity,49,15.0,735.0,15.0,90.0,30.0,0.5,3660560.0596683975,3660.5600596683976,4284437.76236988,4284.43776236988,0.14561483613579052,14.561483613579052,0.5685335414016086,56.85335414016086,74705.30734017138,87437.50535448735,2738.6127875258308,5477.2255750516615,5,10,684.6531968814577,608.5806194501846,2.9010728681417697,2.57873143834824,2.57873143834824,123.0,543.0,543.0
electricity_nt49_tc15_A15_e9d59390,electricity,49,15.0,735.0,15.0,90.0,30.0,2.0,3659543.760654209,3659.543760654209,4284437.76236988,4284.43776236988,0.14585204322585832,14.585204322585831,0.5683756966816093,56.837569668160924,74684.56654396345,87437.50535448735,5477.2255750516615,2738.6127875258308,10,5,608.5806194501846,684.6531968814577,2.57873143834824,2.9010728681417697,2.57873143834824,124.0,544.0,544.0
electricity_nt49_tc15_A15_e9d59390,electricity,49,15.0,735.0,15.0,30.0,30.0,0.5,3658027.7473728145,3658.0277473728142,4284437.76236988,4284.43776236988,0.14620588505189902,14.620588505189902,0.5681402397062738,56.81402397062738,74653.62749740438,87437.50535448735,2738.6127875258308,5477.2255750516615,5,10,684.6531968814577,608.5806194501846,2.9010728681417697,2.57873143834824,2.57873143834824,125.0,545.0,545.0
electricity_nt49_tc15_A20_a5d500a1,electricity,49,15.0,735.0,20.0,30.0,30.0,0.75,3657265.328736997,3657.265328736997,4284437.76236988,4284.43776236988,0.14638383573717062,14.638383573717062,0.5680218259772306,56.80218259772306,74638.0679334081,87437.50535448735,3872.983346207417,5163.977794943223,7,7,645.4972243679028,860.6629658238704,2.7351577303724697,3.6468769738299596,2.7351577303724697,126.0,546.0,546.0
electricity_nt49_tc15_A15_e9d59390,electricity,49,15.0,735.0,15.0,90.0,30.0,1.0,3638659.9987802403,3638.65999878024,4284437.76236988,4284.43776236988,0.1507263728420778,15.07263728420778,0.5651321714006524,56.513217140065244,74258.36732204573,87437.50535448735,3872.983346207417,3872.983346207417,7,7,645.4972243679028,645.4972243679028,2.7351577303724697,2.7351577303724697,2.7351577303724697,127.0,547.0,547.0
electricity_nt49_tc15_A15_e9d59390,electricity,49,15.0,735.0,15.0,0.0,30.0,1.0,3638659.9987802403,3638.65999878024,4284437.76236988,4284.43776236988,0.1507263728420778,15.07263728420778,0.5651321714006524,56.513217140065244,74258.36732204573,87437.50535448735,3872.983346207417,3872.983346207417,7,7,645.4972243679028,645.4972243679028,2.7351577303724697,2.7351577303724697,2.7351577303724697,127.0,547.0,547.0
electricity_nt49_tc15_A15_e9d59390,electricity,49,15.0,735.0,15.0,60.0,30.0,2.0,3638241.6909586266,3638.2416909586264,4284437.76236988,4284.43776236988,0.15082400708134436,15.082400708134436,0.5650672026463247,56.50672026463247,74249.83042772708,87437.50535448735,5477.2255750516615,2738.6127875258308,10,5,608.5806194501846,684.6531968814577,2.57873143834824,2.9010728681417697,2.57873143834824,129.0,549.0,549.0
electricity_nt49_tc15_A15_e9d59390,electricity,49,15.0,735.0,15.0,60.0,30.0,1.0,3630568.8076067585,3630.5688076067586,4284437.76236988,4284.43776236988,0.1526148799513528,15.261487995135282,0.5638755020667161,56.38755020667161,74093.2409715665,87437.50535448735,3872.983346207417,3872.983346207417,7,7,645.4972243679028,645.4972243679028,2.7351577303724697,2.7351577303724697,2.7351577303724697,130.0,550.0,550.0
electricity_nt49_tc15_A15_e9d59390,electricity,49,15.0,735.0,15.0,0.0,30.0,1.5,3628969.0608441904,3628.9690608441906,4284437.76236988,4284.43776236988,0.15298826541084498,15.298826541084498,0.5636270401708742,56.36270401708742,74060.59307845286,87437.50535448735,4743.416490252569,3162.2776601683795,9,6,592.9270612815711,632.4555320336759,2.5124028020405555,2.679896322176593,2.5124028020405555,131.0,551.0,551.0
electricity_nt49_tc15_A15_e9d59390,electricity,49,15.0,735.0,15.0,90.0,30.0,1.5,3622081.691799365,3622.0816917993648,4284437.76236988,4284.43776236988,0.15459579700001103,15.459579700001102,0.562557340384457,56.2557340384457,73920.03452651766,87437.50535448735,4743.416490252569,3162.2776601683795,9,6,592.9270612815711,632.4555320336759,2.5124028020405555,2.679896322176593,2.5124028020405555,132.0,552.0,552.0
electricity_nt49_tc15_A15_e9d59390,electricity,49,15.0,735.0,15.0,30.0,30.0,2.0,3621695.4454224696,3621.6954454224697,4284437.76236988,4284.43776236988,0.1546859480065883,15.468594800658831,0.5624973511978488,56.24973511978488,73912.15194739735,87437.50535448735,5477.2255750516615,2738.6127875258308,10,5,608.5806194501846,684.6531968814577,2.57873143834824,2.9010728681417697,2.57873143834824,133.0,553.0,553.0
electricity_nt49_tc15_A15_e9d59390,electricity,49,15.0,735.0,15.0,30.0,30.0,1.0,3617724.3608596376,3617.7243608596377,4284437.76236988,4284.43776236988,0.15561281047561748,15.561281047561748,0.561880589081421,56.188058908142104,73831.10940529873,87437.50535448735,3872.983346207417,3872.983346207417,7,7,645.4972243679028,645.4972243679028,2.7351577303724697,2.7351577303724697,2.7351577303724697,134.0,554.0,554.0
electricity_nt49_tc15_A15_e9d59390,electricity,49,15.0,735.0,15.0,60.0,30.0,1.5,3605725.6246011173,3605.7256246011175,4284437.76236988,4284.43776236988,0.15841334975848553,15.841334975848554,0.5600170261549277,56.00170261549277,73586.2372367575,87437.50535448735,4743.416490252569,3162.2776601683795,9,6,592.9270612815711,632.4555320336759,2.5124028020405555,2.679896322176593,2.5124028020405555,135.0,555.0,555.0
electricity_nt49_tc15_A15_e9d59390,electricity,49,15.0,735.0,15.0,0.0,30.0,0.75,3599325.18117009,3599.32518117009,4284437.76236988,4284.43776236988,0.1599072315198784,15.99072315198784,0.559022952376307,55.902295237630696,73455.61594224673,87437.50535448735,3354.1019662496847,4472.13595499958,7,7,559.0169943749474,745.3559924999299,2.368716077859947,3.158288103813262,2.368716077859947,136.0,556.0,556.0
electricity_nt49_tc15_A15_e9d59390,electricity,49,15.0,735.0,15.0,90.0,30.0,0.75,3597139.23124942,3597.13923124942,4284437.76236988,4284.43776236988,0.16041743846928713,16.041743846928714,0.558683445352937,55.8683445352937,73411.00471937592,87437.50535448735,3354.1019662496847,4472.13595499958,7,7,559.0169943749474,745.3559924999299,2.368716077859947,3.158288103813262,2.368716077859947,137.0,557.0,557.0
electricity_nt49_tc15_A15_e9d59390,electricity,49,15.0,735.0,15.0,30.0,30.0,1.5,3593118.2590909763,3593.118259090976,4284437.76236988,4284.43776236988,0.16135594484549354,16.135594484549355,0.558058935031059,55.8058935031059,73328.94406308114,87437.50535448735,4743.416490252569,3162.2776601683795,9,6,592.9270612815711,632.4555320336759,2.5124028020405555,2.679896322176593,2.5124028020405555,138.0,558.0,558.0
electricity_nt49_tc15_A15_e9d59390,electricity,49,15.0,735.0,15.0,60.0,30.0,0.75,3589725.7051799446,3589.7257051799447,4284437.76236988,4284.43776236988,0.16214777660947166,16.214777660947167,0.5575320264001405,55.75320264001405,73259.70826897846,87437.50535448735,3354.1019662496847,4472.13595499958,7,7,559.0169943749474,745.3559924999299,2.368716077859947,3.158288103813262,2.368716077859947,139.0,559.0,559.0
electricity_nt49_tc15_A15_e9d59390,electricity,49,15.0,735.0,15.0,30.0,30.0,0.75,3573647.6879267218,3573.6476879267216,4284437.76236988,4284.43776236988,0.1659004317173216,16.590043171732162,0.555034897015923,55.5034897015923,72931.58546789228,87437.50535448735,3354.1019662496847,4472.13595499958,7,7,559.0169943749474,745.3559924999299,2.368716077859947,3.158288103813262,2.368716077859947,140.0,560.0,560.0
electricity_nt36_tc15_A30_e71aeabb,electricity,36,15.0,540.0,30.0,15.0,30.0,2.0,3002838.2853127634,3002.838285312763,3147750.1927615446,3147.7501927615444,0.04603666065433509,4.60366606543351,0.6347958492543471,63.47958492543471,83412.17459202121,87437.50535448735,7745.966692414834,3872.983346207417,9,4,968.2458365518543,1290.9944487358057,4.102736595558705,5.470315460744939,4.102736595558705,141.0,128.0,128.0
electricity_nt36_tc15_A30_e71aeabb,electricity,36,15.0,540.0,30.0,75.0,30.0,2.0,3002136.7272059023,3002.1367272059024,3147750.1927615446,3147.7501927615444,0.04625953669719085,4.625953669719085,0.6346475408434599,63.464754084345984,83392.68686683063,87437.50535448735,7745.966692414834,3872.983346207417,9,4,968.2458365518543,1290.9944487358057,4.102736595558705,5.470315460744939,4.102736595558705,142.0,129.0,129.0
electricity_nt36_tc15_A30_e71aeabb,electricity,36,15.0,540.0,30.0,45.0,30.0,2.0,2999909.4604649125,2999.9094604649126,3147750.1927615446,3147.7501927615444,0.04696711087067884,4.696711087067884,0.6341766997431322,63.41766997431322,83330.81834624757,87437.50535448735,7745.966692414834,3872.983346207417,9,4,968.2458365518543,1290.9944487358057,4.102736595558705,5.470315460744939,4.102736595558705,143.0,131.0,131.0
electricity_nt36_tc15_A30_e71aeabb,electricity,36,15.0,540.0,30.0,45.0,30.0,0.75,2997316.5368721206,2997.3165368721207,3147750.1927615446,3147.7501927615444,0.04779084955196122,4.779084955196122,0.6336285592914174,63.36285592914174,83258.79269089224,87437.50535448735,4743.416490252569,6324.555320336759,6,6,948.6832980505138,1264.9110640673518,4.019844483264889,5.359792644353186,4.019844483264889,144.0,136.0,136.0
electricity_nt36_tc15_A30_e71aeabb,electricity,36,15.0,540.0,30.0,15.0,30.0,0.75,2996978.919693871,2996.978919693871,3147750.1927615446,3147.7501927615444,0.04789810621388635,4.789810621388635,0.6335571874881344,63.35571874881344,83249.41443594085,87437.50535448735,4743.416490252569,6324.555320336759,6,6,948.6832980505138,1264.9110640673518,4.019844483264889,5.359792644353186,4.019844483264889,145.0,137.0,137.0
electricity_nt36_tc15_A30_e71aeabb,electricity,36,15.0,540.0,30.0,75.0,30.0,0.75,2996331.9185183784,2996.331918518378,3147750.1927615446,3147.7501927615444,0.04810365021702245,4.810365021702245,0.6334204123368803,63.34204123368803,83231.44218106607,87437.50535448735,4743.416490252569,6324.555320336759,6,6,948.6832980505138,1264.9110640673518,4.019844483264889,5.359792644353186,4.019844483264889,146.0,140.0,140.0
electricity_nt36_tc15_A25_0beae5d4,electricity,36,15.0,540.0,25.0,15.0,30.0,2.0,2971675.8599227597,2971.6758599227596,3147750.1927615446,3147.7501927615444,0.05593656486581411,5.593656486581411,0.6282081557421697,62.82081557421697,82546.5516645211,87437.50535448735,7071.067811865475,3535.5339059327375,9,4,883.8834764831844,1178.5113019775793,3.7452689681490865,4.993691957532115,3.7452689681490865,147.0,178.0,178.0
electricity_nt36_tc15_A25_0beae5d4,electricity,36,15.0,540.0,25.0,75.0,30.0,2.0,2971033.1242861906,2971.0331242861907,3147750.1927615446,3147.7501927615444,0.05614075376175853,5.614075376175853,0.6280722823199286,62.80722823199286,82528.69789683862,87437.50535448735,7071.067811865475,3535.5339059327375,9,4,883.8834764831844,1178.5113019775793,3.7452689681490865,4.993691957532115,3.7452689681490865,148.0,180.0,180.0
electricity_nt36_tc15_A25_0beae5d4,electricity,36,15.0,540.0,25.0,45.0,30.0,2.0,2967995.6641672375,2967.9956641672375,3147750.1927615446,3147.7501927615444,0.05710571601509684,5.710571601509685,0.6274301674630555,62.74301674630555,82444.32400464549,87437.50535448735,7071.067811865475,3535.5339059327375,9,4,883.8834764831844,1178.5113019775793,3.7452689681490865,4.993691957532115,3.7452689681490865,149.0,184.0,184.0
electricity_nt36_tc15_A25_0beae5d4,electricity,36,15.0,540.0,25.0,15.0,30.0,0.75,2964803.8123360784,2964.8038123360784,3147750.1927615446,3147.7501927615444,0.0581197265418848,5.81197265418848,0.6267554144123284,62.67554144123284,82355.66145377996,87437.50535448735,4330.127018922193,5773.502691896258,6,6,866.0254037844386,1154.7005383792516,3.6695991685781295,4.892798891437507,3.6695991685781295,150.0,189.0,189.0
electricity_nt36_tc15_A25_0beae5d4,electricity,36,15.0,540.0,25.0,45.0,30.0,0.75,2964732.9542235867,2964.7329542235866,3147750.1927615446,3147.7501927615444,0.05814223725847678,5.814223725847678,0.626740435105612,62.6740435105612,82353.6931728774,87437.50535448735,4330.127018922193,5773.502691896258,6,6,866.0254037844386,1154.7005383792516,3.6695991685781295,4.892798891437507,3.6695991685781295,151.0,190.0,190.0
electricity_nt36_tc15_A25_0beae5d4,electricity,36,15.0,540.0,25.0,75.0,30.0,0.75,2964177.4031203003,2964.1774031203004,3147750.1927615446,3147.7501927615444,0.058318728742637105,5.831872874263711,0.6266229923728015,62.66229923728015,82338.26119778612,87437.50535448735,4330.127018922193,5773.502691896258,6,6,866.0254037844386,1154.7005383792516,3.6695991685781295,4.892798891437507,3.6695991685781295,152.0,191.0,191.0
electricity_nt36_tc15_A30_e71aeabb,electricity,36,15.0,540.0,30.0,45.0,30.0,0.5,2962720.2897226964,2962.7202897226966,3147750.1927615446,3147.7501927615444,0.05878163504344669,5.878163504344669,0.6263149606212364,62.63149606212364,82297.78582563046,87437.50535448735,3872.983346207417,7745.966692414834,5,8,968.2458365518543,1106.5666703449763,4.102736595558705,4.688841823495662,4.102736595558705,153.0,194.0,194.0
electricity_nt36_tc15_A30_e71aeabb,electricity,36,15.0,540.0,30.0,15.0,30.0,1.5,2960573.487670984,2960.573487670984,3147750.1927615446,3147.7501927615444,0.0594636466136943,5.946364661369429,0.6258611296446356,62.58611296446356,82238.15243530512,87437.50535448735,6708.203932499369,4472.13595499958,8,5,958.3148474999099,1118.033988749895,4.060656133474194,4.737432155719894,4.060656133474194,154.0,195.0,195.0
electricity_nt36_tc15_A30_e71aeabb,electricity,36,15.0,540.0,30.0,15.0,30.0,0.5,2959896.494647386,2959.896494647386,3147750.1927615446,3147.7501927615444,0.059678718643601525,5.967871864360152,0.6257180142582839,62.57180142582839,82219.3470735385,87437.50535448735,3872.983346207417,7745.966692414834,5,8,968.2458365518543,1106.5666703449763,4.102736595558705,4.688841823495662,4.102736595558705,155.0,197.0,197.0
electricity_nt36_tc15_A30_e71aeabb,electricity,36,15.0,540.0,30.0,45.0,30.0,1.5,2958435.3497650414,2958.4353497650413,3147750.1927615446,3147.7501927615444,0.06014290569558056,6.014290569558057,0.6254091302564353,62.54091302564353,82178.75971569559,87437.50535448735,6708.203932499369,4472.13595499958,8,5,958.3148474999099,1118.033988749895,4.060656133474194,4.737432155719894,4.060656133474194,156.0,201.0,201.0
electricity_nt36_tc15_A30_e71aeabb,electricity,36,15.0,540.0,30.0,45.0,30.0,1.0,2956114.975915334,2956.114975915334,3147750.1927615446,3147.7501927615444,0.0608800588073628,6.08800588073628,0.6249186064424433,62.49186064424433,82114.30488653707,87437.50535448735,5477.2255750516615,5477.2255750516615,6,6,1095.4451150103323,1095.4451150103323,4.6417165890268315,4.6417165890268315,4.6417165890268315,157.0,203.0,203.0
electricity_nt36_tc15_A30_e71aeabb,electricity,36,15.0,540.0,30.0,75.0,30.0,0.5,2955769.6540670013,2955.7696540670013,3147750.1927615446,3147.7501927615444,0.06098976314448812,6.098976314448812,0.6248456058825895,62.48456058825895,82104.71261297226,87437.50535448735,3872.983346207417,7745.966692414834,5,8,968.2458365518543,1106.5666703449763,4.102736595558705,4.688841823495662,4.102736595558705,158.0,204.0,204.0
electricity_nt36_tc15_A30_e71aeabb,electricity,36,15.0,540.0,30.0,75.0,30.0,1.5,2955300.9046469615,2955.3009046469615,3147750.1927615446,3147.7501927615444,0.06113867884342683,6.1138678843426835,0.624746512905243,62.4746512905243,82091.69179574893,87437.50535448735,6708.203932499369,4472.13595499958,8,5,958.3148474999099,1118.033988749895,4.060656133474194,4.737432155719894,4.060656133474194,159.0,205.0,205.0
electricity_nt36_tc15_A30_e71aeabb,electricity,36,15.0,540.0,30.0,15.0,30.0,1.0,2953994.3111828263,2953.994311182826,3147750.1927615446,3147.7501927615444,0.061553766885400374,6.155376688540038,0.6244703008588759,62.44703008588759,82055.39753285628,87437.50535448735,5477.2255750516615,5477.2255750516615,6,6,1095.4451150103323,1095.4451150103323,4.6417165890268315,4.6417165890268315,4.6417165890268315,160.0,207.0,207.0
electricity_nt36_tc15_A30_e71aeabb,electricity,36,15.0,540.0,30.0,75.0,30.0,1.0,2951164.743815519,2951.1647438155187,3147750.1927615446,3147.7501927615444,0.06245268426893802,6.2452684268938015,0.6238721342414001,62.38721342414001,81976.79843931997,87437.50535448735,5477.2255750516615,5477.2255750516615,6,6,1095.4451150103323,1095.4451150103323,4.6417165890268315,4.6417165890268315,4.6417165890268315,161.0,212.0,212.0
electricity_nt36_tc15_A25_0beae5d4,electricity,36,15.0,540.0,25.0,45.0,30.0,0.5,2932076.75630665,2932.07675630665,3147750.1927615446,3147.7501927615444,0.06851669390755644,6.851669390755644,0.6198369601527672,61.98369601527672,81446.57656407362,87437.50535448735,3535.5339059327375,7071.067811865475,5,8,883.8834764831844,1010.1525445522108,3.7452689681490865,4.280307392170385,3.7452689681490865,162.0,235.0,235.0
electricity_nt36_tc15_A20_253f54f3,electricity,36,15.0,540.0,20.0,15.0,30.0,2.0,2930092.552152406,2930.092552152406,3147750.1927615446,3147.7501927615444,0.06914705020419232,6.914705020419232,0.6194175021462045,61.94175021462045,81391.45978201128,87437.50535448735,6324.555320336759,3162.2776601683795,9,4,790.5694150420949,1054.09255338946,3.349870402720741,4.466493870294322,3.349870402720741,163.0,238.0,238.0
electricity_nt36_tc15_A25_0beae5d4,electricity,36,15.0,540.0,25.0,15.0,30.0,0.5,2929625.9870410156,2929.625987041016,3147750.1927615446,3147.7501927615444,0.06929527197619423,6.929527197619423,0.6193188709286774,61.93188709286774,81378.49964002821,87437.50535448735,3535.5339059327375,7071.067811865475,5,8,883.8834764831844,1010.1525445522108,3.7452689681490865,4.280307392170385,3.7452689681490865,164.0,239.0,239.0
electricity_nt36_tc15_A20_253f54f3,electricity,36,15.0,540.0,20.0,75.0,30.0,2.0,2929580.491961996,2929.580491961996,3147750.1927615446,3147.7501927615444,0.06930972518125611,6.9309725181256105,0.6193092533320641,61.93092533320641,81377.23588783323,87437.50535448735,6324.555320336759,3162.2776601683795,9,4,790.5694150420949,1054.09255338946,3.349870402720741,4.466493870294322,3.349870402720741,165.0,240.0,240.0
electricity_nt36_tc15_A25_0beae5d4,electricity,36,15.0,540.0,25.0,45.0,30.0,1.0,2929087.745290942,2929.087745290942,3147750.1927615446,3147.7501927615444,0.0694662645000963,6.94662645000963,0.619205087369132,61.920508736913206,81363.54848030394,87437.50535448735,5000.0,5000.0,6,6,1000.0,1000.0,4.237288135593221,4.237288135593221,4.237288135593221,166.0,241.0,241.0
electricity_nt36_tc15_A25_0beae5d4,electricity,36,15.0,540.0,25.0,15.0,30.0,1.5,2928814.626759233,2928.814626759233,3147750.1927615446,3147.7501927615444,0.0695530307664719,6.955303076647191,0.6191473504902826,61.91473504902826,81355.96185442313,87437.50535448735,6123.724356957945,4082.48290463863,8,5,874.8177652797065,1020.6207261596575,3.706854937625875,4.324664093896853,3.706854937625875,167.0,243.0,243.0
electricity_nt36_tc15_A25_0beae5d4,electricity,36,15.0,540.0,25.0,15.0,30.0,1.0,2927077.349091607,2927.077349091607,3147750.1927615446,3147.7501927615444,0.07010494167465675,7.010494167465675,0.6187800924005596,61.87800924005597,81307.70414143353,87437.50535448735,5000.0,5000.0,6,6,1000.0,1000.0,4.237288135593221,4.237288135593221,4.237288135593221,168.0,245.0,245.0
electricity_nt36_tc15_A25_0beae5d4,electricity,36,15.0,540.0,25.0,45.0,30.0,1.5,2925944.6811094987,2925.9446811094986,3147750.1927615446,3147.7501927615444,0.07046477581419963,7.046477581419963,0.6185406479598974,61.854064795989736,81276.24114193051,87437.50535448735,6123.724356957945,4082.48290463863,8,5,874.8177652797065,1020.6207261596575,3.706854937625875,4.324664093896853,3.706854937625875,169.0,249.0,249.0
electricity_nt36_tc15_A20_253f54f3,electricity,36,15.0,540.0,20.0,45.0,30.0,2.0,2925571.290349617,2925.5712903496174,3147750.1927615446,3147.7501927615444,0.07058339728573193,7.058339728573193,0.6184617136710674,61.84617136710674,81265.86917637826,87437.50535448735,6324.555320336759,3162.2776601683795,9,4,790.5694150420949,1054.09255338946,3.349870402720741,4.466493870294322,3.349870402720741,170.0,251.0,251.0
electricity_nt36_tc15_A25_0beae5d4,electricity,36,15.0,540.0,25.0,75.0,30.0,0.5,2925434.6197746624,2925.434619774662,3147750.1927615446,3147.7501927615444,0.07062681578039809,7.062681578039809,0.6184328217010533,61.843282170105326,81262.0727715184,87437.50535448735,3535.5339059327375,7071.067811865475,5,8,883.8834764831844,1010.1525445522108,3.7452689681490865,4.280307392170385,3.7452689681490865,171.0,252.0,252.0
electricity_nt36_tc15_A25_0beae5d4,electricity,36,15.0,540.0,25.0,75.0,30.0,1.0,2924338.725298095,2924.338725298095,3147750.1927615446,3147.7501927615444,0.07097496744728937,7.097496744728938,0.6182011511284659,61.82011511284659,81231.63125828042,87437.50535448735,5000.0,5000.0,6,6,1000.0,1000.0,4.237288135593221,4.237288135593221,4.237288135593221,172.0,255.0,255.0
electricity_nt36_tc15_A25_0beae5d4,electricity,36,15.0,540.0,25.0,75.0,30.0,1.5,2923376.2520152833,2923.376252015283,3147750.1927615446,3147.7501927615444,0.07128073290638615,7.128073290638614,0.6179976856112133,61.799768561121326,81204.89588931343,87437.50535448735,6123.724356957945,4082.48290463863,8,5,874.8177652797065,1020.6207261596575,3.706854937625875,4.324664093896853,3.706854937625875,173.0,257.0,257.0
electricity_nt36_tc15_A20_253f54f3,electricity,36,15.0,540.0,20.0,15.0,30.0,0.75,2921730.6268818816,2921.7306268818816,3147750.1927615446,3147.7501927615444,0.07180352697600012,7.1803526976000125,0.6176498027401238,61.76498027401238,81159.18408005226,87437.50535448735,3872.983346207417,5163.977794943223,6,6,774.5966692414834,1032.7955589886446,3.2821892764469633,4.376252368595952,3.2821892764469633,174.0,260.0,260.0
electricity_nt36_tc15_A20_253f54f3,electricity,36,15.0,540.0,20.0,45.0,30.0,0.75,2921301.096855727,2921.301096855727,3147750.1927615446,3147.7501927615444,0.07193998317482497,7.193998317482498,0.6175590006882562,61.75590006882562,81147.25269043686,87437.50535448735,3872.983346207417,5163.977794943223,6,6,774.5966692414834,1032.7955589886446,3.2821892764469633,4.376252368595952,3.2821892764469633,175.0,261.0,261.0
electricity_nt36_tc15_A20_253f54f3,electricity,36,15.0,540.0,20.0,75.0,30.0,0.75,2921198.5713416715,2921.1985713416716,3147750.1927615446,3147.7501927615444,0.07197255422010396,7.197255422010396,0.6175373269367647,61.75373269367647,81144.40475949088,87437.50535448735,3872.983346207417,5163.977794943223,6,6,774.5966692414834,1032.7955589886446,3.2821892764469633,4.376252368595952,3.2821892764469633,176.0,262.0,262.0
electricity_nt36_tc15_A20_253f54f3,electricity,36,15.0,540.0,20.0,45.0,30.0,1.0,2892113.943639202,2892.1139436392023,3147750.1927615446,3147.7501927615444,0.08121236866578374,8.121236866578375,0.6113888769742943,61.13888769742943,80336.49843442228,87437.50535448735,4472.13595499958,4472.13595499958,6,6,894.4271909999159,894.4271909999159,3.7899457245759147,3.7899457245759147,3.7899457245759147,177.0,292.0,292.0
electricity_nt36_tc15_A20_253f54f3,electricity,36,15.0,540.0,20.0,15.0,30.0,1.0,2890298.625998715,2890.298625998715,3147750.1927615446,3147.7501927615444,0.08178907187579754,8.178907187579753,0.6110051213425324,61.100512134253236,80286.07294440875,87437.50535448735,4472.13595499958,4472.13595499958,6,6,894.4271909999159,894.4271909999159,3.7899457245759147,3.7899457245759147,3.7899457245759147,178.0,295.0,295.0
electricity_nt36_tc15_A20_253f54f3,electricity,36,15.0,540.0,20.0,45.0,30.0,0.5,2890101.333934271,2890.1013339342708,3147750.1927615446,3147.7501927615444,0.08185174904277792,8.185174904277792,0.6109634140737085,61.09634140737084,80280.5926092853,87437.50535448735,3162.2776601683795,6324.555320336759,5,8,790.5694150420949,903.5079029052513,3.349870402720741,3.8284233173951328,3.349870402720741,179.0,297.0,297.0
electricity_nt36_tc15_A20_253f54f3,electricity,36,15.0,540.0,20.0,15.0,30.0,0.5,2887963.0724499593,2887.9630724499593,3147750.1927615446,3147.7501927615444,0.08253104738393235,8.253104738393235,0.6105113885612125,61.05113885612125,80221.19645694332,87437.50535448735,3162.2776601683795,6324.555320336759,5,8,790.5694150420949,903.5079029052513,3.349870402720741,3.8284233173951328,3.349870402720741,180.0,299.0,299.0
electricity_nt36_tc15_A20_253f54f3,electricity,36,15.0,540.0,20.0,75.0,30.0,1.0,2887754.9168361924,2887.7549168361925,3147750.1927615446,3147.7501927615444,0.0825971757616688,8.259717576166882,0.6104673847531271,61.046738475312715,80215.4143565609,87437.50535448735,4472.13595499958,4472.13595499958,6,6,894.4271909999159,894.4271909999159,3.7899457245759147,3.7899457245759147,3.7899457245759147,181.0,300.0,300.0
electricity_nt36_tc15_A20_253f54f3,electricity,36,15.0,540.0,20.0,15.0,30.0,1.5,2885033.132082638,2885.033132082638,3147750.1927615446,3147.7501927615444,0.08346185198655265,8.346185198655265,0.6098920032307285,60.98920032307284,80139.80922451772,87437.50535448735,5477.2255750516615,3651.4837167011074,8,5,782.4607964359517,912.8709291752768,3.31551184930488,3.8680971575223597,3.31551184930488,182.0,302.0,302.0
electricity_nt36_tc15_A30_e71aeabb,electricity,36,15.0,540.0,30.0,0.0,30.0,0.5,2884577.709510926,2884.577709510926,3147750.1927615446,3147.7501927615444,0.0836065339161286,8.36065339161286,0.6097957275306372,60.979572753063714,80127.15859752573,87437.50535448735,3872.983346207417,7745.966692414834,5,8,968.2458365518543,1106.5666703449763,4.102736595558705,4.688841823495662,4.102736595558705,183.0,303.0,303.0
electricity_nt36_tc15_A20_253f54f3,electricity,36,15.0,540.0,20.0,75.0,30.0,0.5,2883766.2153797843,2883.766215379784,3147750.1927615446,3147.7501927615444,0.08386433522863679,8.38643352286368,0.6096241787966735,60.96241787966735,80104.6170938829,87437.50535448735,3162.2776601683795,6324.555320336759,5,8,790.5694150420949,903.5079029052513,3.349870402720741,3.8284233173951328,3.349870402720741,184.0,307.0,307.0
electricity_nt36_tc15_A30_e71aeabb,electricity,36,15.0,540.0,30.0,90.0,30.0,0.5,2883463.6652302654,2883.463665230265,3147750.1927615446,3147.7501927615444,0.08396045154377985,8.396045154377985,0.6095602201146342,60.95602201146342,80096.21292306292,87437.50535448735,3872.983346207417,7745.966692414834,5,8,968.2458365518543,1106.5666703449763,4.102736595558705,4.688841823495662,4.102736595558705,185.0,308.0,308.0
electricity_nt36_tc15_A30_e71aeabb,electricity,36,15.0,540.0,30.0,0.0,30.0,1.5,2882295.696461999,2882.295696461999,3147750.1927615446,3147.7501927615444,0.08433150029185144,8.433150029185143,0.6093133131367324,60.93133131367324,80063.76934616663,87437.50535448735,6708.203932499369,4472.13595499958,8,5,958.3148474999099,1118.033988749895,4.060656133474194,4.737432155719894,4.060656133474194,186.0,310.0,310.0
electricity_nt36_tc15_A20_253f54f3,electricity,36,15.0,540.0,20.0,45.0,30.0,1.5,2881202.3536450076,2881.2023536450074,3147750.1927615446,3147.7501927615444,0.08467884132911219,8.46788413291122,0.6090821819814408,60.908218198144084,80033.39871236132,87437.50535448735,5477.2255750516615,3651.4837167011074,8,5,782.4607964359517,912.8709291752768,3.31551184930488,3.8680971575223597,3.31551184930488,187.0,312.0,312.0
electricity_nt36_tc15_A30_e71aeabb,electricity,36,15.0,540.0,30.0,60.0,30.0,0.5,2880225.8602454276,2880.2258602454276,3147750.1927615446,3147.7501927615444,0.0849890608000935,8.49890608000935,0.6088757526309462,60.88757526309462,80006.27389570633,87437.50535448735,3872.983346207417,7745.966692414834,5,8,968.2458365518543,1106.5666703449763,4.102736595558705,4.688841823495662,4.102736595558705,188.0,315.0,315.0
electricity_nt36_tc15_A20_253f54f3,electricity,36,15.0,540.0,20.0,75.0,30.0,1.5,2879361.2205324746,2879.3612205324744,3147750.1927615446,3147.7501927615444,0.0852637457846076,8.52637457846076,0.6086929689946885,60.86929689946885,79982.25612590207,87437.50535448735,5477.2255750516615,3651.4837167011074,8,5,782.4607964359517,912.8709291752768,3.31551184930488,3.8680971575223597,3.31551184930488,189.0,318.0,318.0
electricity_nt36_tc15_A30_e71aeabb,electricity,36,15.0,540.0,30.0,90.0,30.0,1.5,2879225.88553036,2879.22588553036,3147750.1927615446,3147.7501927615444,0.0853067399848545,8.53067399848545,0.6086643593629207,60.86643593629207,79978.49682028778,87437.50535448735,6708.203932499369,4472.13595499958,8,5,958.3148474999099,1118.033988749895,4.060656133474194,4.737432155719894,4.060656133474194,190.0,319.0,319.0
electricity_nt36_tc15_A30_e71aeabb,electricity,36,15.0,540.0,30.0,30.0,30.0,0.5,2874535.491603549,2874.535491603549,3147750.1927615446,3147.7501927615444,0.08679681818025786,8.679681818025786,0.6076728165913134,60.76728165913134,79848.20810009859,87437.50535448735,3872.983346207417,7745.966692414834,5,8,968.2458365518543,1106.5666703449763,4.102736595558705,4.688841823495662,4.102736595558705,191.0,325.0,325.0
electricity_nt36_tc15_A15_a3ef0c80,electricity,36,15.0,540.0,15.0,15.0,30.0,2.0,2870239.702555287,2870.2397025552873,3147750.1927615446,3147.7501927615444,0.08816153544979866,8.816153544979866,0.6067646927438033,60.67646927438033,79728.88062653576,87437.50535448735,5477.2255750516615,2738.6127875258308,9,4,684.6531968814577,912.870929175277,2.9010728681417697,3.86809715752236,2.9010728681417697,192.0,330.0,330.0
electricity_nt36_tc15_A15_a3ef0c80,electricity,36,15.0,540.0,15.0,75.0,30.0,2.0,2870103.4886682746,2870.1034886682746,3147750.1927615446,3147.7501927615444,0.08820480886054316,8.820480886054316,0.6067358973169868,60.673589731698684,79725.09690745207,87437.50535448735,5477.2255750516615,2738.6127875258308,9,4,684.6531968814577,912.870929175277,2.9010728681417697,3.86809715752236,2.9010728681417697,193.0,331.0,331.0
electricity_nt36_tc15_A30_e71aeabb,electricity,36,15.0,540.0,30.0,90.0,30.0,1.0,2869963.0256444947,2869.963025644495,3147750.1927615446,3147.7501927615444,0.08824943216772396,8.824943216772397,0.6067062036285503,60.67062036285503,79721.19515679152,87437.50535448735,5477.2255750516615,5477.2255750516615,6,6,1095.4451150103323,1095.4451150103323,4.6417165890268315,4.6417165890268315,4.6417165890268315,194.0,333.0,333.0
electricity_nt36_tc15_A30_e71aeabb,electricity,36,15.0,540.0,30.0,0.0,30.0,1.0,2869963.0256444947,2869.963025644495,3147750.1927615446,3147.7501927615444,0.08824943216772396,8.824943216772397,0.6067062036285503,60.67062036285503,79721.19515679152,87437.50535448735,5477.2255750516615,5477.2255750516615,6,6,1095.4451150103323,1095.4451150103323,4.6417165890268315,4.6417165890268315,4.6417165890268315,194.0,333.0,333.0
electricity_nt36_tc15_A30_e71aeabb,electricity,36,15.0,540.0,30.0,60.0,30.0,1.5,2866217.807769564,2866.217807769564,3147750.1927615446,3147.7501927615444,0.08943924001319503,8.943924001319504,0.6059144697635642,60.59144697635642,79617.16132693233,87437.50535448735,6708.203932499369,4472.13595499958,8,5,958.3148474999099,1118.033988749895,4.060656133474194,4.737432155719894,4.060656133474194,196.0,337.0,337.0
electricity_nt36_tc15_A30_e71aeabb,electricity,36,15.0,540.0,30.0,0.0,30.0,2.0,2866062.0783936465,2866.0620783936465,3147750.1927615446,3147.7501927615444,0.08948871324530716,8.948871324530716,0.6058815487894568,60.58815487894568,79612.83551093463,87437.50535448735,7745.966692414834,3872.983346207417,9,4,968.2458365518543,1290.9944487358057,4.102736595558705,5.470315460744939,4.102736595558705,197.0,338.0,338.0
electricity_nt36_tc15_A30_e71aeabb,electricity,36,15.0,540.0,30.0,60.0,30.0,1.0,2865660.4189385627,2865.6604189385625,3147750.1927615446,3147.7501927615444,0.0896163153199595,8.96163153199595,0.6057966385376633,60.57966385376633,79601.67830384897,87437.50535448735,5477.2255750516615,5477.2255750516615,6,6,1095.4451150103323,1095.4451150103323,4.6417165890268315,4.6417165890268315,4.6417165890268315,198.0,339.0,339.0
electricity_nt36_tc15_A30_e71aeabb,electricity,36,15.0,540.0,30.0,90.0,30.0,2.0,2865218.6941160765,2865.2186941160767,3147750.1927615446,3147.7501927615444,0.08975664564969854,8.975664564969854,0.6057032585227626,60.57032585227626,79589.40816989102,87437.50535448735,7745.966692414834,3872.983346207417,9,4,968.2458365518543,1290.9944487358057,4.102736595558705,5.470315460744939,4.102736595558705,199.0,340.0,340.0
electricity_nt36_tc15_A15_a3ef0c80,electricity,36,15.0,540.0,15.0,45.0,30.0,2.0,2864617.027684356,2864.617027684356,3147750.1927615446,3147.7501927615444,0.08994778738423126,8.994778738423125,0.6055760670734729,60.55760670734729,79572.69521345434,87437.50535448735,5477.2255750516615,2738.6127875258308,9,4,684.6531968814577,912.870929175277,2.9010728681417697,3.86809715752236,2.9010728681417697,200.0,341.0,341.0
electricity_nt36_tc15_A25_0beae5d4,electricity,36,15.0,540.0,25.0,0.0,30.0,0.5,2860771.350051198,2860.771350051198,3147750.1927615446,3147.7501927615444,0.09116951001076035,9.116951001076036,0.6047630961549125,60.47630961549125,79465.87083475551,87437.50535448735,3535.5339059327375,7071.067811865475,5,8,883.8834764831844,1010.1525445522108,3.7452689681490865,4.280307392170385,3.7452689681490865,201.0,347.0,347.0
electricity_nt36_tc15_A30_e71aeabb,electricity,36,15.0,540.0,30.0,30.0,30.0,1.5,2860372.2293206025,2860.3722293206024,3147750.1927615446,3147.7501927615444,0.09129630556509416,9.129630556509415,0.6046787225859552,60.46787225859552,79454.78414779452,87437.50535448735,6708.203932499369,4472.13595499958,8,5,958.3148474999099,1118.033988749895,4.060656133474194,4.737432155719894,4.060656133474194,202.0,350.0,350.0
electricity_nt36_tc15_A15_a3ef0c80,electricity,36,15.0,540.0,15.0,15.0,30.0,0.75,2859783.5442985995,2859.7835442985993,3147750.1927615446,3147.7501927615444,0.09148332327169517,9.148332327169516,0.6045542753886773,60.45542753886773,79438.43178607221,87437.50535448735,3354.1019662496847,4472.13595499958,6,6,670.820393249937,894.4271909999159,2.8424592934319364,3.7899457245759147,2.8424592934319364,203.0,351.0,351.0
electricity_nt36_tc15_A30_e71aeabb,electricity,36,15.0,540.0,30.0,30.0,30.0,1.0,2859663.8504690547,2859.6638504690545,3147750.1927615446,3147.7501927615444,0.09152134847135052,9.152134847135052,0.6045289722791,60.45289722790999,79435.10695747373,87437.50535448735,5477.2255750516615,5477.2255750516615,6,6,1095.4451150103323,1095.4451150103323,4.6417165890268315,4.6417165890268315,4.6417165890268315,204.0,352.0,352.0
electricity_nt36_tc15_A30_e71aeabb,electricity,36,15.0,540.0,30.0,0.0,30.0,0.75,2859504.645731162,2859.504645731162,3147750.1927615446,3147.7501927615444,0.09157192578153817,9.157192578153817,0.6044953166182906,60.449531661829056,79430.68460364339,87437.50535448735,4743.416490252569,6324.555320336759,6,6,948.6832980505138,1264.9110640673518,4.019844483264889,5.359792644353186,4.019844483264889,205.0,353.0,353.0
electricity_nt36_tc15_A15_a3ef0c80,electricity,36,15.0,540.0,15.0,75.0,30.0,0.75,2859491.3446416496,2859.4913446416494,3147750.1927615446,3147.7501927615444,0.09157615136765451,9.15761513676545,0.6044925047864134,60.44925047864134,79430.31512893472,87437.50535448735,3354.1019662496847,4472.13595499958,6,6,670.820393249937,894.4271909999159,2.8424592934319364,3.7899457245759147,2.8424592934319364,206.0,354.0,354.0
electricity_nt36_tc15_A25_0beae5d4,electricity,36,15.0,540.0,25.0,90.0,30.0,0.5,2859385.7418630356,2859.3857418630355,3147750.1927615446,3147.7501927615444,0.09160970002054858,9.160970002054858,0.6044701805054616,60.44701805054616,79427.38171841766,87437.50535448735,3535.5339059327375,7071.067811865475,5,8,883.8834764831844,1010.1525445522108,3.7452689681490865,4.280307392170385,3.7452689681490865,207.0,355.0,355.0
electricity_nt36_tc15_A15_a3ef0c80,electricity,36,15.0,540.0,15.0,45.0,30.0,0.75,2859061.579956219,2859.0615799562192,3147750.1927615446,3147.7501927615444,0.09171268211473182,9.171268211473183,0.6044016531279002,60.440165312790015,79418.37722100609,87437.50535448735,3354.1019662496847,4472.13595499958,6,6,670.820393249937,894.4271909999159,2.8424592934319364,3.7899457245759147,2.8424592934319364,208.0,356.0,356.0
electricity_nt36_tc15_A30_e71aeabb,electricity,36,15.0,540.0,30.0,90.0,30.0,0.75,2859038.80886488,2859.0388088648797,3147750.1927615446,3147.7501927615444,0.09171991619937792,9.171991619937792,0.6043968393507695,60.43968393507695,79417.7446906911,87437.50535448735,4743.416490252569,6324.555320336759,6,6,948.6832980505138,1264.9110640673518,4.019844483264889,5.359792644353186,4.019844483264889,209.0,357.0,357.0
electricity_nt36_tc15_A25_0beae5d4,electricity,36,15.0,540.0,25.0,0.0,30.0,1.5,2857865.8927987483,2857.8658927987485,3147750.1927615446,3147.7501927615444,0.09209253664074235,9.209253664074236,0.6041488865209598,60.414888652095975,79385.16368885413,87437.50535448735,6123.724356957945,4082.48290463863,8,5,874.8177652797065,1020.6207261596575,3.706854937625875,4.324664093896853,3.706854937625875,210.0,359.0,359.0
electricity_nt36_tc15_A25_0beae5d4,electricity,36,15.0,540.0,25.0,60.0,30.0,0.5,2857116.0231500207,2857.1160231500207,3147750.1927615446,3147.7501927615444,0.09233076064290491,9.23307606429049,0.6039903651171192,60.39903651171193,79364.33397638946,87437.50535448735,3535.5339059327375,7071.067811865475,5,8,883.8834764831844,1010.1525445522108,3.7452689681490865,4.280307392170385,3.7452689681490865,211.0,360.0,360.0
electricity_nt36_tc15_A25_0beae5d4,electricity,36,15.0,540.0,25.0,90.0,30.0,1.5,2854440.588943626,2854.4405889436257,3147750.1927615446,3147.7501927615444,0.09318071189143384,9.318071189143385,0.6034247820361124,60.342478203611236,79290.01635954516,87437.50535448735,6123.724356957945,4082.48290463863,8,5,874.8177652797065,1020.6207261596575,3.706854937625875,4.324664093896853,3.706854937625875,212.0,365.0,365.0
electricity_nt36_tc15_A30_e71aeabb,electricity,36,15.0,540.0,30.0,60.0,30.0,0.75,2852769.8448227174,2852.7698448227175,3147750.1927615446,3147.7501927615444,0.09371148594229417,9.371148594229417,0.6030715890458983,60.30715890458983,79243.60680063104,87437.50535448735,4743.416490252569,6324.555320336759,6,6,948.6832980505138,1264.9110640673518,4.019844483264889,5.359792644353186,4.019844483264889,213.0,366.0,366.0
electricity_nt36_tc15_A25_0beae5d4,electricity,36,15.0,540.0,25.0,30.0,30.0,0.5,2850944.774418947,2850.944774418947,3147750.1927615446,3147.7501927615444,0.09429128748053806,9.429128748053806,0.602685771693503,60.2685771693503,79192.9104005263,87437.50535448735,3535.5339059327375,7071.067811865475,5,8,883.8834764831844,1010.1525445522108,3.7452689681490865,4.280307392170385,3.7452689681490865,214.0,369.0,369.0
electricity_nt36_tc15_A30_e71aeabb,electricity,36,15.0,540.0,30.0,60.0,30.0,2.0,2850873.4473203756,2850.873447320376,3147750.1927615446,3147.7501927615444,0.09431394718801267,9.431394718801267,0.6026706932437798,60.26706932437798,79190.92909223266,87437.50535448735,7745.966692414834,3872.983346207417,9,4,968.2458365518543,1290.9944487358057,4.102736595558705,5.470315460744939,4.102736595558705,215.0,370.0,370.0
electricity_nt36_tc15_A25_0beae5d4,electricity,36,15.0,540.0,25.0,0.0,30.0,1.0,2850004.56860326,2850.00456860326,3147750.1927615446,3147.7501927615444,0.09458997884996401,9.4589978849964,0.6024870134879207,60.24870134879207,79166.79357231277,87437.50535448735,5000.0,5000.0,6,6,1000.0,1000.0,4.237288135593221,4.237288135593221,4.237288135593221,216.0,371.0,371.0
electricity_nt36_tc15_A25_0beae5d4,electricity,36,15.0,540.0,25.0,90.0,30.0,1.0,2850004.56860326,2850.00456860326,3147750.1927615446,3147.7501927615444,0.09458997884996401,9.4589978849964,0.6024870134879207,60.24870134879207,79166.79357231277,87437.50535448735,5000.0,5000.0,6,6,1000.0,1000.0,4.237288135593221,4.237288135593221,4.237288135593221,216.0,371.0,371.0
electricity_nt36_tc15_A30_e71aeabb,electricity,36,15.0,540.0,30.0,30.0,30.0,0.75,2845825.4493949045,2845.8254493949044,3147750.1927615446,3147.7501927615444,0.09591763160270328,9.591763160270329,0.601603553482772,60.16035534827719,79050.70692763623,87437.50535448735,4743.416490252569,6324.555320336759,6,6,948.6832980505138,1264.9110640673518,4.019844483264889,5.359792644353186,4.019844483264889,218.0,377.0,377.0
electricity_nt36_tc15_A25_0beae5d4,electricity,36,15.0,540.0,25.0,60.0,30.0,1.0,2845432.8497768654,2845.4328497768656,3147750.1927615446,3147.7501927615444,0.09604235548293427,9.604235548293428,0.6015205584679658,60.15205584679658,79039.80138269071,87437.50535448735,5000.0,5000.0,6,6,1000.0,1000.0,4.237288135593221,4.237288135593221,4.237288135593221,219.0,378.0,378.0
electricity_nt36_tc15_A30_e71aeabb,electricity,36,15.0,540.0,30.0,30.0,30.0,2.0,2843027.565060658,2843.0275650606577,3147750.1927615446,3147.7501927615444,0.09680648369162714,9.680648369162714,0.601012084614548,60.1012084614548,78972.9879183516,87437.50535448735,7745.966692414834,3872.983346207417,9,4,968.2458365518543,1290.9944487358057,4.102736595558705,5.470315460744939,4.102736595558705,220.0,379.0,379.0
electricity_nt36_tc15_A25_0beae5d4,electricity,36,15.0,540.0,25.0,60.0,30.0,1.5,2841630.501776759,2841.630501776759,3147750.1927615446,3147.7501927615444,0.09725031283890562,9.725031283890562,0.6007167473737441,60.071674737374416,78934.18060490997,87437.50535448735,6123.724356957945,4082.48290463863,8,5,874.8177652797065,1020.6207261596575,3.706854937625875,4.324664093896853,3.706854937625875,221.0,383.0,383.0
electricity_nt36_tc15_A25_0beae5d4,electricity,36,15.0,540.0,25.0,0.0,30.0,2.0,2841403.984002196,2841.403984002196,3147750.1927615446,3147.7501927615444,0.09732227464041188,9.732227464041188,0.6006688618303306,60.06688618303306,78927.88844450546,87437.50535448735,7071.067811865475,3535.5339059327375,9,4,883.8834764831844,1178.5113019775793,3.7452689681490865,4.993691957532115,3.7452689681490865,222.0,384.0,384.0
electricity_nt36_tc15_A25_0beae5d4,electricity,36,15.0,540.0,25.0,90.0,30.0,2.0,2840482.9766442715,2840.4829766442717,3147750.1927615446,3147.7501927615444,0.09761486690521182,9.761486690521181,0.6004741621520953,60.04741621520952,78902.30490678531,87437.50535448735,7071.067811865475,3535.5339059327375,9,4,883.8834764831844,1178.5113019775793,3.7452689681490865,4.993691957532115,3.7452689681490865,223.0,385.0,385.0
electricity_nt36_tc15_A25_0beae5d4,electricity,36,15.0,540.0,25.0,30.0,30.0,1.0,2838969.8774093976,2838.9698774093977,3147750.1927615446,3147.7501927615444,0.09809555919088098,9.809555919088098,0.600154295072171,60.0154295072171,78860.27437248327,87437.50535448735,5000.0,5000.0,6,6,1000.0,1000.0,4.237288135593221,4.237288135593221,4.237288135593221,224.0,386.0,386.0
electricity_nt36_tc15_A15_a3ef0c80,electricity,36,15.0,540.0,15.0,45.0,30.0,1.0,2838792.084334375,2838.792084334375,3147750.1927615446,3147.7501927615444,0.09815204177816872,9.815204177816872,0.6001167098626702,60.01167098626702,78855.33567595486,87437.50535448735,3872.983346207417,3872.983346207417,6,6,774.5966692414834,774.5966692414834,3.2821892764469633,3.2821892764469633,3.2821892764469633,225.0,387.0,387.0
electricity_nt36_tc15_A15_a3ef0c80,electricity,36,15.0,540.0,15.0,15.0,30.0,1.0,2837293.996708741,2837.293996708741,3147750.1927615446,3147.7501927615444,0.09862796506746874,9.862796506746873,0.5998000162161214,59.980001621612146,78813.72213079836,87437.50535448735,3872.983346207417,3872.983346207417,6,6,774.5966692414834,774.5966692414834,3.2821892764469633,3.2821892764469633,3.2821892764469633,226.0,389.0,389.0
electricity_nt36_tc15_A25_0beae5d4,electricity,36,15.0,540.0,25.0,30.0,30.0,1.5,2835190.8423156594,2835.190842315659,3147750.1927615446,3147.7501927615444,0.09929611033449726,9.929611033449726,0.5993554122940258,59.93554122940258,78755.30117543499,87437.50535448735,6123.724356957945,4082.48290463863,8,5,874.8177652797065,1020.6207261596575,3.706854937625875,4.324664093896853,3.706854937625875,227.0,391.0,391.0
electricity_nt36_tc15_A15_a3ef0c80,electricity,36,15.0,540.0,15.0,75.0,30.0,1.0,2835088.2345818193,2835.088234581819,3147750.1927615446,3147.7501927615444,0.09932870749995082,9.932870749995082,0.5993337211613857,59.93337211613857,78752.45096060609,87437.50535448735,3872.983346207417,3872.983346207417,6,6,774.5966692414834,774.5966692414834,3.2821892764469633,3.2821892764469633,3.2821892764469633,228.0,392.0,392.0
electricity_nt36_tc15_A25_0beae5d4,electricity,36,15.0,540.0,25.0,0.0,30.0,0.75,2834507.8698901944,2834.5078698901943,3147750.1927615446,3147.7501927615444,0.09951308194394559,9.95130819439456,0.5992110328704114,59.92110328704114,78736.32971917206,87437.50535448735,4330.127018922193,5773.502691896258,6,6,866.0254037844386,1154.7005383792516,3.6695991685781295,4.892798891437507,3.6695991685781295,229.0,393.0,393.0
electricity_nt36_tc15_A25_0beae5d4,electricity,36,15.0,540.0,25.0,90.0,30.0,0.75,2833918.440349706,2833.918440349706,3147750.1927615446,3147.7501927615444,0.09970033617455254,9.970033617455254,0.5990864282829583,59.90864282829583,78719.95667638072,87437.50535448735,4330.127018922193,5773.502691896258,6,6,866.0254037844386,1154.7005383792516,3.6695991685781295,4.892798891437507,3.6695991685781295,230.0,394.0,394.0
electricity_nt36_tc15_A15_a3ef0c80,electricity,36,15.0,540.0,15.0,45.0,30.0,0.5,2829247.925303741,2829.247925303741,3147750.1927615446,3147.7501927615444,0.10118409910361381,10.11840991036138,0.5980990878791943,59.80990878791943,78590.22014732614,87437.50535448735,2738.6127875258308,5477.2255750516615,5,8,684.6531968814577,782.4607964359517,2.9010728681417697,3.31551184930488,2.9010728681417697,231.0,397.0,397.0
electricity_nt36_tc15_A20_253f54f3,electricity,36,15.0,540.0,20.0,0.0,30.0,0.5,2828935.952537903,2828.935952537903,3147750.1927615446,3147.7501927615444,0.10128320886351638,10.128320886351638,0.5980331372691322,59.803313726913224,78581.55423716397,87437.50535448735,3162.2776601683795,6324.555320336759,5,8,790.5694150420949,903.5079029052513,3.349870402720741,3.8284233173951328,3.349870402720741,232.0,398.0,398.0
electricity_nt36_tc15_A25_0beae5d4,electricity,36,15.0,540.0,25.0,60.0,30.0,0.75,2827878.729328598,2827.8787293285977,3147750.1927615446,3147.7501927615444,0.10161907516311552,10.161907516311553,0.5978096417488157,59.78096417488157,78552.18692579439,87437.50535448735,4330.127018922193,5773.502691896258,6,6,866.0254037844386,1154.7005383792516,3.6695991685781295,4.892798891437507,3.6695991685781295,233.0,399.0,399.0
electricity_nt36_tc15_A15_a3ef0c80,electricity,36,15.0,540.0,15.0,15.0,30.0,0.5,2827377.8295802646,2827.3778295802645,3147750.1927615446,3147.7501927615444,0.10177820461039033,10.177820461039033,0.5977037522366533,59.770375223665326,78538.27304389625,87437.50535448735,2738.6127875258308,5477.2255750516615,5,8,684.6531968814577,782.4607964359517,2.9010728681417697,3.31551184930488,2.9010728681417697,234.0,400.0,400.0
electricity_nt36_tc15_A20_253f54f3,electricity,36,15.0,540.0,20.0,90.0,30.0,0.5,2827064.388131287,2827.064388131287,3147750.1927615446,3147.7501927615444,0.10187778095215283,10.187778095215283,0.5976374911490121,59.76374911490121,78529.56633698019,87437.50535448735,3162.2776601683795,6324.555320336759,5,8,790.5694150420949,903.5079029052513,3.349870402720741,3.8284233173951328,3.349870402720741,235.0,401.0,401.0
electricity_nt36_tc15_A20_253f54f3,electricity,36,15.0,540.0,20.0,60.0,30.0,0.5,2826300.885545371,2826.300885545371,3147750.1927615446,3147.7501927615444,0.10212033596419656,10.212033596419657,0.5974760877611557,59.74760877611557,78508.35793181586,87437.50535448735,3162.2776601683795,6324.555320336759,5,8,790.5694150420949,903.5079029052513,3.349870402720741,3.8284233173951328,3.349870402720741,236.0,402.0,402.0
electricity_nt36_tc15_A25_0beae5d4,electricity,36,15.0,540.0,25.0,60.0,30.0,2.0,2825572.672186073,2825.572672186073,3147750.1927615446,3147.7501927615444,0.10235168004002981,10.23516800400298,0.5973221444668682,59.73221444668682,78488.12978294647,87437.50535448735,7071.067811865475,3535.5339059327375,9,4,883.8834764831844,1178.5113019775793,3.7452689681490865,4.993691957532115,3.7452689681490865,237.0,403.0,403.0
electricity_nt36_tc15_A20_253f54f3,electricity,36,15.0,540.0,20.0,0.0,30.0,1.5,2825482.612581206,2825.482612581206,3147750.1927615446,3147.7501927615444,0.10238029082530553,10.238029082530552,0.5973031059912917,59.73031059912917,78485.62812725572,87437.50535448735,5477.2255750516615,3651.4837167011074,8,5,782.4607964359517,912.8709291752768,3.31551184930488,3.8680971575223597,3.31551184930488,238.0,404.0,404.0
electricity_nt36_tc15_A15_a3ef0c80,electricity,36,15.0,540.0,15.0,75.0,30.0,0.5,2823279.1216206104,2823.2791216206106,3147750.1927615446,3147.7501927615444,0.10308031173727716,10.308031173727716,0.5968372910579677,59.683729105796765,78424.42004501696,87437.50535448735,2738.6127875258308,5477.2255750516615,5,8,684.6531968814577,782.4607964359517,2.9010728681417697,3.31551184930488,2.9010728681417697,239.0,407.0,407.0
electricity_nt36_tc15_A20_253f54f3,electricity,36,15.0,540.0,20.0,0.0,30.0,1.0,2822841.09989335,2822.84109989335,3147750.1927615446,3147.7501927615444,0.10321946564099782,10.321946564099783,0.5967446938722624,59.67446938722624,78412.25277481528,87437.50535448735,4472.13595499958,4472.13595499958,6,6,894.4271909999159,894.4271909999159,3.7899457245759147,3.7899457245759147,3.7899457245759147,240.0,408.0,408.0
electricity_nt36_tc15_A20_253f54f3,electricity,36,15.0,540.0,20.0,90.0,30.0,1.0,2822841.0998933497,2822.8410998933496,3147750.1927615446,3147.7501927615444,0.10321946564099793,10.321946564099793,0.5967446938722624,59.67446938722624,78412.25277481526,87437.50535448735,4472.13595499958,4472.13595499958,6,6,894.4271909999159,894.4271909999159,3.7899457245759147,3.7899457245759147,3.7899457245759147,241.0,408.0,409.0
electricity_nt36_tc15_A20_253f54f3,electricity,36,15.0,540.0,20.0,90.0,30.0,1.5,2821523.8074662583,2821.5238074662584,3147750.1927615446,3147.7501927615444,0.1036379526067428,10.36379526067428,0.5964662200799633,59.64662200799633,78375.66131850718,87437.50535448735,5477.2255750516615,3651.4837167011074,8,5,782.4607964359517,912.8709291752768,3.31551184930488,3.8680971575223597,3.31551184930488,242.0,410.0,410.0
electricity_nt36_tc15_A15_a3ef0c80,electricity,36,15.0,540.0,15.0,15.0,30.0,1.5,2821238.95019998,2821.2389501999796,3147750.1927615446,3147.7501927615444,0.10372844811904025,10.372844811904026,0.5964060016489049,59.640600164890486,78367.74861666611,87437.50535448735,4743.416490252569,3162.2776601683795,8,5,677.6309271789385,790.5694150420949,2.8713174880463495,3.349870402720741,2.8713174880463495,243.0,411.0,411.0
electricity_nt36_tc15_A25_0beae5d4,electricity,36,15.0,540.0,25.0,30.0,30.0,0.75,2820356.4397608317,2820.3564397608316,3147750.1927615446,3147.7501927615444,0.10400881040483334,10.400881040483334,0.5962194401659123,59.621944016591236,78343.23443780089,87437.50535448735,4330.127018922193,5773.502691896258,6,6,866.0254037844386,1154.7005383792516,3.6695991685781295,4.892798891437507,3.6695991685781295,244.0,413.0,413.0
electricity_nt36_tc15_A20_253f54f3,electricity,36,15.0,540.0,20.0,30.0,30.0,0.5,2819453.6053533955,2819.4536053533952,3147750.1927615446,3147.7501927615444,0.10429562935555958,10.429562935555959,0.5960285822242084,59.60285822242084,78318.15570426098,87437.50535448735,3162.2776601683795,6324.555320336759,5,8,790.5694150420949,903.5079029052513,3.349870402720741,3.8284233173951328,3.349870402720741,245.0,415.0,415.0
electricity_nt36_tc15_A20_253f54f3,electricity,36,15.0,540.0,20.0,60.0,30.0,1.0,2817933.730523202,2817.933730523202,3147750.1927615446,3147.7501927615444,0.1047784741612523,10.477847416125229,0.5957072827928298,59.57072827928298,78275.93695897784,87437.50535448735,4472.13595499958,4472.13595499958,6,6,894.4271909999159,894.4271909999159,3.7899457245759147,3.7899457245759147,3.7899457245759147,246.0,419.0,419.0
electricity_nt36_tc15_A25_0beae5d4,electricity,36,15.0,540.0,25.0,30.0,30.0,2.0,2816995.151775382,2816.995151775382,3147750.1927615446,3147.7501927615444,0.10507664863201505,10.507664863201505,0.5955088685471381,59.550886854713816,78249.86532709394,87437.50535448735,7071.067811865475,3535.5339059327375,9,4,883.8834764831844,1178.5113019775793,3.7452689681490865,4.993691957532115,3.7452689681490865,247.0,421.0,421.0
electricity_nt36_tc15_A15_a3ef0c80,electricity,36,15.0,540.0,15.0,45.0,30.0,1.5,2815985.203498881,2815.9852034988808,3147750.1927615446,3147.7501927615444,0.10539749628975603,10.539749628975603,0.5952953668820566,59.52953668820567,78221.81120830224,87437.50535448735,4743.416490252569,3162.2776601683795,8,5,677.6309271789385,790.5694150420949,2.8713174880463495,3.349870402720741,2.8713174880463495,248.0,423.0,423.0
electricity_nt36_tc15_A15_a3ef0c80,electricity,36,15.0,540.0,15.0,75.0,30.0,1.5,2815265.745487132,2815.2657454871323,3147750.1927615446,3147.7501927615444,0.10562605890358834,10.562605890358833,0.5951432744560993,59.51432744560993,78201.82626353145,87437.50535448735,4743.416490252569,3162.2776601683795,8,5,677.6309271789385,790.5694150420949,2.8713174880463495,3.349870402720741,2.8713174880463495,249.0,424.0,424.0
electricity_nt36_tc15_A20_253f54f3,electricity,36,15.0,540.0,20.0,30.0,30.0,1.0,2810859.0801841384,2810.8590801841383,3147750.1927615446,3147.7501927615444,0.10702600014197727,10.702600014197728,0.5942117115220993,59.42117115220993,78079.41889400384,87437.50535448735,4472.13595499958,4472.13595499958,6,6,894.4271909999159,894.4271909999159,3.7899457245759147,3.7899457245759147,3.7899457245759147,250.0,427.0,427.0
electricity_nt36_tc15_A20_253f54f3,electricity,36,15.0,540.0,20.0,60.0,30.0,1.5,2809025.7974738744,2809.0257974738743,3147750.1927615446,3147.7501927615444,0.10760841062502002,10.760841062502003,0.5938241580995,59.38241580995,78028.49437427429,87437.50535448735,5477.2255750516615,3651.4837167011074,8,5,782.4607964359517,912.8709291752768,3.31551184930488,3.8680971575223597,3.31551184930488,251.0,431.0,431.0
electricity_nt36_tc15_A20_253f54f3,electricity,36,15.0,540.0,20.0,0.0,30.0,2.0,2808792.3230766095,2808.7923230766096,3147750.1927615446,3147.7501927615444,0.10768258245663542,10.768258245663542,0.5937748019356945,59.377480193569454,78022.00897435026,87437.50535448735,6324.555320336759,3162.2776601683795,9,4,790.5694150420949,1054.09255338946,3.349870402720741,4.466493870294322,3.349870402720741,252.0,432.0,432.0
electricity_nt36_tc15_A20_253f54f3,electricity,36,15.0,540.0,20.0,90.0,30.0,2.0,2807810.3152247495,2807.8103152247495,3147750.1927615446,3147.7501927615444,0.10799455379861744,10.799455379861744,0.5935672068376352,59.35672068376352,77994.73097846526,87437.50535448735,6324.555320336759,3162.2776601683795,9,4,790.5694150420949,1054.09255338946,3.349870402720741,4.466493870294322,3.349870402720741,253.0,433.0,433.0
electricity_nt36_tc15_A20_253f54f3,electricity,36,15.0,540.0,20.0,30.0,30.0,1.5,2801759.512114409,2801.759512114409,3147750.1927615446,3147.7501927615444,0.10991681660214447,10.991681660214446,0.5922880754512111,59.22880754512111,77826.65311428913,87437.50535448735,5477.2255750516615,3651.4837167011074,8,5,782.4607964359517,912.8709291752768,3.31551184930488,3.8680971575223597,3.31551184930488,254.0,436.0,436.0
electricity_nt36_tc15_A20_253f54f3,electricity,36,15.0,540.0,20.0,0.0,30.0,0.75,2801607.0749052376,2801.607074905238,3147750.1927615446,3147.7501927615444,0.10996524395496365,10.996524395496365,0.5922558504365883,59.22558504365883,77822.41874736772,87437.50535448735,3872.983346207417,5163.977794943223,6,6,774.5966692414834,1032.7955589886446,3.2821892764469633,4.376252368595952,3.2821892764469633,255.0,438.0,438.0
electricity_nt36_tc15_A20_253f54f3,electricity,36,15.0,540.0,20.0,90.0,30.0,0.75,2800851.6648087106,2800.8516648087107,3147750.1927615446,3147.7501927615444,0.11020522808657107,11.020522808657107,0.5920961577897663,59.209615778976634,77801.43513357529,87437.50535448735,3872.983346207417,5163.977794943223,6,6,774.5966692414834,1032.7955589886446,3.2821892764469633,4.376252368595952,3.2821892764469633,256.0,439.0,439.0
electricity_nt36_tc15_A20_253f54f3,electricity,36,15.0,540.0,20.0,60.0,30.0,0.75,2795055.9475139105,2795.0559475139103,3147750.1927615446,3147.7501927615444,0.11204645338714536,11.204645338714537,0.5908709511910009,59.087095119100084,77640.44298649751,87437.50535448735,3872.983346207417,5163.977794943223,6,6,774.5966692414834,1032.7955589886446,3.2821892764469633,4.376252368595952,3.2821892764469633,257.0,443.0,443.0
electricity_nt36_tc15_A20_253f54f3,electricity,36,15.0,540.0,20.0,60.0,30.0,2.0,2792033.2622535415,2792.0332622535416,3147750.1927615446,3147.7501927615444,0.11300672185677163,11.300672185677163,0.5902319597187429,59.02319597187429,77556.47950704282,87437.50535448735,6324.555320336759,3162.2776601683795,9,4,790.5694150420949,1054.09255338946,3.349870402720741,4.466493870294322,3.349870402720741,258.0,448.0,448.0
electricity_nt36_tc15_A20_253f54f3,electricity,36,15.0,540.0,20.0,30.0,30.0,0.75,2786744.8156371503,2786.74481563715,3147750.1927615446,3147.7501927615444,0.11468679374702273,11.468679374702273,0.5891139894379228,58.91139894379228,77409.57821214307,87437.50535448735,3872.983346207417,5163.977794943223,6,6,774.5966692414834,1032.7955589886446,3.2821892764469633,4.376252368595952,3.2821892764469633,259.0,460.0,460.0
electricity_nt36_tc15_A15_a3ef0c80,electricity,36,15.0,540.0,15.0,0.0,30.0,0.5,2783616.713112023,2783.6167131120233,3147750.1927615446,3147.7501927615444,0.11568055193416238,11.568055193416239,0.5884527129020851,58.845271290208515,77322.68647533398,87437.50535448735,2738.6127875258308,5477.2255750516615,5,8,684.6531968814577,782.4607964359517,2.9010728681417697,3.31551184930488,2.9010728681417697,260.0,461.0,461.0
electricity_nt36_tc15_A20_253f54f3,electricity,36,15.0,540.0,20.0,30.0,30.0,2.0,2782476.3998805354,2782.4763998805356,3147750.1927615446,3147.7501927615444,0.11604281487170742,11.604281487170741,0.5882116522663063,58.82116522663063,77291.01110779266,87437.50535448735,6324.555320336759,3162.2776601683795,9,4,790.5694150420949,1054.09255338946,3.349870402720741,4.466493870294322,3.349870402720741,261.0,464.0,464.0
electricity_nt36_tc15_A15_a3ef0c80,electricity,36,15.0,540.0,15.0,60.0,30.0,0.5,2782310.1777745667,2782.310177774567,3147750.1927615446,3147.7501927615444,0.11609562151003305,11.609562151003306,0.5881765131436172,58.81765131436172,77286.3938270713,87437.50535448735,2738.6127875258308,5477.2255750516615,5,8,684.6531968814577,782.4607964359517,2.9010728681417697,3.31551184930488,2.9010728681417697,262.0,465.0,465.0
electricity_nt36_tc15_A15_a3ef0c80,electricity,36,15.0,540.0,15.0,90.0,30.0,0.5,2780913.1535046636,2780.9131535046636,3147750.1927615446,3147.7501927615444,0.11653943826306368,11.653943826306367,0.5878811841503179,58.78811841503179,77247.58759735177,87437.50535448735,2738.6127875258308,5477.2255750516615,5,8,684.6531968814577,782.4607964359517,2.9010728681417697,3.31551184930488,2.9010728681417697,263.0,466.0,466.0
electricity_nt36_tc15_A15_a3ef0c80,electricity,36,15.0,540.0,15.0,90.0,30.0,1.0,2780836.6547731,2780.8366547731,3147750.1927615446,3147.7501927615444,0.11656374093223354,11.656374093223354,0.5878650124245518,58.78650124245518,77245.4626325861,87437.50535448735,3872.983346207417,3872.983346207417,6,6,774.5966692414834,774.5966692414834,3.2821892764469633,3.2821892764469633,3.2821892764469633,264.0,467.0,467.0
electricity_nt36_tc15_A15_a3ef0c80,electricity,36,15.0,540.0,15.0,0.0,30.0,1.0,2780836.6547731,2780.8366547731,3147750.1927615446,3147.7501927615444,0.11656374093223354,11.656374093223354,0.5878650124245518,58.78650124245518,77245.4626325861,87437.50535448735,3872.983346207417,3872.983346207417,6,6,774.5966692414834,774.5966692414834,3.2821892764469633,3.2821892764469633,3.2821892764469633,264.0,467.0,467.0
electricity_nt36_tc15_A15_a3ef0c80,electricity,36,15.0,540.0,15.0,0.0,30.0,1.5,2779009.1820439193,2779.0091820439193,3147750.1927615446,3147.7501927615444,0.11714430565855227,11.714430565855228,0.5874786872238964,58.74786872238964,77194.69950121998,87437.50535448735,4743.416490252569,3162.2776601683795,8,5,677.6309271789385,790.5694150420949,2.8713174880463495,3.349870402720741,2.8713174880463495,266.0,469.0,469.0
electricity_nt36_tc15_A15_a3ef0c80,electricity,36,15.0,540.0,15.0,60.0,30.0,1.0,2775518.007146285,2775.518007146285,3147750.1927615446,3147.7501927615444,0.1182534072974506,11.82534072974506,0.5867406576920102,58.67406576920102,77097.72242073013,87437.50535448735,3872.983346207417,3872.983346207417,6,6,774.5966692414834,774.5966692414834,3.2821892764469633,3.2821892764469633,3.2821892764469633,267.0,473.0,473.0
electricity_nt36_tc15_A15_a3ef0c80,electricity,36,15.0,540.0,15.0,30.0,30.0,0.5,2774549.487972975,2774.549487972975,3147750.1927615446,3147.7501927615444,0.11856109345867694,11.856109345867694,0.5865359140818905,58.65359140818905,77070.8191103604,87437.50535448735,2738.6127875258308,5477.2255750516615,5,8,684.6531968814577,782.4607964359517,2.9010728681417697,3.31551184930488,2.9010728681417697,268.0,474.0,474.0
electricity_nt36_tc15_A15_a3ef0c80,electricity,36,15.0,540.0,15.0,90.0,30.0,1.5,2774110.5637222254,2774.1105637222254,3147750.1927615446,3147.7501927615444,0.11870053408257353,11.870053408257352,0.5864431261039712,58.64431261039712,77058.62677006182,87437.50535448735,4743.416490252569,3162.2776601683795,8,5,677.6309271789385,790.5694150420949,2.8713174880463495,3.349870402720741,2.8713174880463495,269.0,475.0,475.0
electricity_nt36_tc15_A15_a3ef0c80,electricity,36,15.0,540.0,15.0,30.0,30.0,1.0,2767611.6611070703,2767.61166110707,3147750.1927615446,3147.7501927615444,0.12076515237093066,12.076515237093066,0.5850692671036425,58.50692671036425,76878.10169741862,87437.50535448735,3872.983346207417,3872.983346207417,6,6,774.5966692414834,774.5966692414834,3.2821892764469633,3.2821892764469633,3.2821892764469633,270.0,481.0,481.0
electricity_nt36_tc15_A15_a3ef0c80,electricity,36,15.0,540.0,15.0,0.0,30.0,2.0,2762753.747608341,2762.7537476083407,3147750.1927615446,3147.7501927615444,0.12230844939300711,12.230844939300711,0.5840423109268436,58.404231092684356,76743.15965578724,87437.50535448735,5477.2255750516615,2738.6127875258308,9,4,684.6531968814577,912.870929175277,2.9010728681417697,3.86809715752236,2.9010728681417697,271.0,487.0,487.0
electricity_nt36_tc15_A15_a3ef0c80,electricity,36,15.0,540.0,15.0,60.0,30.0,1.5,2761979.4229985243,2761.979422998524,3147750.1927615446,3147.7501927615444,0.12255444242371116,12.255444242371116,0.5838786197781423,58.387861977814225,76721.6506388479,87437.50535448735,4743.416490252569,3162.2776601683795,8,5,677.6309271789385,790.5694150420949,2.8713174880463495,3.349870402720741,2.8713174880463495,272.0,489.0,489.0
electricity_nt36_tc15_A15_a3ef0c80,electricity,36,15.0,540.0,15.0,90.0,30.0,2.0,2761668.8128740434,2761.6688128740434,3147750.1927615446,3147.7501927615444,0.12265311928987266,12.265311928987266,0.5838129572285733,58.38129572285733,76713.02257983453,87437.50535448735,5477.2255750516615,2738.6127875258308,9,4,684.6531968814577,912.870929175277,2.9010728681417697,3.86809715752236,2.9010728681417697,273.0,490.0,490.0
electricity_nt36_tc15_A15_a3ef0c80,electricity,36,15.0,540.0,15.0,0.0,30.0,0.75,2755375.2531480268,2755.375253148027,3147750.1927615446,3147.7501927615444,0.124652502767154,12.4652502767154,0.5824825074302441,58.24825074302441,76538.20147633407,87437.50535448735,3354.1019662496847,4472.13595499958,6,6,670.820393249937,894.4271909999159,2.8424592934319364,3.7899457245759147,2.8424592934319364,274.0,492.0,492.0
electricity_nt36_tc15_A15_a3ef0c80,electricity,36,15.0,540.0,15.0,90.0,30.0,0.75,2754335.287714064,2754.335287714064,3147750.1927615446,3147.7501927615444,0.12498288649212497,12.498288649212498,0.5822626601797024,58.22626601797024,76509.3135476129,87437.50535448735,3354.1019662496847,4472.13595499958,6,6,670.820393249937,894.4271909999159,2.8424592934319364,3.7899457245759147,2.8424592934319364,275.0,494.0,494.0
electricity_nt36_tc15_A15_a3ef0c80,electricity,36,15.0,540.0,15.0,30.0,30.0,1.5,2753628.5819932367,2753.628581993237,3147750.1927615446,3147.7501927615444,0.12520739786613821,12.520739786613822,0.5821132635703612,58.21132635703612,76489.68283314546,87437.50535448735,4743.416490252569,3162.2776601683795,8,5,677.6309271789385,790.5694150420949,2.8713174880463495,3.349870402720741,2.8713174880463495,276.0,495.0,495.0
electricity_nt36_tc15_A15_a3ef0c80,electricity,36,15.0,540.0,15.0,60.0,30.0,0.75,2748945.5564705795,2748.9455564705795,3147750.1927615446,3147.7501927615444,0.12669513521372888,12.669513521372888,0.5811232784691738,58.11232784691738,76359.59879084943,87437.50535448735,3354.1019662496847,4472.13595499958,6,6,670.820393249937,894.4271909999159,2.8424592934319364,3.7899457245759147,2.8424592934319364,277.0,500.0,500.0
electricity_nt36_tc15_A15_a3ef0c80,electricity,36,15.0,540.0,15.0,60.0,30.0,2.0,2744655.039175267,2744.6550391752667,3147750.1927615446,3147.7501927615444,0.12805817771474404,12.805817771474404,0.5802162690629263,58.02162690629263,76240.41775486853,87437.50535448735,5477.2255750516615,2738.6127875258308,9,4,684.6531968814577,912.870929175277,2.9010728681417697,3.86809715752236,2.9010728681417697,278.0,507.0,507.0
electricity_nt36_tc15_A15_a3ef0c80,electricity,36,15.0,540.0,15.0,30.0,30.0,0.75,2739473.9620927074,2739.4739620927076,3147750.1927615446,3147.7501927615444,0.12970413967655214,12.970413967655215,0.5791209965526609,57.91209965526609,76096.49894701965,87437.50535448735,3354.1019662496847,4472.13595499958,6,6,670.820393249937,894.4271909999159,2.8424592934319364,3.7899457245759147,2.8424592934319364,279.0,509.0,509.0
electricity_nt36_tc15_A15_a3ef0c80,electricity,36,15.0,540.0,15.0,30.0,30.0,2.0,2733620.7603222774,2733.6207603222774,3147750.1927615446,3147.7501927615444,0.1315636270602364,13.15636270602364,0.5778836378154654,57.788363781546536,75933.91000895215,87437.50535448735,5477.2255750516615,2738.6127875258308,9,4,684.6531968814577,912.870929175277,2.9010728681417697,3.86809715752236,2.9010728681417697,280.0,512.0,512.0
electricity_nt25_tc15_A30_cc829f2b,electricity,25,15.0,375.0,30.0,45.0,30.0,0.75,2140278.58789401,2140.27858789401,2185937.633862184,2185.9376338621837,0.020887625182380964,2.0887625182380964,0.6515307725704749,65.15307725704749,85611.1435157604,87437.50535448735,4743.416490252569,6324.555320336759,5,5,1185.8541225631423,1581.1388300841897,5.024805604081111,6.699740805441482,5.024805604081111,281.0,33.0,33.0
electricity_nt25_tc15_A30_cc829f2b,electricity,25,15.0,375.0,30.0,15.0,30.0,0.75,2139224.6679256703,2139.2246679256705,2185937.633862184,2185.9376338621837,0.02136976152150305,2.136976152150305,0.6512099445740245,65.12099445740245,85568.98671702681,87437.50535448735,4743.416490252569,6324.555320336759,5,5,1185.8541225631423,1581.1388300841897,5.024805604081111,6.699740805441482,5.024805604081111,282.0,35.0,35.0
electricity_nt25_tc15_A30_cc829f2b,electricity,25,15.0,375.0,30.0,75.0,30.0,0.75,2138993.7477108766,2138.9937477108765,2185937.633862184,2185.9376338621837,0.021475400498213393,2.1475400498213393,0.6511396492270553,65.11396492270552,85559.74990843507,87437.50535448735,4743.416490252569,6324.555320336759,5,5,1185.8541225631423,1581.1388300841897,5.024805604081111,6.699740805441482,5.024805604081111,283.0,36.0,36.0
electricity_nt25_tc15_A30_cc829f2b,electricity,25,15.0,375.0,30.0,15.0,30.0,1.5,2128861.2537369044,2128.8612537369045,2185937.633862184,2185.9376338621837,0.026110708394015414,2.6110708394015414,0.6480551761756178,64.80551761756178,85154.45014947618,87437.50535448735,6708.203932499369,4472.13595499958,7,4,1118.033988749895,1490.7119849998599,4.737432155719894,6.316576207626524,4.737432155719894,284.0,54.0,54.0
electricity_nt25_tc15_A30_cc829f2b,electricity,25,15.0,375.0,30.0,45.0,30.0,1.5,2127143.213864443,2127.1432138644427,2185937.633862184,2185.9376338621837,0.026896659395474698,2.68966593954747,0.6475321807806523,64.75321807806523,85085.72855457771,87437.50535448735,6708.203932499369,4472.13595499958,7,4,1118.033988749895,1490.7119849998599,4.737432155719894,6.316576207626524,4.737432155719894,285.0,56.0,56.0
electricity_nt25_tc15_A30_cc829f2b,electricity,25,15.0,375.0,30.0,75.0,30.0,1.5,2126704.860160508,2126.7048601605084,2185937.633862184,2185.9376338621837,0.0270971928860666,2.70971928860666,0.6473987397748884,64.73987397748884,85068.19440642033,87437.50535448735,6708.203932499369,4472.13595499958,7,4,1118.033988749895,1490.7119849998599,4.737432155719894,6.316576207626524,4.737432155719894,286.0,57.0,57.0
electricity_nt25_tc15_A25_697f9457,electricity,25,15.0,375.0,25.0,45.0,30.0,0.75,2124966.641528561,2124.9666415285606,2185937.633862184,2185.9376338621837,0.02789237505641806,2.789237505641806,0.6468696016829714,64.68696016829713,84998.66566114243,87437.50535448735,4330.127018922193,5773.502691896258,5,5,1082.5317547305483,1443.3756729740644,4.586998960722663,6.115998614296883,4.586998960722663,287.0,58.0,58.0
electricity_nt25_tc15_A25_697f9457,electricity,25,15.0,375.0,25.0,15.0,30.0,0.75,2124255.495142834,2124.2554951428338,2185937.633862184,2185.9376338621837,0.028217702904162034,2.8217702904162034,0.6466531187649418,64.66531187649419,84970.21980571335,87437.50535448735,4330.127018922193,5773.502691896258,5,5,1082.5317547305483,1443.3756729740644,4.586998960722663,6.115998614296883,4.586998960722663,288.0,59.0,59.0
electricity_nt25_tc15_A25_697f9457,electricity,25,15.0,375.0,25.0,75.0,30.0,0.75,2123908.882570082,2123.908882570082,2185937.633862184,2185.9376338621837,0.028376267616797346,2.8376267616797346,0.646547605044165,64.6547605044165,84956.35530280328,87437.50535448735,4330.127018922193,5773.502691896258,5,5,1082.5317547305483,1443.3756729740644,4.586998960722663,6.115998614296883,4.586998960722663,289.0,60.0,60.0
electricity_nt25_tc15_A25_697f9457,electricity,25,15.0,375.0,25.0,15.0,30.0,1.5,2113050.3909894982,2113.0503909894983,2185937.633862184,2185.9376338621837,0.03334369734231901,3.334369734231901,0.6432421281550984,64.32421281550984,84522.01563957993,87437.50535448735,6123.724356957945,4082.48290463863,7,4,1020.6207261596575,1360.8276348795432,4.324664093896853,5.766218791862471,4.324664093896853,290.0,67.0,67.0
electricity_nt25_tc15_A25_697f9457,electricity,25,15.0,375.0,25.0,45.0,30.0,1.5,2110745.6991776256,2110.7456991776257,2185937.633862184,2185.9376338621837,0.03439802376781753,3.439802376781753,0.6425405476948632,64.25405476948633,84429.82796710503,87437.50535448735,6123.724356957945,4082.48290463863,7,4,1020.6207261596575,1360.8276348795432,4.324664093896853,5.766218791862471,4.324664093896853,291.0,68.0,68.0
electricity_nt25_tc15_A25_697f9457,electricity,25,15.0,375.0,25.0,75.0,30.0,1.5,2110629.835458227,2110.629835458227,2185937.633862184,2185.9376338621837,0.034451027896390984,3.4451027896390984,0.6425052771562335,64.25052771562335,84425.19341832907,87437.50535448735,6123.724356957945,4082.48290463863,7,4,1020.6207261596575,1360.8276348795432,4.324664093896853,5.766218791862471,4.324664093896853,292.0,69.0,69.0
electricity_nt25_tc15_A30_cc829f2b,electricity,25,15.0,375.0,30.0,15.0,30.0,2.0,2107926.7465625834,2107.9267465625835,2185937.633862184,2185.9376338621837,0.035687608873711696,3.5687608873711696,0.6416824190449264,64.16824190449265,84317.06986250334,87437.50535448735,7745.966692414834,3872.983346207417,8,4,1106.5666703449763,1290.9944487358057,4.688841823495662,5.470315460744939,4.688841823495662,293.0,70.0,70.0
electricity_nt25_tc15_A30_cc829f2b,electricity,25,15.0,375.0,30.0,45.0,30.0,0.5,2105985.880878018,2105.985880878018,2185937.633862184,2185.9376338621837,0.03657549590877596,3.6575495908775957,0.641091592352517,64.1091592352517,84239.43523512073,87437.50535448735,3872.983346207417,7745.966692414834,4,7,1290.9944487358057,1290.9944487358057,5.470315460744939,5.470315460744939,5.470315460744939,294.0,71.0,71.0
electricity_nt25_tc15_A30_cc829f2b,electricity,25,15.0,375.0,30.0,45.0,30.0,2.0,2105928.9533140208,2105.928953314021,2185937.633862184,2185.9376338621837,0.03660153853831649,3.660153853831649,0.6410742628048769,64.10742628048769,84237.15813256083,87437.50535448735,7745.966692414834,3872.983346207417,8,4,1106.5666703449763,1290.9944487358057,4.688841823495662,5.470315460744939,4.688841823495662,295.0,72.0,72.0
electricity_nt25_tc15_A30_cc829f2b,electricity,25,15.0,375.0,30.0,45.0,30.0,1.0,2105504.465352511,2105.504465352511,2185937.633862184,2185.9376338621837,0.03679572887336269,3.6795728873362687,0.6409450427252698,64.09450427252698,84220.17861410044,87437.50535448735,5477.2255750516615,5477.2255750516615,5,5,1369.3063937629154,1369.3063937629154,5.802145736283539,5.802145736283539,5.802145736283539,296.0,73.0,73.0
electricity_nt25_tc15_A30_cc829f2b,electricity,25,15.0,375.0,30.0,75.0,30.0,2.0,2104826.149096098,2104.8261490960977,2185937.633862184,2185.9376338621837,0.037106037935206615,3.7106037935206615,0.640738553758325,64.0738553758325,84193.0459638439,87437.50535448735,7745.966692414834,3872.983346207417,8,4,1106.5666703449763,1290.9944487358057,4.688841823495662,5.470315460744939,4.688841823495662,297.0,75.0,75.0
electricity_nt25_tc15_A30_cc829f2b,electricity,25,15.0,375.0,30.0,15.0,30.0,1.0,2104035.52440812,2104.03552440812,2185937.633862184,2185.9376338621837,0.03746772468954496,3.7467724689544957,0.6404978765321523,64.04978765321523,84161.4209763248,87437.50535448735,5477.2255750516615,5477.2255750516615,5,5,1369.3063937629154,1369.3063937629154,5.802145736283539,5.802145736283539,5.802145736283539,298.0,77.0,77.0
electricity_nt25_tc15_A30_cc829f2b,electricity,25,15.0,375.0,30.0,15.0,30.0,0.5,2103968.8396011405,2103.9688396011406,2185937.633862184,2185.9376338621837,0.03749823096106286,3.749823096106286,0.6404775767431173,64.04775767431174,84158.75358404563,87437.50535448735,3872.983346207417,7745.966692414834,4,7,1290.9944487358057,1290.9944487358057,5.470315460744939,5.470315460744939,5.470315460744939,299.0,78.0,78.0
electricity_nt25_tc15_A20_0e9fd20c,electricity,25,15.0,375.0,20.0,45.0,30.0,0.75,2103393.2126565,2103.3932126564996,2185937.633862184,2185.9376338621837,0.03776156278523002,3.776156278523002,0.6403023478406392,64.03023478406392,84135.72850626,87437.50535448735,3872.983346207417,5163.977794943223,5,5,968.2458365518543,1290.9944487358057,4.102736595558705,5.470315460744939,4.102736595558705,300.0,79.0,79.0
electricity_nt25_tc15_A20_0e9fd20c,electricity,25,15.0,375.0,20.0,15.0,30.0,0.75,2103110.643490275,2103.110643490275,2185937.633862184,2185.9376338621837,0.03789082958673784,3.789082958673784,0.6402163298296119,64.02163298296118,84124.42573961099,87437.50535448735,3872.983346207417,5163.977794943223,5,5,968.2458365518543,1290.9944487358057,4.102736595558705,5.470315460744939,4.102736595558705,301.0,80.0,80.0
electricity_nt25_tc15_A20_0e9fd20c,electricity,25,15.0,375.0,20.0,75.0,30.0,0.75,2102656.526496732,2102.656526496732,2185937.633862184,2185.9376338621837,0.038098574303013444,3.8098574303013444,0.6400780902577571,64.00780902577571,84106.26105986928,87437.50535448735,3872.983346207417,5163.977794943223,5,5,968.2458365518543,1290.9944487358057,4.102736595558705,5.470315460744939,4.102736595558705,302.0,81.0,81.0
electricity_nt25_tc15_A30_cc829f2b,electricity,25,15.0,375.0,30.0,75.0,30.0,1.0,2102160.5870060166,2102.1605870060166,2185937.633862184,2185.9376338621837,0.038325451540054845,3.8325451540054845,0.6399271193321208,63.99271193321208,84086.42348024067,87437.50535448735,5477.2255750516615,5477.2255750516615,5,5,1369.3063937629154,1369.3063937629154,5.802145736283539,5.802145736283539,5.802145736283539,303.0,82.0,82.0
electricity_nt25_tc15_A30_cc829f2b,electricity,25,15.0,375.0,30.0,75.0,30.0,0.5,2100949.141676126,2100.949141676126,2185937.633862184,2185.9376338621837,0.038879650942235444,3.8879650942235444,0.6395583384097796,63.95583384097796,84037.96566704503,87437.50535448735,3872.983346207417,7745.966692414834,4,7,1290.9944487358057,1290.9944487358057,5.470315460744939,5.470315460744939,5.470315460744939,304.0,85.0,85.0
electricity_nt25_tc15_A25_697f9457,electricity,25,15.0,375.0,25.0,45.0,30.0,1.0,2094645.0553410468,2094.645055341047,2185937.633862184,2185.9376338621837,0.04176357875308567,4.176357875308567,0.6376392862529823,63.76392862529823,83785.80221364187,87437.50535448735,5000.0,5000.0,5,5,1250.0,1250.0,5.296610169491525,5.296610169491525,5.296610169491525,305.0,95.0,95.0
electricity_nt25_tc15_A25_697f9457,electricity,25,15.0,375.0,25.0,15.0,30.0,1.0,2093175.376300898,2093.175376300898,2185937.633862184,2185.9376338621837,0.04243591222563414,4.243591222563414,0.6371918953731804,63.719189537318044,83727.01505203592,87437.50535448735,5000.0,5000.0,5,5,1250.0,1250.0,5.296610169491525,5.296610169491525,5.296610169491525,306.0,98.0,98.0
electricity_nt25_tc15_A25_697f9457,electricity,25,15.0,375.0,25.0,45.0,30.0,0.5,2093164.327062511,2093.164327062511,2185937.633862184,2185.9376338621837,0.042440966916223566,4.244096691622357,0.6371885318302926,63.71885318302925,83726.57308250043,87437.50535448735,3535.5339059327375,7071.067811865475,4,7,1178.5113019775793,1178.5113019775793,4.993691957532115,4.993691957532115,4.993691957532115,307.0,99.0,99.0
electricity_nt25_tc15_A25_697f9457,electricity,25,15.0,375.0,25.0,15.0,30.0,2.0,2092627.1731307234,2092.6271731307233,2185937.633862184,2185.9376338621837,0.042686698506853804,4.268669850685381,0.6370250146516662,63.70250146516662,83705.08692522894,87437.50535448735,7071.067811865475,3535.5339059327375,8,4,1010.1525445522108,1178.5113019775793,4.280307392170385,4.993691957532115,4.280307392170385,308.0,100.0,100.0
electricity_nt25_tc15_A25_697f9457,electricity,25,15.0,375.0,25.0,75.0,30.0,1.0,2091279.248065438,2091.279248065438,2185937.633862184,2185.9376338621837,0.043303333238057906,4.330333323805791,0.6366146873867391,63.66146873867391,83651.16992261751,87437.50535448735,5000.0,5000.0,5,5,1250.0,1250.0,5.296610169491525,5.296610169491525,5.296610169491525,309.0,103.0,103.0
electricity_nt25_tc15_A25_697f9457,electricity,25,15.0,375.0,25.0,15.0,30.0,0.5,2091102.7925578752,2091.102792557875,2185937.633862184,2185.9376338621837,0.04338405626731057,4.338405626731056,0.6365609718593227,63.65609718593227,83644.111702315,87437.50535448735,3535.5339059327375,7071.067811865475,4,7,1178.5113019775793,1178.5113019775793,4.993691957532115,4.993691957532115,4.993691957532115,310.0,105.0,105.0
electricity_nt25_tc15_A25_697f9457,electricity,25,15.0,375.0,25.0,45.0,30.0,2.0,2090243.763332333,2090.243763332333,2185937.633862184,2185.9376338621837,0.04377703601761773,4.377703601761773,0.6362994713340435,63.62994713340435,83609.75053329332,87437.50535448735,7071.067811865475,3535.5339059327375,8,4,1010.1525445522108,1178.5113019775793,4.280307392170385,4.993691957532115,4.280307392170385,311.0,109.0,109.0
electricity_nt25_tc15_A20_0e9fd20c,electricity,25,15.0,375.0,20.0,15.0,30.0,1.5,2089921.208789211,2089.921208789211,2185937.633862184,2185.9376338621837,0.04392459491322631,4.392459491322631,0.6362012812143717,63.62012812143717,83596.84835156843,87437.50535448735,5477.2255750516615,3651.4837167011074,7,4,912.870929175277,1217.1612389003692,3.86809715752236,5.15746287669648,3.86809715752236,312.0,110.0,110.0
electricity_nt25_tc15_A25_697f9457,electricity,25,15.0,375.0,25.0,75.0,30.0,2.0,2089479.633496435,2089.479633496435,2185937.633862184,2185.9376338621837,0.04412660218275488,4.412660218275488,0.6360668595118524,63.60668595118524,83579.1853398574,87437.50535448735,7071.067811865475,3535.5339059327375,8,4,1010.1525445522108,1178.5113019775793,4.280307392170385,4.993691957532115,4.280307392170385,313.0,113.0,113.0
electricity_nt25_tc15_A25_697f9457,electricity,25,15.0,375.0,25.0,75.0,30.0,0.5,2088020.939647975,2088.020939647975,2185937.633862184,2185.9376338621837,0.04479391026413071,4.4793910264130705,0.6356228126782267,63.56228126782268,83520.837585919,87437.50535448735,3535.5339059327375,7071.067811865475,4,7,1178.5113019775793,1178.5113019775793,4.993691957532115,4.993691957532115,4.993691957532115,314.0,118.0,118.0
electricity_nt25_tc15_A20_0e9fd20c,electricity,25,15.0,375.0,20.0,75.0,30.0,1.5,2087290.096205477,2087.290096205477,2185937.633862184,2185.9376338621837,0.045128248916421865,4.512824891642186,0.6354003337002974,63.54003337002973,83491.60384821908,87437.50535448735,5477.2255750516615,3651.4837167011074,7,4,912.870929175277,1217.1612389003692,3.86809715752236,5.15746287669648,3.86809715752236,315.0,121.0,121.0
electricity_nt25_tc15_A20_0e9fd20c,electricity,25,15.0,375.0,20.0,45.0,30.0,1.5,2086926.6265720462,2086.926626572046,2185937.633862184,2185.9376338621837,0.045294525221747484,4.529452522174749,0.6352896884541998,63.528968845419975,83477.06506288185,87437.50535448735,5477.2255750516615,3651.4837167011074,7,4,912.870929175277,1217.1612389003692,3.86809715752236,5.15746287669648,3.86809715752236,316.0,122.0,122.0
electricity_nt25_tc15_A20_0e9fd20c,electricity,25,15.0,375.0,20.0,45.0,30.0,1.0,2076889.6338091209,2076.889633809121,2185937.633862184,2185.9376338621837,0.04988614421738724,4.988614421738724,0.6322342873087126,63.223428730871255,83075.58535236484,87437.50535448735,4472.13595499958,4472.13595499958,5,5,1118.033988749895,1118.033988749895,4.737432155719894,4.737432155719894,4.737432155719894,317.0,150.0,150.0
electricity_nt25_tc15_A20_0e9fd20c,electricity,25,15.0,375.0,20.0,15.0,30.0,1.0,2075473.7448788192,2075.473744878819,2185937.633862184,2185.9376338621837,0.050533870350268684,5.053387035026868,0.6318032708915736,63.18032708915736,83018.94979515277,87437.50535448735,4472.13595499958,4472.13595499958,5,5,1118.033988749895,1118.033988749895,4.737432155719894,4.737432155719894,4.737432155719894,318.0,153.0,153.0
electricity_nt25_tc15_A20_0e9fd20c,electricity,25,15.0,375.0,20.0,45.0,30.0,0.5,2074139.345055471,2074.139345055471,2185937.633862184,2185.9376338621837,0.051144317694546526,5.114431769454653,0.6313970608996867,63.13970608996867,82965.57380221883,87437.50535448735,3162.2776601683795,6324.555320336759,4,7,1054.09255338946,1054.09255338946,4.466493870294322,4.466493870294322,4.466493870294322,319.0,154.0,154.0
electricity_nt25_tc15_A20_0e9fd20c,electricity,25,15.0,375.0,20.0,75.0,30.0,1.0,2073610.229604149,2073.610229604149,2185937.633862184,2185.9376338621837,0.05138637192478879,5.138637192478878,0.6312359907470774,63.123599074707734,82944.40918416595,87437.50535448735,4472.13595499958,4472.13595499958,5,5,1118.033988749895,1118.033988749895,4.737432155719894,4.737432155719894,4.737432155719894,320.0,156.0,156.0
electricity_nt25_tc15_A20_0e9fd20c,electricity,25,15.0,375.0,20.0,15.0,30.0,0.5,2072049.3133285132,2072.049313328513,2185937.633862184,2185.9376338621837,0.052100443658334994,5.210044365833499,0.6307608259751942,63.076082597519424,82881.97253314052,87437.50535448735,3162.2776601683795,6324.555320336759,4,7,1054.09255338946,1054.09255338946,4.466493870294322,4.466493870294322,4.466493870294322,321.0,161.0,161.0
electricity_nt25_tc15_A15_0efc3edc,electricity,25,15.0,375.0,15.0,15.0,30.0,0.75,2070067.0382658232,2070.067038265823,2185937.633862184,2185.9376338621837,0.05300727422476226,5.300727422476226,0.6301573936882262,63.01573936882262,82802.68153063292,87437.50535448735,3354.1019662496847,4472.13595499958,5,5,838.5254915624212,1118.033988749895,3.55307411678992,4.737432155719894,3.55307411678992,322.0,163.0,163.0
electricity_nt25_tc15_A15_0efc3edc,electricity,25,15.0,375.0,15.0,45.0,30.0,0.75,2069882.5990035348,2069.882599003535,2185937.633862184,2185.9376338621837,0.053091649579041,5.3091649579041,0.6301012477940745,63.01012477940745,82795.30396014139,87437.50535448735,3354.1019662496847,4472.13595499958,5,5,838.5254915624212,1118.033988749895,3.55307411678992,4.737432155719894,3.55307411678992,323.0,164.0,164.0
electricity_nt25_tc15_A20_0e9fd20c,electricity,25,15.0,375.0,20.0,15.0,30.0,2.0,2069700.9054336937,2069.7009054336936,2185937.633862184,2185.9376338621837,0.053174768862513044,5.317476886251304,0.6300459377271518,63.004593772715175,82788.03621734775,87437.50535448735,6324.555320336759,3162.2776601683795,8,4,903.5079029052513,1054.09255338946,3.8284233173951328,4.466493870294322,3.8284233173951328,324.0,165.0,165.0
electricity_nt25_tc15_A15_0efc3edc,electricity,25,15.0,375.0,15.0,75.0,30.0,0.75,2069646.3709934186,2069.6463709934187,2185937.633862184,2185.9376338621837,0.05319971671071799,5.3199716710718,0.6300293366798839,63.002933667988394,82785.85483973674,87437.50535448735,3354.1019662496847,4472.13595499958,5,5,838.5254915624212,1118.033988749895,3.55307411678992,4.737432155719894,3.55307411678992,325.0,166.0,166.0
electricity_nt25_tc15_A20_0e9fd20c,electricity,25,15.0,375.0,20.0,75.0,30.0,0.5,2068933.3528351318,2068.9333528351317,2185937.633862184,2185.9376338621837,0.05352590083749331,5.352590083749331,0.6298122839680766,62.981228396807666,82757.33411340528,87437.50535448735,3162.2776601683795,6324.555320336759,4,7,1054.09255338946,1054.09255338946,4.466493870294322,4.466493870294322,4.466493870294322,326.0,167.0,167.0
electricity_nt25_tc15_A20_0e9fd20c,electricity,25,15.0,375.0,20.0,45.0,30.0,2.0,2066701.5818922583,2066.701581892258,2185937.633862184,2185.9376338621837,0.054546868182719144,5.454686818271915,0.629132901641479,62.913290164147895,82668.06327569034,87437.50535448735,6324.555320336759,3162.2776601683795,8,4,903.5079029052513,1054.09255338946,3.8284233173951328,4.466493870294322,3.8284233173951328,327.0,171.0,171.0
electricity_nt25_tc15_A20_0e9fd20c,electricity,25,15.0,375.0,20.0,75.0,30.0,2.0,2066560.8984066225,2066.5608984066225,2185937.633862184,2185.9376338621837,0.054611226599655005,5.4611226599655005,0.6290900756184543,62.90900756184543,82662.4359362649,87437.50535448735,6324.555320336759,3162.2776601683795,8,4,903.5079029052513,1054.09255338946,3.8284233173951328,4.466493870294322,3.8284233173951328,328.0,172.0,172.0
electricity_nt25_tc15_A15_0efc3edc,electricity,25,15.0,375.0,15.0,15.0,30.0,1.5,2055824.820536619,2055.824820536619,2185937.633862184,2185.9376338621837,0.059522655774802424,5.952265577480242,0.625821863177053,62.5821863177053,82232.99282146477,87437.50535448735,4743.416490252569,3162.2776601683795,7,4,790.5694150420949,1054.09255338946,3.349870402720741,4.466493870294322,3.349870402720741,329.0,196.0,196.0
electricity_nt25_tc15_A15_0efc3edc,electricity,25,15.0,375.0,15.0,75.0,30.0,1.5,2053006.8811196676,2053.0068811196675,2185937.633862184,2185.9376338621837,0.060811777373378284,6.081177737337828,0.6249640429588029,62.49640429588029,82120.2752447867,87437.50535448735,4743.416490252569,3162.2776601683795,7,4,790.5694150420949,1054.09255338946,3.349870402720741,4.466493870294322,3.349870402720741,330.0,202.0,202.0
electricity_nt25_tc15_A15_0efc3edc,electricity,25,15.0,375.0,15.0,45.0,30.0,1.5,2052010.3240545513,2052.0103240545513,2185937.633862184,2185.9376338621837,0.061267671928501244,6.126767192850124,0.6246606770333489,62.46606770333489,82080.41296218205,87437.50535448735,4743.416490252569,3162.2776601683795,7,4,790.5694150420949,1054.09255338946,3.349870402720741,4.466493870294322,3.349870402720741,331.0,206.0,206.0
electricity_nt25_tc15_A30_cc829f2b,electricity,25,15.0,375.0,30.0,0.0,30.0,2.0,2051307.9250816817,2051.307925081682,2185937.633862184,2185.9376338621837,0.06158899810084428,6.158899810084428,0.6244468569502836,62.444685695028355,82052.31700326726,87437.50535448735,7745.966692414834,3872.983346207417,8,4,1106.5666703449763,1290.9944487358057,4.688841823495662,5.470315460744939,4.688841823495662,332.0,209.0,209.0
electricity_nt25_tc15_A30_cc829f2b,electricity,25,15.0,375.0,30.0,90.0,30.0,2.0,2049910.7280656253,2049.9107280656253,2185937.633862184,2185.9376338621837,0.06222817325132102,6.222817325132102,0.6240215306135846,62.402153061358455,81996.429122625,87437.50535448735,7745.966692414834,3872.983346207417,8,4,1106.5666703449763,1290.9944487358057,4.688841823495662,5.470315460744939,4.688841823495662,333.0,211.0,211.0
electricity_nt25_tc15_A15_0efc3edc,electricity,25,15.0,375.0,15.0,45.0,30.0,1.0,2049237.9388845451,2049.237938884545,2185937.633862184,2185.9376338621837,0.06253595384426103,6.253595384426102,0.6238167241657672,62.38167241657672,81969.51755538181,87437.50535448735,3872.983346207417,3872.983346207417,5,5,968.2458365518543,968.2458365518543,4.102736595558705,4.102736595558705,4.102736595558705,334.0,213.0,213.0
electricity_nt25_tc15_A15_0efc3edc,electricity,25,15.0,375.0,15.0,15.0,30.0,1.0,2047952.3229238072,2047.9523229238073,2185937.633862184,2185.9376338621837,0.06312408405475867,6.312408405475867,0.6234253646647815,62.34253646647815,81918.09291695229,87437.50535448735,3872.983346207417,3872.983346207417,5,5,968.2458365518543,968.2458365518543,4.102736595558705,4.102736595558705,4.102736595558705,335.0,215.0,215.0
electricity_nt25_tc15_A15_0efc3edc,electricity,25,15.0,375.0,15.0,75.0,30.0,1.0,2046204.3226212168,2046.2043226212168,2185937.633862184,2185.9376338621837,0.06392374104199938,6.392374104199938,0.6228932488953476,62.28932488953476,81848.17290484867,87437.50535448735,3872.983346207417,3872.983346207417,5,5,968.2458365518543,968.2458365518543,4.102736595558705,4.102736595558705,4.102736595558705,336.0,217.0,217.0
electricity_nt25_tc15_A15_0efc3edc,electricity,25,15.0,375.0,15.0,45.0,30.0,0.5,2045467.3215695468,2045.4673215695468,2185937.633862184,2185.9376338621837,0.06426089661325318,6.426089661325318,0.622668895454961,62.2668895454961,81818.69286278187,87437.50535448735,2738.6127875258308,5477.2255750516615,4,7,912.870929175277,912.870929175277,3.86809715752236,3.86809715752236,3.86809715752236,337.0,218.0,218.0
electricity_nt25_tc15_A15_0efc3edc,electricity,25,15.0,375.0,15.0,15.0,30.0,0.5,2043357.5500733773,2043.3575500733773,2185937.633862184,2185.9376338621837,0.06522605292123163,6.5226052921231625,0.6220266514683036,62.20266514683036,81734.30200293509,87437.50535448735,2738.6127875258308,5477.2255750516615,4,7,912.870929175277,912.870929175277,3.86809715752236,3.86809715752236,3.86809715752236,338.0,219.0,219.0
electricity_nt25_tc15_A30_cc829f2b,electricity,25,15.0,375.0,30.0,90.0,30.0,1.0,2042352.2724414465,2042.3522724414465,2185937.633862184,2185.9376338621837,0.06568593687050728,6.568593687050727,0.6217206308801968,62.172063088019684,81694.09089765786,87437.50535448735,5477.2255750516615,5477.2255750516615,5,5,1369.3063937629154,1369.3063937629154,5.802145736283539,5.802145736283539,5.802145736283539,339.0,220.0,220.0
electricity_nt25_tc15_A30_cc829f2b,electricity,25,15.0,375.0,30.0,0.0,30.0,1.0,2042352.2724414465,2042.3522724414465,2185937.633862184,2185.9376338621837,0.06568593687050728,6.568593687050727,0.6217206308801968,62.172063088019684,81694.09089765786,87437.50535448735,5477.2255750516615,5477.2255750516615,5,5,1369.3063937629154,1369.3063937629154,5.802145736283539,5.802145736283539,5.802145736283539,339.0,220.0,220.0
electricity_nt25_tc15_A30_cc829f2b,electricity,25,15.0,375.0,30.0,0.0,30.0,0.75,2041464.8259003113,2041.4648259003113,2185937.633862184,2185.9376338621837,0.06609191667861691,6.609191667861691,0.6214504797261222,62.14504797261222,81658.59303601245,87437.50535448735,4743.416490252569,6324.555320336759,5,5,1185.8541225631423,1581.1388300841897,5.024805604081111,6.699740805441482,5.024805604081111,341.0,222.0,222.0
electricity_nt25_tc15_A30_cc829f2b,electricity,25,15.0,375.0,30.0,90.0,30.0,0.75,2041294.6741605874,2041.2946741605874,2185937.633862184,2185.9376338621837,0.06616975592576113,6.616975592576113,0.6213986831539079,62.13986831539079,81651.78696642349,87437.50535448735,4743.416490252569,6324.555320336759,5,5,1185.8541225631423,1581.1388300841897,5.024805604081111,6.699740805441482,5.024805604081111,342.0,223.0,223.0
electricity_nt25_tc15_A30_cc829f2b,electricity,25,15.0,375.0,30.0,60.0,30.0,0.5,2040772.3233725354,2040.7723233725353,2185937.633862184,2185.9376338621837,0.06640871552824945,6.640871552824946,0.6212396722595237,62.12396722595237,81630.89293490142,87437.50535448735,3872.983346207417,7745.966692414834,4,7,1290.9944487358057,1290.9944487358057,5.470315460744939,5.470315460744939,5.470315460744939,343.0,224.0,224.0
electricity_nt25_tc15_A30_cc829f2b,electricity,25,15.0,375.0,30.0,0.0,30.0,0.5,2040673.610098377,2040.6736100983771,2185937.633862184,2185.9376338621837,0.06645387384961654,6.645387384961654,0.6212096225565836,62.12096225565836,81626.94440393508,87437.50535448735,3872.983346207417,7745.966692414834,4,7,1290.9944487358057,1290.9944487358057,5.470315460744939,5.470315460744939,5.470315460744939,344.0,225.0,225.0
electricity_nt25_tc15_A15_0efc3edc,electricity,25,15.0,375.0,15.0,75.0,30.0,0.5,2040258.622593936,2040.258622593936,2185937.633862184,2185.9376338621837,0.0666437180144328,6.664371801443281,0.6210832945491433,62.10832945491433,81610.34490375745,87437.50535448735,2738.6127875258308,5477.2255750516615,4,7,912.870929175277,912.870929175277,3.86809715752236,3.86809715752236,3.86809715752236,345.0,226.0,226.0
electricity_nt25_tc15_A30_cc829f2b,electricity,25,15.0,375.0,30.0,60.0,30.0,1.0,2039877.854256314,2039.877854256314,2185937.633862184,2185.9376338621837,0.06681790795092668,6.6817907950926685,0.6209673833352554,62.096738333525536,81595.11417025256,87437.50535448735,5477.2255750516615,5477.2255750516615,5,5,1369.3063937629154,1369.3063937629154,5.802145736283539,5.802145736283539,5.802145736283539,346.0,227.0,227.0
electricity_nt25_tc15_A30_cc829f2b,electricity,25,15.0,375.0,30.0,90.0,30.0,0.5,2039696.820486827,2039.6968204868272,2185937.633862184,2185.9376338621837,0.06690072539579917,6.6900725395799165,0.6209122741207997,62.091227412079974,81587.87281947308,87437.50535448735,3872.983346207417,7745.966692414834,4,7,1290.9944487358057,1290.9944487358057,5.470315460744939,5.470315460744939,5.470315460744939,347.0,228.0,228.0
electricity_nt25_tc15_A30_cc829f2b,electricity,25,15.0,375.0,30.0,60.0,30.0,2.0,2038735.2845238675,2038.7352845238674,2185937.633862184,2185.9376338621837,0.06734059886156707,6.734059886156707,0.6206195691092443,62.06195691092443,81549.4113809547,87437.50535448735,7745.966692414834,3872.983346207417,8,4,1106.5666703449763,1290.9944487358057,4.688841823495662,5.470315460744939,4.688841823495662,348.0,229.0,229.0
electricity_nt25_tc15_A25_697f9457,electricity,25,15.0,375.0,25.0,0.0,30.0,2.0,2038377.6183440653,2038.3776183440652,2185937.633862184,2185.9376338621837,0.06750422026332237,6.750422026332236,0.6205106905156972,62.05106905156972,81535.10473376261,87437.50535448735,7071.067811865475,3535.5339059327375,8,4,1010.1525445522108,1178.5113019775793,4.280307392170385,4.993691957532115,4.280307392170385,349.0,230.0,230.0
electricity_nt25_tc15_A30_cc829f2b,electricity,25,15.0,375.0,30.0,30.0,30.0,0.5,2038165.3253819568,2038.1653253819568,2185937.633862184,2185.9376338621837,0.06760133783832545,6.760133783832545,0.6204460655652836,62.04460655652836,81526.61301527827,87437.50535448735,3872.983346207417,7745.966692414834,4,7,1290.9944487358057,1290.9944487358057,5.470315460744939,5.470315460744939,5.470315460744939,350.0,231.0,231.0
electricity_nt25_tc15_A30_cc829f2b,electricity,25,15.0,375.0,30.0,60.0,30.0,0.75,2037045.317016609,2037.045317016609,2185937.633862184,2185.9376338621837,0.06811370760953839,6.811370760953839,0.6201051193353452,62.01051193353452,81481.81268066436,87437.50535448735,4743.416490252569,6324.555320336759,5,5,1185.8541225631423,1581.1388300841897,5.024805604081111,6.699740805441482,5.024805604081111,351.0,232.0,232.0
electricity_nt25_tc15_A25_697f9457,electricity,25,15.0,375.0,25.0,90.0,30.0,2.0,2036853.1759718233,2036.8531759718232,2185937.633862184,2185.9376338621837,0.06820160629512262,6.820160629512262,0.6200466289107529,62.00466289107529,81474.12703887293,87437.50535448735,7071.067811865475,3535.5339059327375,8,4,1010.1525445522108,1178.5113019775793,4.280307392170385,4.993691957532115,4.280307392170385,352.0,233.0,233.0
electricity_nt25_tc15_A30_cc829f2b,electricity,25,15.0,375.0,30.0,30.0,30.0,1.0,2036569.36798145,2036.56936798145,2185937.633862184,2185.9376338621837,0.06833143982100964,6.833143982100964,0.6199602337843074,61.99602337843074,81462.774719258,87437.50535448735,5477.2255750516615,5477.2255750516615,5,5,1369.3063937629154,1369.3063937629154,5.802145736283539,5.802145736283539,5.802145736283539,353.0,234.0,234.0
electricity_nt25_tc15_A15_0efc3edc,electricity,25,15.0,375.0,15.0,15.0,30.0,2.0,2035407.728081776,2035.407728081776,2185937.633862184,2185.9376338621837,0.06886285475329268,6.886285475329268,0.6196066143323519,61.96066143323519,81416.30912327104,87437.50535448735,5477.2255750516615,2738.6127875258308,8,4,782.4607964359517,912.870929175277,3.31551184930488,3.86809715752236,3.31551184930488,354.0,236.0,236.0
electricity_nt25_tc15_A30_cc829f2b,electricity,25,15.0,375.0,30.0,30.0,30.0,2.0,2034823.0690158221,2034.823069015822,2185937.633862184,2185.9376338621837,0.0691303184983223,6.91303184983223,0.6194286359256689,61.94286359256689,81392.92276063288,87437.50535448735,7745.966692414834,3872.983346207417,8,4,1106.5666703449763,1290.9944487358057,4.688841823495662,5.470315460744939,4.688841823495662,355.0,237.0,237.0
electricity_nt25_tc15_A30_cc829f2b,electricity,25,15.0,375.0,30.0,0.0,30.0,1.5,2034031.104255527,2034.031104255527,2185937.633862184,2185.9376338621837,0.06949261829499842,6.949261829499842,0.6191875507627175,61.91875507627175,81361.24417022108,87437.50535448735,6708.203932499369,4472.13595499958,7,4,1118.033988749895,1490.7119849998599,4.737432155719894,6.316576207626524,4.737432155719894,356.0,242.0,242.0
electricity_nt25_tc15_A30_cc829f2b,electricity,25,15.0,375.0,30.0,30.0,30.0,0.75,2033330.2538493972,2033.3302538493972,2185937.633862184,2185.9376338621837,0.06981323604514511,6.981323604514511,0.6189742020850524,61.89742020850524,81333.21015397589,87437.50535448735,4743.416490252569,6324.555320336759,5,5,1185.8541225631423,1581.1388300841897,5.024805604081111,6.699740805441482,5.024805604081111,357.0,244.0,244.0
electricity_nt25_tc15_A15_0efc3edc,electricity,25,15.0,375.0,15.0,75.0,30.0,2.0,2032351.5042634255,2032.3515042634256,2185937.633862184,2185.9376338621837,0.07026098422002902,7.026098422002902,0.618676257005609,61.8676257005609,81294.06017053702,87437.50535448735,5477.2255750516615,2738.6127875258308,8,4,782.4607964359517,912.870929175277,3.31551184930488,3.86809715752236,3.31551184930488,358.0,246.0,246.0
electricity_nt25_tc15_A25_697f9457,electricity,25,15.0,375.0,25.0,0.0,30.0,1.0,2032218.0455024787,2032.2180455024786,2185937.633862184,2185.9376338621837,0.07032203754510069,7.0322037545100695,0.6186356302899478,61.86356302899478,81288.72182009915,87437.50535448735,5000.0,5000.0,5,5,1250.0,1250.0,5.296610169491525,5.296610169491525,5.296610169491525,359.0,247.0,247.0
electricity_nt25_tc15_A25_697f9457,electricity,25,15.0,375.0,25.0,90.0,30.0,1.0,2032218.0455024787,2032.2180455024786,2185937.633862184,2185.9376338621837,0.07032203754510069,7.0322037545100695,0.6186356302899478,61.86356302899478,81288.72182009915,87437.50535448735,5000.0,5000.0,5,5,1250.0,1250.0,5.296610169491525,5.296610169491525,5.296610169491525,359.0,247.0,247.0
electricity_nt25_tc15_A30_cc829f2b,electricity,25,15.0,375.0,30.0,90.0,30.0,1.5,2031699.9427116013,2031.6999427116014,2185937.633862184,2185.9376338621837,0.07055905381804994,7.055905381804994,0.6184779125453885,61.847791254538855,81267.99770846406,87437.50535448735,6708.203932499369,4472.13595499958,7,4,1118.033988749895,1490.7119849998599,4.737432155719894,6.316576207626524,4.737432155719894,361.0,250.0,250.0
electricity_nt25_tc15_A15_0efc3edc,electricity,25,15.0,375.0,15.0,45.0,30.0,2.0,2031482.854554007,2031.482854554007,2185937.633862184,2185.9376338621837,0.07065836504918088,7.065836504918089,0.6184118278703218,61.84118278703218,81259.31418216028,87437.50535448735,5477.2255750516615,2738.6127875258308,8,4,782.4607964359517,912.870929175277,3.31551184930488,3.86809715752236,3.31551184930488,362.0,253.0,253.0
electricity_nt25_tc15_A25_697f9457,electricity,25,15.0,375.0,25.0,60.0,30.0,0.5,2030863.2513141274,2030.8632513141274,2185937.633862184,2185.9376338621837,0.07094181469123906,7.094181469123906,0.6182232119677709,61.82232119677708,81234.5300525651,87437.50535448735,3535.5339059327375,7071.067811865475,4,7,1178.5113019775793,1178.5113019775793,4.993691957532115,4.993691957532115,4.993691957532115,363.0,254.0,254.0
electricity_nt25_tc15_A25_697f9457,electricity,25,15.0,375.0,25.0,0.0,30.0,0.5,2030711.9363886174,2030.7119363886175,2185937.633862184,2185.9376338621837,0.07101103666864861,7.10110366686486,0.618177149585576,61.8177149585576,81228.4774555447,87437.50535448735,3535.5339059327375,7071.067811865475,4,7,1178.5113019775793,1178.5113019775793,4.993691957532115,4.993691957532115,4.993691957532115,364.0,256.0,256.0
electricity_nt25_tc15_A25_697f9457,electricity,25,15.0,375.0,25.0,90.0,30.0,0.5,2029593.6821178417,2029.5936821178416,2185937.633862184,2185.9376338621837,0.07152260399493138,7.152260399493137,0.6178367373265881,61.783673732658805,81183.74728471367,87437.50535448735,3535.5339059327375,7071.067811865475,4,7,1178.5113019775793,1178.5113019775793,4.993691957532115,4.993691957532115,4.993691957532115,365.0,258.0,258.0
electricity_nt25_tc15_A25_697f9457,electricity,25,15.0,375.0,25.0,60.0,30.0,1.0,2029589.0051906318,2029.589005190632,2185937.633862184,2185.9376338621837,0.07152474354691918,7.152474354691918,0.6178353136044541,61.78353136044541,81183.56020762527,87437.50535448735,5000.0,5000.0,5,5,1250.0,1250.0,5.296610169491525,5.296610169491525,5.296610169491525,366.0,259.0,259.0
electricity_nt25_tc15_A25_697f9457,electricity,25,15.0,375.0,25.0,30.0,30.0,0.5,2028094.5338571672,2028.0945338571673,2185937.633862184,2185.9376338621837,0.07220841873980388,7.220841873980389,0.6173803756033994,61.73803756033994,81123.7813542867,87437.50535448735,3535.5339059327375,7071.067811865475,4,7,1178.5113019775793,1178.5113019775793,4.993691957532115,4.993691957532115,4.993691957532115,367.0,263.0,263.0
electricity_nt25_tc15_A25_697f9457,electricity,25,15.0,375.0,25.0,0.0,30.0,0.75,2028009.5742036588,2028.0095742036588,2185937.633862184,2185.9376338621837,0.072247285197928,7.2247285197928,0.6173545126951777,61.735451269517775,81120.38296814635,87437.50535448735,4330.127018922193,5773.502691896258,5,5,1082.5317547305483,1443.3756729740644,4.586998960722663,6.115998614296883,4.586998960722663,368.0,264.0,264.0
electricity_nt25_tc15_A25_697f9457,electricity,25,15.0,375.0,25.0,90.0,30.0,0.75,2027797.3518875246,2027.7973518875247,2185937.633862184,2185.9376338621837,0.07234437045454589,7.234437045454589,0.617289909250388,61.728990925038794,81111.89407550098,87437.50535448735,4330.127018922193,5773.502691896258,5,5,1082.5317547305483,1443.3756729740644,4.586998960722663,6.115998614296883,4.586998960722663,369.0,265.0,265.0
electricity_nt25_tc15_A25_697f9457,electricity,25,15.0,375.0,25.0,30.0,30.0,1.0,2026036.1423920863,2026.0361423920863,2185937.633862184,2185.9376338621837,0.0731500702458645,7.315007024586451,0.6167537724176823,61.675377241768224,81041.44569568345,87437.50535448735,5000.0,5000.0,5,5,1250.0,1250.0,5.296610169491525,5.296610169491525,5.296610169491525,370.0,266.0,266.0
electricity_nt25_tc15_A25_697f9457,electricity,25,15.0,375.0,25.0,60.0,30.0,2.0,2025436.869165205,2025.4368691652048,2185937.633862184,2185.9376338621837,0.07342421952514777,7.342421952514777,0.6165713452557702,61.65713452557702,81017.4747666082,87437.50535448735,7071.067811865475,3535.5339059327375,8,4,1010.1525445522108,1178.5113019775793,4.280307392170385,4.993691957532115,4.280307392170385,371.0,267.0,267.0
electricity_nt25_tc15_A30_cc829f2b,electricity,25,15.0,375.0,30.0,60.0,30.0,1.5,2024372.3495711929,2024.372349571193,2185937.633862184,2185.9376338621837,0.07391120487071368,7.391120487071367,0.616247290584838,61.624729058483794,80974.89398284772,87437.50535448735,6708.203932499369,4472.13595499958,7,4,1118.033988749895,1490.7119849998599,4.737432155719894,6.316576207626524,4.737432155719894,372.0,268.0,268.0
electricity_nt25_tc15_A25_697f9457,electricity,25,15.0,375.0,25.0,60.0,30.0,0.75,2023702.8941586032,2023.7028941586032,2185937.633862184,2185.9376338621837,0.07421746036593879,7.421746036593879,0.6160434989828321,61.6043498982832,80948.11576634413,87437.50535448735,4330.127018922193,5773.502691896258,5,5,1082.5317547305483,1443.3756729740644,4.586998960722663,6.115998614296883,4.586998960722663,373.0,269.0,269.0
electricity_nt25_tc15_A30_cc829f2b,electricity,25,15.0,375.0,30.0,30.0,30.0,1.5,2021299.6801199212,2021.2996801199213,2185937.633862184,2185.9376338621837,0.0753168577144514,7.53168577144514,0.615311926977145,61.5311926977145,80851.98720479685,87437.50535448735,6708.203932499369,4472.13595499958,7,4,1118.033988749895,1490.7119849998599,4.737432155719894,6.316576207626524,4.737432155719894,374.0,270.0,270.0
electricity_nt25_tc15_A25_697f9457,electricity,25,15.0,375.0,25.0,30.0,30.0,2.0,2021137.999283389,2021.137999283389,2185937.633862184,2185.9376338621837,0.0753908217809589,7.5390821780958905,0.6152627090664806,61.526270906648065,80845.51997133555,87437.50535448735,7071.067811865475,3535.5339059327375,8,4,1010.1525445522108,1178.5113019775793,4.280307392170385,4.993691957532115,4.280307392170385,375.0,271.0,271.0
electricity_nt25_tc15_A20_0e9fd20c,electricity,25,15.0,375.0,20.0,0.0,30.0,2.0,2021045.0872933096,2021.0450872933097,2185937.633862184,2185.9376338621837,0.07543332619125864,7.543332619125865,0.6152344253556498,61.523442535564975,80841.80349173238,87437.50535448735,6324.555320336759,3162.2776601683795,8,4,903.5079029052513,1054.09255338946,3.8284233173951328,4.466493870294322,3.8284233173951328,376.0,272.0,272.0
electricity_nt25_tc15_A25_697f9457,electricity,25,15.0,375.0,25.0,0.0,30.0,1.5,2020488.6930755088,2020.4886930755088,2185937.633862184,2185.9376338621837,0.07568785962770341,7.568785962770342,0.6150650511645385,61.506505116453845,80819.54772302035,87437.50535448735,6123.724356957945,4082.48290463863,7,4,1020.6207261596575,1360.8276348795432,4.324664093896853,5.766218791862471,4.324664093896853,377.0,273.0,273.0
electricity_nt25_tc15_A25_697f9457,electricity,25,15.0,375.0,25.0,30.0,30.0,0.75,2019687.2770873015,2019.6872770873015,2185937.633862184,2185.9376338621837,0.07605448307376728,7.605448307376728,0.6148210889154647,61.482108891546474,80787.49108349206,87437.50535448735,4330.127018922193,5773.502691896258,5,5,1082.5317547305483,1443.3756729740644,4.586998960722663,6.115998614296883,4.586998960722663,378.0,274.0,274.0
electricity_nt25_tc15_A20_0e9fd20c,electricity,25,15.0,375.0,20.0,90.0,30.0,2.0,2019299.875955816,2019.2998759558159,2185937.633862184,2185.9376338621837,0.07623170731177131,7.623170731177131,0.6147031585862454,61.47031585862454,80771.99503823264,87437.50535448735,6324.555320336759,3162.2776601683795,8,4,903.5079029052513,1054.09255338946,3.8284233173951328,4.466493870294322,3.8284233173951328,379.0,275.0,275.0
electricity_nt25_tc15_A20_0e9fd20c,electricity,25,15.0,375.0,20.0,90.0,30.0,1.0,2019034.7816551474,2019.0347816551475,2185937.633862184,2185.9376338621837,0.07635297989364276,7.635297989364275,0.6146224601689947,61.46224601689947,80761.3912662059,87437.50535448735,4472.13595499958,4472.13595499958,5,5,1118.033988749895,1118.033988749895,4.737432155719894,4.737432155719894,4.737432155719894,380.0,276.0,276.0
electricity_nt25_tc15_A20_0e9fd20c,electricity,25,15.0,375.0,20.0,0.0,30.0,1.0,2019034.7816551472,2019.0347816551473,2185937.633862184,2185.9376338621837,0.07635297989364287,7.635297989364287,0.6146224601689946,61.462246016899456,80761.39126620589,87437.50535448735,4472.13595499958,4472.13595499958,5,5,1118.033988749895,1118.033988749895,4.737432155719894,4.737432155719894,4.737432155719894,381.0,277.0,277.0
electricity_nt25_tc15_A20_0e9fd20c,electricity,25,15.0,375.0,20.0,60.0,30.0,0.5,2017809.117513612,2017.809117513612,2185937.633862184,2185.9376338621837,0.0769136839698017,7.691368396980169,0.6142493508412822,61.424935084128215,80712.36470054448,87437.50535448735,3162.2776601683795,6324.555320336759,4,7,1054.09255338946,1054.09255338946,4.466493870294322,4.466493870294322,4.466493870294322,382.0,278.0,278.0
electricity_nt25_tc15_A25_697f9457,electricity,25,15.0,375.0,25.0,90.0,30.0,1.5,2017793.1195855986,2017.7931195855986,2185937.633862184,2185.9376338621837,0.076921002535421,7.6921002535421,0.6142444808479752,61.424448084797525,80711.72478342394,87437.50535448735,6123.724356957945,4082.48290463863,7,4,1020.6207261596575,1360.8276348795432,4.324664093896853,5.766218791862471,4.324664093896853,383.0,279.0,279.0
electricity_nt25_tc15_A20_0e9fd20c,electricity,25,15.0,375.0,20.0,0.0,30.0,0.5,2017593.468200123,2017.593468200123,2185937.633862184,2185.9376338621837,0.07701233697350507,7.7012336973505064,0.6141837041705093,61.41837041705093,80703.73872800492,87437.50535448735,3162.2776601683795,6324.555320336759,4,7,1054.09255338946,1054.09255338946,4.466493870294322,4.466493870294322,4.466493870294322,384.0,280.0,280.0
electricity_nt25_tc15_A20_0e9fd20c,electricity,25,15.0,375.0,20.0,90.0,30.0,0.5,2016278.8036792637,2016.2788036792638,2185937.633862184,2185.9376338621837,0.07761375601698284,7.761375601698283,0.6137835018810543,61.378350188105436,80651.15214717055,87437.50535448735,3162.2776601683795,6324.555320336759,4,7,1054.09255338946,1054.09255338946,4.466493870294322,4.466493870294322,4.466493870294322,385.0,282.0,282.0
electricity_nt25_tc15_A20_0e9fd20c,electricity,25,15.0,375.0,20.0,60.0,30.0,1.0,2016199.8456990072,2016.1998456990073,2185937.633862184,2185.9376338621837,0.07764987689208613,7.764987689208613,0.6137594659662122,61.37594659662122,80647.99382796028,87437.50535448735,4472.13595499958,4472.13595499958,5,5,1118.033988749895,1118.033988749895,4.737432155719894,4.737432155719894,4.737432155719894,386.0,283.0,283.0
electricity_nt25_tc15_A20_0e9fd20c,electricity,25,15.0,375.0,20.0,30.0,30.0,0.5,2014802.8472687586,2014.8028472687586,2185937.633862184,2185.9376338621837,0.07828896119559414,7.828896119559414,0.6133342000818138,61.333420008181385,80592.11389075035,87437.50535448735,3162.2776601683795,6324.555320336759,4,7,1054.09255338946,1054.09255338946,4.466493870294322,4.466493870294322,4.466493870294322,387.0,286.0,286.0
electricity_nt25_tc15_A20_0e9fd20c,electricity,25,15.0,375.0,20.0,30.0,30.0,1.0,2012314.7580066805,2012.3147580066804,2185937.633862184,2185.9376338621837,0.07942718637802171,7.942718637802171,0.6125767908696136,61.25767908696136,80492.59032026722,87437.50535448735,4472.13595499958,4472.13595499958,5,5,1118.033988749895,1118.033988749895,4.737432155719894,4.737432155719894,4.737432155719894,388.0,287.0,287.0
electricity_nt25_tc15_A20_0e9fd20c,electricity,25,15.0,375.0,20.0,0.0,30.0,0.75,2010839.778932608,2010.839778932608,2185937.633862184,2185.9376338621837,0.0801019444549328,8.01019444549328,0.6121277865852688,61.21277865852688,80433.59115730431,87437.50535448735,3872.983346207417,5163.977794943223,5,5,968.2458365518543,1290.9944487358057,4.102736595558705,5.470315460744939,4.102736595558705,389.0,289.0,289.0
electricity_nt25_tc15_A20_0e9fd20c,electricity,25,15.0,375.0,20.0,90.0,30.0,0.75,2010531.5795287872,2010.5315795287872,2185937.633862184,2185.9376338621837,0.08024293631080581,8.024293631080582,0.6120339663710159,61.20339663710159,80421.26318115149,87437.50535448735,3872.983346207417,5163.977794943223,5,5,968.2458365518543,1290.9944487358057,4.102736595558705,5.470315460744939,4.102736595558705,390.0,290.0,290.0
electricity_nt25_tc15_A25_697f9457,electricity,25,15.0,375.0,25.0,60.0,30.0,1.5,2010376.5700348762,2010.3765700348763,2185937.633862184,2185.9376338621837,0.0803138484409186,8.03138484409186,0.6119867793104646,61.19867793104646,80415.06280139505,87437.50535448735,6123.724356957945,4082.48290463863,7,4,1020.6207261596575,1360.8276348795432,4.324664093896853,5.766218791862471,4.324664093896853,391.0,291.0,291.0
electricity_nt25_tc15_A20_0e9fd20c,electricity,25,15.0,375.0,20.0,60.0,30.0,2.0,2007705.109620555,2007.705109620555,2185937.633862184,2185.9376338621837,0.08153596034975708,8.153596034975708,0.6111735493517672,61.117354935176714,80308.20438482221,87437.50535448735,6324.555320336759,3162.2776601683795,8,4,903.5079029052513,1054.09255338946,3.8284233173951328,4.466493870294322,3.8284233173951328,392.0,294.0,294.0
electricity_nt25_tc15_A25_697f9457,electricity,25,15.0,375.0,25.0,30.0,30.0,1.5,2007105.1448484673,2007.1051448484673,2185937.633862184,2185.9376338621837,0.08181042598994448,8.181042598994448,0.6109909116738105,61.09909116738105,80284.20579393869,87437.50535448735,6123.724356957945,4082.48290463863,7,4,1020.6207261596575,1360.8276348795432,4.324664093896853,5.766218791862471,4.324664093896853,393.0,296.0,296.0
electricity_nt25_tc15_A20_0e9fd20c,electricity,25,15.0,375.0,20.0,60.0,30.0,0.75,2006703.81361125,2006.7038136112499,2185937.633862184,2185.9376338621837,0.08199402282775015,8.199402282775015,0.6108687408253425,61.08687408253425,80268.15254445,87437.50535448735,3872.983346207417,5163.977794943223,5,5,968.2458365518543,1290.9944487358057,4.102736595558705,5.470315460744939,4.102736595558705,394.0,298.0,298.0
electricity_nt25_tc15_A20_0e9fd20c,electricity,25,15.0,375.0,20.0,30.0,30.0,2.0,2002880.96129331,2002.8809612933098,2185937.633862184,2185.9376338621837,0.08374286152228583,8.374286152228583,0.6097050110481917,60.97050110481918,80115.2384517324,87437.50535448735,6324.555320336759,3162.2776601683795,8,4,903.5079029052513,1054.09255338946,3.8284233173951328,4.466493870294322,3.8284233173951328,395.0,304.0,304.0
electricity_nt25_tc15_A20_0e9fd20c,electricity,25,15.0,375.0,20.0,0.0,30.0,1.5,2002770.0706627737,2002.7700706627736,2185937.633862184,2185.9376338621837,0.08379359061392067,8.379359061392066,0.6096712543874502,60.967125438745015,80110.80282651095,87437.50535448735,5477.2255750516615,3651.4837167011074,7,4,912.870929175277,1217.1612389003692,3.86809715752236,5.15746287669648,3.86809715752236,396.0,306.0,306.0
electricity_nt25_tc15_A20_0e9fd20c,electricity,25,15.0,375.0,20.0,30.0,30.0,0.75,2002265.5196304112,2002.265519630411,2185937.633862184,2185.9376338621837,0.08402440736941563,8.402440736941564,0.6095176619879487,60.951766198794864,80090.62078521645,87437.50535448735,3872.983346207417,5163.977794943223,5,5,968.2458365518543,1290.9944487358057,4.102736595558705,5.470315460744939,4.102736595558705,397.0,309.0,309.0
electricity_nt25_tc15_A15_0efc3edc,electricity,25,15.0,375.0,15.0,0.0,30.0,1.0,2000584.8909227948,2000.5848909227948,2185937.633862184,2185.9376338621837,0.08479324390051424,8.479324390051424,0.6090060550754323,60.900605507543226,80023.3956369118,87437.50535448735,3872.983346207417,3872.983346207417,5,5,968.2458365518543,968.2458365518543,4.102736595558705,4.102736595558705,4.102736595558705,398.0,313.0,313.0
electricity_nt25_tc15_A15_0efc3edc,electricity,25,15.0,375.0,15.0,90.0,30.0,1.0,2000584.8909227948,2000.5848909227948,2185937.633862184,2185.9376338621837,0.08479324390051424,8.479324390051424,0.6090060550754323,60.900605507543226,80023.3956369118,87437.50535448735,3872.983346207417,3872.983346207417,5,5,968.2458365518543,968.2458365518543,4.102736595558705,4.102736595558705,4.102736595558705,398.0,313.0,313.0
electricity_nt25_tc15_A20_0e9fd20c,electricity,25,15.0,375.0,20.0,90.0,30.0,1.5,1999568.5672975008,1999.5685672975007,2185937.633862184,2185.9376338621837,0.08525818105587957,8.525818105587957,0.6086966719322682,60.86966719322682,79982.74269190003,87437.50535448735,5477.2255750516615,3651.4837167011074,7,4,912.870929175277,1217.1612389003692,3.86809715752236,5.15746287669648,3.86809715752236,400.0,317.0,317.0
electricity_nt25_tc15_A15_0efc3edc,electricity,25,15.0,375.0,15.0,60.0,30.0,0.5,1998984.7549877844,1998.9847549877845,2185937.633862184,2185.9376338621837,0.08552525743567774,8.552525743567774,0.608518951290041,60.8518951290041,79959.39019951137,87437.50535448735,2738.6127875258308,5477.2255750516615,4,7,912.870929175277,912.870929175277,3.86809715752236,3.86809715752236,3.86809715752236,401.0,320.0,320.0
electricity_nt25_tc15_A15_0efc3edc,electricity,25,15.0,375.0,15.0,0.0,30.0,0.5,1998722.524760281,1998.722524760281,2185937.633862184,2185.9376338621837,0.08564521979116368,8.564521979116368,0.6084391247367674,60.843912473676745,79948.90099041123,87437.50535448735,2738.6127875258308,5477.2255750516615,4,7,912.870929175277,912.870929175277,3.86809715752236,3.86809715752236,3.86809715752236,402.0,321.0,321.0
electricity_nt25_tc15_A15_0efc3edc,electricity,25,15.0,375.0,15.0,60.0,30.0,1.0,1997451.9218410677,1997.4519218410678,2185937.633862184,2185.9376338621837,0.08622648199166305,8.622648199166305,0.6080523354158501,60.80523354158501,79898.07687364271,87437.50535448735,3872.983346207417,3872.983346207417,5,5,968.2458365518543,968.2458365518543,4.102736595558705,4.102736595558705,4.102736595558705,403.0,322.0,322.0
electricity_nt25_tc15_A15_0efc3edc,electricity,25,15.0,375.0,15.0,90.0,30.0,0.5,1997103.519760948,1997.1035197609478,2185937.633862184,2185.9376338621837,0.08638586534950587,8.638586534950587,0.607946276943972,60.7946276943972,79884.14079043792,87437.50535448735,2738.6127875258308,5477.2255750516615,4,7,912.870929175277,912.870929175277,3.86809715752236,3.86809715752236,3.86809715752236,404.0,323.0,323.0
electricity_nt25_tc15_A15_0efc3edc,electricity,25,15.0,375.0,15.0,0.0,30.0,2.0,1996691.442284536,1996.6914422845362,2185937.633862184,2185.9376338621837,0.0865743782649836,8.65743782649836,0.6078208347898131,60.782083478981306,79867.65769138145,87437.50535448735,5477.2255750516615,2738.6127875258308,8,4,782.4607964359517,912.870929175277,3.31551184930488,3.86809715752236,3.31551184930488,405.0,324.0,324.0
electricity_nt25_tc15_A15_0efc3edc,electricity,25,15.0,375.0,15.0,30.0,30.0,0.5,1995666.7864949724,1995.6667864949725,2185937.633862184,2185.9376338621837,0.08704312713214735,8.704312713214735,0.6075089152191697,60.75089152191697,79826.67145979889,87437.50535448735,2738.6127875258308,5477.2255750516615,4,7,912.870929175277,912.870929175277,3.86809715752236,3.86809715752236,3.86809715752236,406.0,326.0,326.0
electricity_nt25_tc15_A15_0efc3edc,electricity,25,15.0,375.0,15.0,90.0,30.0,2.0,1994554.8106180262,1994.5548106180263,2185937.633862184,2185.9376338621837,0.08755182228415936,8.755182228415936,0.60717041419118,60.717041419118004,79782.19242472104,87437.50535448735,5477.2255750516615,2738.6127875258308,8,4,782.4607964359517,912.870929175277,3.31551184930488,3.86809715752236,3.31551184930488,407.0,328.0,328.0
electricity_nt25_tc15_A15_0efc3edc,electricity,25,15.0,375.0,15.0,30.0,30.0,1.0,1993069.3107978837,1993.0693107978836,2185937.633862184,2185.9376338621837,0.08823139328249474,8.823139328249475,0.6067182072444091,60.671820724440906,79722.77243191535,87437.50535448735,3872.983346207417,3872.983346207417,5,5,968.2458365518543,968.2458365518543,4.102736595558705,4.102736595558705,4.102736595558705,408.0,332.0,332.0
electricity_nt25_tc15_A20_0e9fd20c,electricity,25,15.0,375.0,20.0,60.0,30.0,1.5,1991989.5780169903,1991.9895780169904,2185937.633862184,2185.9376338621837,0.08872533819847361,8.872533819847362,0.6063895214663593,60.63895214663593,79679.58312067961,87437.50535448735,5477.2255750516615,3651.4837167011074,7,4,912.870929175277,1217.1612389003692,3.86809715752236,5.15746287669648,3.86809715752236,409.0,335.0,335.0
electricity_nt25_tc15_A20_0e9fd20c,electricity,25,15.0,375.0,20.0,30.0,30.0,1.5,1988460.6049052358,1988.4606049052359,2185937.633862184,2185.9376338621837,0.09033973609212231,9.033973609212232,0.605315252634775,60.531525263477505,79538.42419620944,87437.50535448735,5477.2255750516615,3651.4837167011074,7,4,912.870929175277,1217.1612389003692,3.86809715752236,5.15746287669648,3.86809715752236,410.0,343.0,343.0
electricity_nt25_tc15_A15_0efc3edc,electricity,25,15.0,375.0,15.0,0.0,30.0,0.75,1986811.6608436985,1986.8116608436985,2185937.633862184,2185.9376338621837,0.09109407786107016,9.109407786107015,0.6048132909722066,60.48132909722066,79472.46643374795,87437.50535448735,3354.1019662496847,4472.13595499958,5,5,838.5254915624212,1118.033988749895,3.55307411678992,4.737432155719894,3.55307411678992,411.0,346.0,346.0
electricity_nt25_tc15_A15_0efc3edc,electricity,25,15.0,375.0,15.0,90.0,30.0,0.75,1986376.4621419094,1986.3764621419093,2185937.633862184,2185.9376338621837,0.09129316803411425,9.129316803411424,0.6046808103932753,60.46808103932753,79455.05848567637,87437.50535448735,3354.1019662496847,4472.13595499958,5,5,838.5254915624212,1118.033988749895,3.55307411678992,4.737432155719894,3.55307411678992,412.0,349.0,349.0
electricity_nt25_tc15_A15_0efc3edc,electricity,25,15.0,375.0,15.0,60.0,30.0,0.75,1982817.411272756,1982.817411272756,2185937.633862184,2185.9376338621837,0.0929213255872029,9.29213255872029,0.6035973854711586,60.35973854711586,79312.69645091024,87437.50535448735,3354.1019662496847,4472.13595499958,5,5,838.5254915624212,1118.033988749895,3.55307411678992,4.737432155719894,3.55307411678992,413.0,361.0,361.0
electricity_nt25_tc15_A15_0efc3edc,electricity,25,15.0,375.0,15.0,60.0,30.0,2.0,1982733.9456312521,1982.733945631252,2185937.633862184,2185.9376338621837,0.09295950858026314,9.295950858026314,0.6035719773611118,60.35719773611118,79309.35782525009,87437.50535448735,5477.2255750516615,2738.6127875258308,8,4,782.4607964359517,912.870929175277,3.31551184930488,3.86809715752236,3.31551184930488,414.0,362.0,362.0
electricity_nt25_tc15_A15_0efc3edc,electricity,25,15.0,375.0,15.0,0.0,30.0,1.5,1977801.8910891137,1977.8018910891137,2185937.633862184,2185.9376338621837,0.09521577356501676,9.521577356501677,0.6020705908947074,60.20705908947074,79112.07564356455,87437.50535448735,4743.416490252569,3162.2776601683795,7,4,790.5694150420949,1054.09255338946,3.349870402720741,4.466493870294322,3.349870402720741,415.0,373.0,373.0
electricity_nt25_tc15_A15_0efc3edc,electricity,25,15.0,375.0,15.0,30.0,30.0,0.75,1977783.338747191,1977.783338747191,2185937.633862184,2185.9376338621837,0.09522426069732803,9.522426069732804,0.6020649433020369,60.20649433020368,79111.33354988764,87437.50535448735,3354.1019662496847,4472.13595499958,5,5,838.5254915624212,1118.033988749895,3.55307411678992,4.737432155719894,3.55307411678992,416.0,374.0,374.0
electricity_nt25_tc15_A15_0efc3edc,electricity,25,15.0,375.0,15.0,30.0,30.0,2.0,1977110.8820139,1977.1108820139,2185937.633862184,2185.9376338621837,0.09553188920551325,9.553188920551325,0.6018602380559818,60.186023805598175,79084.435280556,87437.50535448735,5477.2255750516615,2738.6127875258308,8,4,782.4607964359517,912.870929175277,3.31551184930488,3.86809715752236,3.31551184930488,417.0,375.0,375.0
electricity_nt25_tc15_A15_0efc3edc,electricity,25,15.0,375.0,15.0,90.0,30.0,1.5,1973862.3821016399,1973.86238210164,2185937.633862184,2185.9376338621837,0.09701797913870158,9.701797913870159,0.6008713491938021,60.08713491938021,78954.49528406559,87437.50535448735,4743.416490252569,3162.2776601683795,7,4,790.5694150420949,1054.09255338946,3.349870402720741,4.466493870294322,3.349870402720741,418.0,381.0,381.0
electricity_nt25_tc15_A15_0efc3edc,electricity,25,15.0,375.0,15.0,60.0,30.0,1.5,1965952.7166548106,1965.9527166548105,2185937.633862184,2185.9376338621837,0.10063641057256378,10.063641057256378,0.5984635362723929,59.84635362723929,78638.10866619242,87437.50535448735,4743.416490252569,3162.2776601683795,7,4,790.5694150420949,1054.09255338946,3.349870402720741,4.466493870294322,3.349870402720741,419.0,396.0,396.0
electricity_nt25_tc15_A15_0efc3edc,electricity,25,15.0,375.0,15.0,30.0,30.0,1.5,1962061.1495683806,1962.0611495683806,2185937.633862184,2185.9376338621837,0.10241668418428351,10.24166841842835,0.5972788887574979,59.72788887574979,78482.44598273523,87437.50535448735,4743.416490252569,3162.2776601683795,7,4,790.5694150420949,1054.09255338946,3.349870402720741,4.466493870294322,3.349870402720741,420.0,405.0,405.0
electricity_nt16_tc15_A30_b84ac824,electricity,16,15.0,240.0,30.0,45.0,30.0,0.75,1393395.5391311452,1393.3955391311451,1399000.0856717976,1399.0000856717977,0.004006108790165719,0.4006108790165719,0.6627642404543118,66.27642404543118,87087.22119569658,87437.50535448735,4743.416490252569,6324.555320336759,4,4,1581.1388300841897,2108.18510677892,6.699740805441482,8.932987740588644,6.699740805441482,421.0,1.0,1.0
electricity_nt16_tc15_A30_b84ac824,electricity,16,15.0,240.0,30.0,75.0,30.0,0.75,1392970.9023450979,1392.9709023450978,1399000.0856717976,1399.0000856717977,0.004309637567895153,0.43096375678951526,0.6625622632919986,66.25622632919986,87060.68139656862,87437.50535448735,4743.416490252569,6324.555320336759,4,4,1581.1388300841897,2108.18510677892,6.699740805441482,8.932987740588644,6.699740805441482,422.0,2.0,2.0
electricity_nt16_tc15_A30_b84ac824,electricity,16,15.0,240.0,30.0,15.0,30.0,0.75,1392933.8314540447,1392.9338314540446,1399000.0856717976,1399.0000856717977,0.004336135701407007,0.4336135701407007,0.6625446306383393,66.25446306383394,87058.36446587779,87437.50535448735,4743.416490252569,6324.555320336759,4,4,1581.1388300841897,2108.18510677892,6.699740805441482,8.932987740588644,6.699740805441482,423.0,3.0,3.0
electricity_nt16_tc15_A25_f3ecbb94,electricity,16,15.0,240.0,25.0,45.0,30.0,0.75,1390689.08380738,1390.68908380738,1399000.0856717976,1399.0000856717977,0.00594067287739064,0.594067287739064,0.6614769234243626,66.14769234243626,86918.06773796125,87437.50535448735,4330.127018922193,5773.502691896258,4,4,1443.3756729740644,1924.5008972987525,6.115998614296883,8.15466481906251,6.115998614296883,424.0,4.0,4.0
electricity_nt16_tc15_A25_f3ecbb94,electricity,16,15.0,240.0,25.0,15.0,30.0,0.75,1390079.3077660312,1390.0793077660312,1399000.0856717976,1399.0000856717977,0.0063765384985539075,0.6376538498553908,0.6611868853529449,66.1186885352945,86879.95673537695,87437.50535448735,4330.127018922193,5773.502691896258,4,4,1443.3756729740644,1924.5008972987525,6.115998614296883,8.15466481906251,6.115998614296883,425.0,5.0,5.0
electricity_nt16_tc15_A25_f3ecbb94,electricity,16,15.0,240.0,25.0,75.0,30.0,0.75,1390059.6603442936,1390.0596603442937,1399000.0856717976,1399.0000856717977,0.006390582401723632,0.6390582401723632,0.6611775401181,66.11775401181,86878.72877151835,87437.50535448735,4330.127018922193,5773.502691896258,4,4,1443.3756729740644,1924.5008972987525,6.115998614296883,8.15466481906251,6.115998614296883,426.0,6.0,6.0
electricity_nt16_tc15_A30_b84ac824,electricity,16,15.0,240.0,30.0,45.0,30.0,0.5,1386591.2320043538,1386.5912320043537,1399000.0856717976,1399.0000856717977,0.008869801935348143,0.8869801935348143,0.6595277930005488,65.95277930005487,86661.95200027211,87437.50535448735,3872.983346207417,7745.966692414834,3,6,1936.4916731037085,1549.1933384829667,8.20547319111741,6.564378552893927,6.564378552893927,427.0,7.0,7.0
electricity_nt16_tc15_A30_b84ac824,electricity,16,15.0,240.0,30.0,15.0,30.0,0.5,1386093.3962501874,1386.0933962501874,1399000.0856717976,1399.0000856717977,0.009225653060208616,0.9225653060208616,0.6592909989774484,65.92909989774483,86630.83726563671,87437.50535448735,3872.983346207417,7745.966692414834,3,6,1936.4916731037085,1549.1933384829667,8.20547319111741,6.564378552893927,6.564378552893927,428.0,8.0,8.0
electricity_nt16_tc15_A30_b84ac824,electricity,16,15.0,240.0,30.0,75.0,30.0,0.5,1385422.733241072,1385.422733241072,1399000.0856717976,1399.0000856717977,0.009705040456953085,0.9705040456953085,0.6589720002097945,65.89720002097945,86588.920827567,87437.50535448735,3872.983346207417,7745.966692414834,3,6,1936.4916731037085,1549.1933384829667,8.20547319111741,6.564378552893927,6.564378552893927,429.0,9.0,9.0
electricity_nt16_tc15_A20_7fc78cb1,electricity,16,15.0,240.0,20.0,45.0,30.0,0.75,1385290.3561919231,1385.2903561919231,1399000.0856717976,1399.0000856717977,0.009799663073852605,0.9799663073852605,0.6589090354794155,65.89090354794155,86580.6472619952,87437.50535448735,3872.983346207417,5163.977794943223,4,4,1290.9944487358057,1721.3259316477408,5.470315460744939,7.293753947659919,5.470315460744939,430.0,10.0,10.0
electricity_nt16_tc15_A20_7fc78cb1,electricity,16,15.0,240.0,20.0,15.0,30.0,0.75,1384585.9459144308,1384.5859459144308,1399000.0856717976,1399.0000856717977,0.010303172891119039,1.030317289111904,0.6585739849288579,65.85739849288579,86536.62161965192,87437.50535448735,3872.983346207417,5163.977794943223,4,4,1290.9944487358057,1721.3259316477408,5.470315460744939,7.293753947659919,5.470315460744939,431.0,11.0,11.0
electricity_nt16_tc15_A20_7fc78cb1,electricity,16,15.0,240.0,20.0,75.0,30.0,0.75,1384489.9832791649,1384.4899832791648,1399000.0856717976,1399.0000856717977,0.010371766621919076,1.0371766621919076,0.6585283406008204,65.85283406008205,86530.6239549478,87437.50535448735,3872.983346207417,5163.977794943223,4,4,1290.9944487358057,1721.3259316477408,5.470315460744939,7.293753947659919,5.470315460744939,432.0,12.0,12.0
electricity_nt16_tc15_A30_b84ac824,electricity,16,15.0,240.0,30.0,15.0,30.0,2.0,1384372.8032275247,1384.3728032275246,1399000.0856717976,1399.0000856717977,0.010455526482150868,1.0455526482150868,0.6584726042748881,65.8472604274888,86523.3002017203,87437.50535448735,7745.966692414834,3872.983346207417,6,3,1549.1933384829667,1936.4916731037085,6.564378552893927,8.20547319111741,6.564378552893927,433.0,13.0,13.0
electricity_nt16_tc15_A25_f3ecbb94,electricity,16,15.0,240.0,25.0,45.0,30.0,0.5,1383923.9542498025,1383.9239542498026,1399000.0856717976,1399.0000856717977,0.010776362043434462,1.0776362043434462,0.6582591106591527,65.82591106591526,86495.24714061266,87437.50535448735,3535.5339059327375,7071.067811865475,3,6,1767.7669529663688,1414.213562373095,7.490537936298173,5.992430349038538,5.992430349038538,434.0,14.0,14.0
electricity_nt16_tc15_A30_b84ac824,electricity,16,15.0,240.0,30.0,45.0,30.0,2.0,1383746.0789744402,1383.7460789744403,1399000.0856717976,1399.0000856717977,0.010903506621325554,1.0903506621325554,0.6581745048394407,65.81745048394407,86484.12993590251,87437.50535448735,7745.966692414834,3872.983346207417,6,3,1549.1933384829667,1936.4916731037085,6.564378552893927,8.20547319111741,6.564378552893927,435.0,15.0,15.0
electricity_nt16_tc15_A30_b84ac824,electricity,16,15.0,240.0,30.0,75.0,30.0,2.0,1383362.6883095272,1383.3626883095271,1399000.0856717976,1399.0000856717977,0.0111775528267829,1.11775528267829,0.6579921462659472,65.79921462659472,86460.16801934545,87437.50535448735,7745.966692414834,3872.983346207417,6,3,1549.1933384829667,1936.4916731037085,6.564378552893927,8.20547319111741,6.564378552893927,436.0,16.0,16.0
electricity_nt16_tc15_A25_f3ecbb94,electricity,16,15.0,240.0,25.0,15.0,30.0,0.5,1383343.3381308217,1383.3433381308216,1399000.0856717976,1399.0000856717977,0.011191384261751147,1.1191384261751147,0.6579829424138232,65.79829424138232,86458.95863317636,87437.50535448735,3535.5339059327375,7071.067811865475,3,6,1767.7669529663688,1414.213562373095,7.490537936298173,5.992430349038538,5.992430349038538,437.0,17.0,17.0
electricity_nt16_tc15_A25_f3ecbb94,electricity,16,15.0,240.0,25.0,75.0,30.0,0.5,1382490.330232018,1382.4903302320179,1399000.0856717976,1399.0000856717977,0.01180111109989801,1.180111109989801,0.6575772118683495,65.75772118683496,86405.64563950112,87437.50535448735,3535.5339059327375,7071.067811865475,3,6,1767.7669529663688,1414.213562373095,7.490537936298173,5.992430349038538,5.992430349038538,438.0,18.0,18.0
electricity_nt16_tc15_A25_f3ecbb94,electricity,16,15.0,240.0,25.0,15.0,30.0,2.0,1381493.8856333892,1381.4938856333893,1399000.0856717976,1399.0000856717977,0.012513365951655309,1.2513365951655309,0.6571032561041615,65.71032561041615,86343.36785208683,87437.50535448735,7071.067811865475,3535.5339059327375,6,3,1414.213562373095,1767.7669529663688,5.992430349038538,7.490537936298173,5.992430349038538,439.0,19.0,19.0
electricity_nt16_tc15_A25_f3ecbb94,electricity,16,15.0,240.0,25.0,45.0,30.0,2.0,1380864.5802855026,1380.8645802855026,1399000.0856717976,1399.0000856717977,0.012963191047687728,1.2963191047687728,0.6568039289790252,65.68039289790252,86304.03626784391,87437.50535448735,7071.067811865475,3535.5339059327375,6,3,1414.213562373095,1767.7669529663688,5.992430349038538,7.490537936298173,5.992430349038538,440.0,20.0,20.0
electricity_nt16_tc15_A25_f3ecbb94,electricity,16,15.0,240.0,25.0,75.0,30.0,2.0,1380277.3514494197,1380.2773514494197,1399000.0856717976,1399.0000856717977,0.013382940011320454,1.3382940011320454,0.6565246154154394,65.65246154154394,86267.33446558873,87437.50535448735,7071.067811865475,3535.5339059327375,6,3,1414.213562373095,1767.7669529663688,5.992430349038538,7.490537936298173,5.992430349038538,441.0,21.0,21.0
electricity_nt16_tc15_A20_7fc78cb1,electricity,16,15.0,240.0,20.0,45.0,30.0,0.5,1378987.9273488745,1378.9879273488746,1399000.0856717976,1399.0000856717977,0.014304615509235896,1.4304615509235896,0.6559113048653322,65.59113048653322,86186.74545930466,87437.50535448735,3162.2776601683795,6324.555320336759,3,6,1581.1388300841897,1264.9110640673518,6.699740805441482,5.359792644353186,5.359792644353186,442.0,22.0,22.0
electricity_nt16_tc15_A20_7fc78cb1,electricity,16,15.0,240.0,20.0,15.0,30.0,0.5,1378223.4750517223,1378.2234750517223,1399000.0856717976,1399.0000856717977,0.014851043136354436,1.4851043136354436,0.6555476955154691,65.55476955154691,86138.96719073264,87437.50535448735,3162.2776601683795,6324.555320336759,3,6,1581.1388300841897,1264.9110640673518,6.699740805441482,5.359792644353186,5.359792644353186,443.0,23.0,23.0
electricity_nt16_tc15_A20_7fc78cb1,electricity,16,15.0,240.0,20.0,75.0,30.0,0.5,1377195.614795471,1377.195614795471,1399000.0856717976,1399.0000856717977,0.015585753782035083,1.5585753782035083,0.6550587969917575,65.50587969917575,86074.72592471694,87437.50535448735,3162.2776601683795,6324.555320336759,3,6,1581.1388300841897,1264.9110640673518,6.699740805441482,5.359792644353186,5.359792644353186,444.0,24.0,24.0
electricity_nt16_tc15_A20_7fc78cb1,electricity,16,15.0,240.0,20.0,15.0,30.0,2.0,1376139.8307104432,1376.1398307104432,1399000.0856717976,1399.0000856717977,0.016340424275511745,1.6340424275511745,0.6545566165860175,65.45566165860176,86008.7394194027,87437.50535448735,6324.555320336759,3162.2776601683795,6,3,1264.9110640673518,1581.1388300841897,5.359792644353186,6.699740805441482,5.359792644353186,445.0,25.0,25.0
electricity_nt16_tc15_A20_7fc78cb1,electricity,16,15.0,240.0,20.0,45.0,30.0,2.0,1375377.670484691,1375.377670484691,1399000.0856717976,1399.0000856717977,0.016885213538613386,1.6885213538613386,0.6541940974527639,65.4194097452764,85961.10440529318,87437.50535448735,6324.555320336759,3162.2776601683795,6,3,1264.9110640673518,1581.1388300841897,5.359792644353186,6.699740805441482,5.359792644353186,446.0,26.0,26.0
electricity_nt16_tc15_A20_7fc78cb1,electricity,16,15.0,240.0,20.0,75.0,30.0,2.0,1374716.0948118495,1374.7160948118494,1399000.0856717976,1399.0000856717977,0.017358105341564012,1.7358105341564012,0.6538794210482541,65.38794210482541,85919.7559257406,87437.50535448735,6324.555320336759,3162.2776601683795,6,3,1264.9110640673518,1581.1388300841897,5.359792644353186,6.699740805441482,5.359792644353186,447.0,27.0,27.0
electricity_nt16_tc15_A15_c507ee51,electricity,16,15.0,240.0,15.0,45.0,30.0,0.75,1372938.4615216882,1372.9384615216882,1399000.0856717976,1399.0000856717977,0.018628750932202176,1.8628750932202176,0.6530338953204377,65.30338953204377,85808.65384510551,87437.50535448735,3354.1019662496847,4472.13595499958,4,4,1118.033988749895,1490.7119849998599,4.737432155719894,6.316576207626524,4.737432155719894,448.0,28.0,28.0
electricity_nt16_tc15_A15_c507ee51,electricity,16,15.0,240.0,15.0,15.0,30.0,0.75,1372528.64784988,1372.52864784988,1399000.0856717976,1399.0000856717977,0.01892168420361906,1.892168420361906,0.6528389687261605,65.28389687261605,85783.0404906175,87437.50535448735,3354.1019662496847,4472.13595499958,4,4,1118.033988749895,1490.7119849998599,4.737432155719894,6.316576207626524,4.737432155719894,449.0,29.0,29.0
electricity_nt16_tc15_A15_c507ee51,electricity,16,15.0,240.0,15.0,75.0,30.0,0.75,1372339.6484957426,1372.3396484957425,1399000.0856717976,1399.0000856717977,0.019056780231183956,1.9056780231183956,0.6527490717730892,65.27490717730892,85771.22803098391,87437.50535448735,3354.1019662496847,4472.13595499958,4,4,1118.033988749895,1490.7119849998599,4.737432155719894,6.316576207626524,4.737432155719894,450.0,30.0,30.0
electricity_nt16_tc15_A30_b84ac824,electricity,16,15.0,240.0,30.0,45.0,30.0,1.0,1371043.867166296,1371.0438671662962,1399000.0856717976,1399.0000856717977,0.019982999852410255,1.9982999852410255,0.6521327374268913,65.21327374268913,85690.2416978935,87437.50535448735,5477.2255750516615,5477.2255750516615,4,4,1825.741858350554,1825.741858350554,7.73619431504472,7.73619431504472,7.73619431504472,451.0,31.0,31.0
electricity_nt16_tc15_A30_b84ac824,electricity,16,15.0,240.0,30.0,15.0,30.0,1.0,1370267.4819001458,1370.2674819001459,1399000.0856717976,1399.0000856717977,0.020537957120892125,2.0537957120892125,0.6517634521975579,65.17634521975579,85641.71761875911,87437.50535448735,5477.2255750516615,5477.2255750516615,4,4,1825.741858350554,1825.741858350554,7.73619431504472,7.73619431504472,7.73619431504472,452.0,32.0,32.0
electricity_nt16_tc15_A30_b84ac824,electricity,16,15.0,240.0,30.0,75.0,30.0,1.0,1369303.54755556,1369.30354755556,1399000.0856717976,1399.0000856717977,0.021226973765321344,2.1226973765321344,0.6513049598342656,65.13049598342656,85581.4717222225,87437.50535448735,5477.2255750516615,5477.2255750516615,4,4,1825.741858350554,1825.741858350554,7.73619431504472,7.73619431504472,7.73619431504472,453.0,34.0,34.0
electricity_nt16_tc15_A15_c507ee51,electricity,16,15.0,240.0,15.0,45.0,30.0,0.5,1368635.1797467184,1368.6351797467184,1399000.0856717976,1399.0000856717977,0.021704720561541713,2.1704720561541713,0.6509870527714604,65.09870527714604,85539.6987341699,87437.50535448735,2738.6127875258308,5477.2255750516615,3,6,1369.3063937629154,1095.4451150103323,5.802145736283539,4.6417165890268315,4.6417165890268315,454.0,37.0,37.0
electricity_nt16_tc15_A25_f3ecbb94,electricity,16,15.0,240.0,25.0,45.0,30.0,1.0,1368410.7193731233,1368.4107193731234,1399000.0856717976,1399.0000856717977,0.021865163992456416,2.1865163992456416,0.6508802888951309,65.0880288895131,85525.6699608202,87437.50535448735,5000.0,5000.0,4,4,1666.6666666666667,1666.6666666666667,7.062146892655368,7.062146892655368,7.062146892655368,455.0,38.0,38.0
electricity_nt16_tc15_A25_f3ecbb94,electricity,16,15.0,240.0,25.0,15.0,30.0,1.0,1367596.0477297786,1367.5960477297785,1399000.0856717976,1399.0000856717977,0.022447488219372702,2.24474882193727,0.650492792869948,65.0492792869948,85474.75298311116,87437.50535448735,5000.0,5000.0,4,4,1666.6666666666667,1666.6666666666667,7.062146892655368,7.062146892655368,7.062146892655368,456.0,39.0,39.0
electricity_nt16_tc15_A15_c507ee51,electricity,16,15.0,240.0,15.0,15.0,30.0,0.5,1367463.764834728,1367.4637648347282,1399000.0856717976,1399.0000856717977,0.02254204353527678,2.254204353527678,0.650429872923672,65.0429872923672,85466.4853021705,87437.50535448735,2738.6127875258308,5477.2255750516615,3,6,1369.3063937629154,1095.4451150103323,5.802145736283539,4.6417165890268315,4.6417165890268315,457.0,40.0,40.0
electricity_nt16_tc15_A30_b84ac824,electricity,16,15.0,240.0,30.0,15.0,30.0,1.5,1366763.2863716546,1366.7632863716547,1399000.0856717976,1399.0000856717977,0.023042742906382974,2.3042742906382974,0.6500966925283745,65.00966925283745,85422.70539822841,87437.50535448735,6708.203932499369,4472.13595499958,5,4,1677.0509831248423,1490.7119849998599,7.10614823357984,6.316576207626524,6.316576207626524,458.0,41.0,41.0
electricity_nt16_tc15_A25_f3ecbb94,electricity,16,15.0,240.0,25.0,75.0,30.0,1.0,1366578.1890621611,1366.578189062161,1399000.0856717976,1399.0000856717977,0.023175049767111044,2.3175049767111044,0.6500086515706627,65.00086515706627,85411.13681638507,87437.50535448735,5000.0,5000.0,4,4,1666.6666666666667,1666.6666666666667,7.062146892655368,7.062146892655368,7.062146892655368,459.0,42.0,42.0
electricity_nt16_tc15_A15_c507ee51,electricity,16,15.0,240.0,15.0,75.0,30.0,0.5,1366259.6178297503,1366.2596178297504,1399000.0856717976,1399.0000856717977,0.02340276328598323,2.340276328598323,0.6498571241579862,64.98571241579863,85391.2261143594,87437.50535448735,2738.6127875258308,5477.2255750516615,3,6,1369.3063937629154,1095.4451150103323,5.802145736283539,4.6417165890268315,4.6417165890268315,460.0,43.0,43.0
electricity_nt16_tc15_A30_b84ac824,electricity,16,15.0,240.0,30.0,45.0,30.0,1.5,1366027.147390405,1366.027147390405,1399000.0856717976,1399.0000856717977,0.023568932281772592,2.356893228177259,0.6497465503188761,64.97465503188761,85376.69671190031,87437.50535448735,6708.203932499369,4472.13595499958,5,4,1677.0509831248423,1490.7119849998599,7.10614823357984,6.316576207626524,6.316576207626524,461.0,44.0,44.0
electricity_nt16_tc15_A20_7fc78cb1,electricity,16,15.0,240.0,20.0,45.0,30.0,1.0,1364975.797907634,1364.975797907634,1399000.0856717976,1399.0000856717977,0.024320432938233383,2.4320432938233383,0.6492464792178624,64.92464792178623,85310.98736922712,87437.50535448735,4472.13595499958,4472.13595499958,4,4,1490.7119849998599,1490.7119849998599,6.316576207626524,6.316576207626524,6.316576207626524,462.0,45.0,45.0
electricity_nt16_tc15_A15_c507ee51,electricity,16,15.0,240.0,15.0,15.0,30.0,2.0,1364933.0373220455,1364.9330373220455,1399000.0856717976,1399.0000856717977,0.024350998044001648,2.435099804400165,0.6492261402787507,64.92261402787507,85308.31483262785,87437.50535448735,5477.2255750516615,2738.6127875258308,6,3,1095.4451150103323,1369.3063937629154,4.6417165890268315,5.802145736283539,4.6417165890268315,463.0,46.0,46.0
electricity_nt16_tc15_A30_b84ac824,electricity,16,15.0,240.0,30.0,75.0,30.0,1.5,1364767.4718968342,1364.7674718968342,1399000.0856717976,1399.0000856717977,0.024469343587298575,2.4469343587298575,0.6491473896008534,64.91473896008534,85297.96699355214,87437.50535448735,6708.203932499369,4472.13595499958,5,4,1677.0509831248423,1490.7119849998599,7.10614823357984,6.316576207626524,6.316576207626524,464.0,47.0,47.0
electricity_nt16_tc15_A25_f3ecbb94,electricity,16,15.0,240.0,25.0,15.0,30.0,1.5,1364332.301708593,1364.332301708593,1399000.0856717976,1399.0000856717977,0.024780401601303126,2.4780401601303126,0.6489404022586535,64.89404022586534,85270.76885678706,87437.50535448735,6123.724356957945,4082.48290463863,5,4,1530.9310892394863,1360.8276348795432,6.486996140845281,5.766218791862471,5.766218791862471,465.0,48.0,48.0
electricity_nt16_tc15_A20_7fc78cb1,electricity,16,15.0,240.0,20.0,15.0,30.0,1.0,1364114.217123762,1364.114217123762,1399000.0856717976,1399.0000856717977,0.024936287642386756,2.4936287642386756,0.6488366710063556,64.88366710063556,85257.13857023513,87437.50535448735,4472.13595499958,4472.13595499958,4,4,1490.7119849998599,1490.7119849998599,6.316576207626524,6.316576207626524,6.316576207626524,466.0,49.0,49.0
electricity_nt16_tc15_A15_c507ee51,electricity,16,15.0,240.0,15.0,45.0,30.0,2.0,1363702.3157079367,1363.7023157079366,1399000.0856717976,1399.0000856717977,0.025230713225375623,2.5230713225375623,0.648640751383151,64.8640751383151,85231.39473174604,87437.50535448735,5477.2255750516615,2738.6127875258308,6,3,1095.4451150103323,1369.3063937629154,4.6417165890268315,5.802145736283539,4.6417165890268315,467.0,50.0,50.0
electricity_nt16_tc15_A25_f3ecbb94,electricity,16,15.0,240.0,25.0,45.0,30.0,1.5,1363525.8790122746,1363.5258790122746,1399000.0856717976,1399.0000856717977,0.025356829511906986,2.5356829511906986,0.6485568298193848,64.85568298193847,85220.36743826716,87437.50535448735,6123.724356957945,4082.48290463863,5,4,1530.9310892394863,1360.8276348795432,6.486996140845281,5.766218791862471,5.766218791862471,468.0,51.0,51.0
electricity_nt16_tc15_A15_c507ee51,electricity,16,15.0,240.0,15.0,75.0,30.0,2.0,1363263.6876851288,1363.2636876851288,1399000.0856717976,1399.0000856717977,0.02554424288652446,2.554424288652446,0.6484321193327287,64.84321193327287,85203.98048032055,87437.50535448735,5477.2255750516615,2738.6127875258308,6,3,1095.4451150103323,1369.3063937629154,4.6417165890268315,5.802145736283539,4.6417165890268315,469.0,52.0,52.0
electricity_nt16_tc15_A20_7fc78cb1,electricity,16,15.0,240.0,20.0,75.0,30.0,1.0,1363030.8855408924,1363.0308855408923,1399000.0856717976,1399.0000856717977,0.02571064898372244,2.571064898372244,0.648321387719222,64.8321387719222,85189.43034630577,87437.50535448735,4472.13595499958,4472.13595499958,4,4,1490.7119849998599,1490.7119849998599,6.316576207626524,6.316576207626524,6.316576207626524,470.0,53.0,53.0
electricity_nt16_tc15_A25_f3ecbb94,electricity,16,15.0,240.0,25.0,75.0,30.0,1.5,1362151.2634994108,1362.1512634994108,1399000.0856717976,1399.0000856717977,0.0263393995109672,2.63393995109672,0.6479029982398263,64.79029982398264,85134.45396871318,87437.50535448735,6123.724356957945,4082.48290463863,5,4,1530.9310892394863,1360.8276348795432,6.486996140845281,5.766218791862471,5.766218791862471,471.0,55.0,55.0
electricity_nt16_tc15_A20_7fc78cb1,electricity,16,15.0,240.0,20.0,15.0,30.0,1.5,1359033.857549327,1359.033857549327,1399000.0856717976,1399.0000856717977,0.02856770956041721,2.856770956041721,0.6464202138267346,64.64202138267346,84939.61609683293,87437.50535448735,5477.2255750516615,3651.4837167011074,5,4,1369.3063937629154,1217.1612389003692,5.802145736283539,5.15746287669648,5.15746287669648,472.0,61.0,61.0
electricity_nt16_tc15_A15_c507ee51,electricity,16,15.0,240.0,15.0,45.0,30.0,1.0,1358805.3894015995,1358.8053894015995,1399000.0856717976,1399.0000856717977,0.02873101773320952,2.873101773320952,0.6463115436651444,64.63115436651444,84925.33683759997,87437.50535448735,3872.983346207417,3872.983346207417,4,4,1290.9944487358057,1290.9944487358057,5.470315460744939,5.470315460744939,5.470315460744939,473.0,62.0,62.0
electricity_nt16_tc15_A20_7fc78cb1,electricity,16,15.0,240.0,20.0,45.0,30.0,1.5,1358387.109500377,1358.387109500377,1399000.0856717976,1399.0000856717977,0.029030002633572694,2.9030002633572694,0.646112590135263,64.61125901352631,84899.19434377356,87437.50535448735,5477.2255750516615,3651.4837167011074,5,4,1369.3063937629154,1217.1612389003692,5.802145736283539,5.15746287669648,5.15746287669648,474.0,63.0,63.0
electricity_nt16_tc15_A15_c507ee51,electricity,16,15.0,240.0,15.0,15.0,30.0,1.0,1357902.0791746282,1357.9020791746282,1399000.0856717976,1399.0000856717977,0.029376700486357876,2.9376700486357876,0.6458818869742333,64.58818869742333,84868.87994841427,87437.50535448735,3872.983346207417,3872.983346207417,4,4,1290.9944487358057,1290.9944487358057,5.470315460744939,5.470315460744939,5.470315460744939,475.0,64.0,64.0
electricity_nt16_tc15_A15_c507ee51,electricity,16,15.0,240.0,15.0,75.0,30.0,1.0,1356754.6784258564,1356.7546784258564,1399000.0856717976,1399.0000856717977,0.03019685822653473,3.019685822653473,0.6453361293882498,64.53361293882497,84797.16740161603,87437.50535448735,3872.983346207417,3872.983346207417,4,4,1290.9944487358057,1290.9944487358057,5.470315460744939,5.470315460744939,5.470315460744939,476.0,65.0,65.0
electricity_nt16_tc15_A20_7fc78cb1,electricity,16,15.0,240.0,20.0,75.0,30.0,1.5,1356709.1137449478,1356.709113744948,1399000.0856717976,1399.0000856717977,0.030229427689092536,3.0229427689092536,0.6453144566899486,64.53144566899486,84794.31960905924,87437.50535448735,5477.2255750516615,3651.4837167011074,5,4,1369.3063937629154,1217.1612389003692,5.802145736283539,5.15746287669648,5.15746287669648,477.0,66.0,66.0
electricity_nt16_tc15_A15_c507ee51,electricity,16,15.0,240.0,15.0,15.0,30.0,1.5,1347436.0137741878,1347.4360137741878,1399000.0856717976,1399.0000856717977,0.03685780467472155,3.685780467472155,0.6409037356231867,64.09037356231867,84214.75086088674,87437.50535448735,4743.416490252569,3162.2776601683795,5,4,1185.8541225631423,1054.09255338946,5.024805604081111,4.466493870294322,4.466493870294322,478.0,74.0,74.0
electricity_nt16_tc15_A15_c507ee51,electricity,16,15.0,240.0,15.0,45.0,30.0,1.5,1346936.0334599824,1346.9360334599824,1399000.0856717976,1399.0000856717977,0.03721518872303298,3.7215188723032977,0.6406659215467952,64.06659215467953,84183.5020912489,87437.50535448735,4743.416490252569,3162.2776601683795,5,4,1185.8541225631423,1054.09255338946,5.024805604081111,4.466493870294322,4.466493870294322,479.0,76.0,76.0
electricity_nt16_tc15_A30_b84ac824,electricity,16,15.0,240.0,30.0,60.0,30.0,0.5,1345204.9197179077,1345.2049197179076,1399000.0856717976,1399.0000856717977,0.03845258231564552,3.8452582315645523,0.6398425226968739,63.98425226968739,84075.30748236923,87437.50535448735,3872.983346207417,7745.966692414834,3,6,1936.4916731037085,1549.1933384829667,8.20547319111741,6.564378552893927,6.564378552893927,480.0,83.0,83.0
electricity_nt16_tc15_A15_c507ee51,electricity,16,15.0,240.0,15.0,75.0,30.0,1.5,1345033.9839036714,1345.0339839036715,1399000.0856717976,1399.0000856717977,0.038574766592821,3.8574766592820997,0.6397612176101938,63.97612176101938,84064.62399397946,87437.50535448735,4743.416490252569,3162.2776601683795,5,4,1185.8541225631423,1054.09255338946,5.024805604081111,4.466493870294322,4.466493870294322,481.0,84.0,84.0
electricity_nt16_tc15_A30_b84ac824,electricity,16,15.0,240.0,30.0,30.0,30.0,0.5,1343686.009782275,1343.686009782275,1399000.0856717976,1399.0000856717977,0.03953829342545101,3.953829342545101,0.6391200579253591,63.91200579253591,83980.37561139218,87437.50535448735,3872.983346207417,7745.966692414834,3,6,1936.4916731037085,1549.1933384829667,8.20547319111741,6.564378552893927,6.564378552893927,482.0,86.0,86.0
electricity_nt16_tc15_A30_b84ac824,electricity,16,15.0,240.0,30.0,0.0,30.0,0.5,1342818.9734524176,1342.8189734524176,1399000.0856717976,1399.0000856717977,0.04015804773335796,4.015804773335796,0.638707654800427,63.8707654800427,83926.1858407761,87437.50535448735,3872.983346207417,7745.966692414834,3,6,1936.4916731037085,1549.1933384829667,8.20547319111741,6.564378552893927,6.564378552893927,483.0,87.0,87.0
electricity_nt16_tc15_A30_b84ac824,electricity,16,15.0,240.0,30.0,0.0,30.0,2.0,1342800.9801653123,1342.8009801653122,1399000.0856717976,1399.0000856717977,0.04017090926731326,4.017090926731326,0.6386990963495588,63.86990963495588,83925.06126033202,87437.50535448735,7745.966692414834,3872.983346207417,6,3,1549.1933384829667,1936.4916731037085,6.564378552893927,8.20547319111741,6.564378552893927,484.0,88.0,88.0
electricity_nt16_tc15_A30_b84ac824,electricity,16,15.0,240.0,30.0,90.0,30.0,0.5,1342507.671851957,1342.507671851957,1399000.0856717976,1399.0000856717977,0.04038056494665121,4.0380564946651205,0.6385595851655047,63.85595851655047,83906.72949074731,87437.50535448735,3872.983346207417,7745.966692414834,3,6,1936.4916731037085,1549.1933384829667,8.20547319111741,6.564378552893927,6.564378552893927,485.0,89.0,89.0
electricity_nt16_tc15_A30_b84ac824,electricity,16,15.0,240.0,30.0,0.0,30.0,1.5,1342284.1017557045,1342.2841017557046,1399000.0856717976,1399.0000856717977,0.04054037201066951,4.054037201066951,0.6384532447468153,63.84532447468153,83892.75635973153,87437.50535448735,6708.203932499369,4472.13595499958,5,4,1677.0509831248423,1490.7119849998599,7.10614823357984,6.316576207626524,6.316576207626524,486.0,90.0,90.0
electricity_nt16_tc15_A30_b84ac824,electricity,16,15.0,240.0,30.0,90.0,30.0,2.0,1341559.465304277,1341.559465304277,1399000.0856717976,1399.0000856717977,0.04105833942100001,4.105833942100001,0.638108573679736,63.8108573679736,83847.4665815173,87437.50535448735,7745.966692414834,3872.983346207417,6,3,1549.1933384829667,1936.4916731037085,6.564378552893927,8.20547319111741,6.564378552893927,487.0,91.0,91.0
electricity_nt16_tc15_A30_b84ac824,electricity,16,15.0,240.0,30.0,90.0,30.0,1.5,1341440.494507869,1341.440494507869,1399000.0856717976,1399.0000856717977,0.04114337929885725,4.114337929885725,0.6380519855916424,63.805198559164246,83840.03090674181,87437.50535448735,6708.203932499369,4472.13595499958,5,4,1677.0509831248423,1490.7119849998599,7.10614823357984,6.316576207626524,6.316576207626524,488.0,92.0,92.0
electricity_nt16_tc15_A30_b84ac824,electricity,16,15.0,240.0,30.0,0.0,30.0,0.75,1341290.2265119683,1341.2902265119683,1399000.0856717976,1399.0000856717977,0.041250790297212236,4.125079029721224,0.637980511088265,63.798051108826506,83830.63915699802,87437.50535448735,4743.416490252569,6324.555320336759,4,4,1581.1388300841897,2108.18510677892,6.699740805441482,8.932987740588644,6.699740805441482,489.0,93.0,93.0
electricity_nt16_tc15_A30_b84ac824,electricity,16,15.0,240.0,30.0,90.0,30.0,0.75,1341226.0625357411,1341.2260625357412,1399000.0856717976,1399.0000856717977,0.04129665446611719,4.129665446611719,0.6379499916931798,63.794999169317975,83826.62890848382,87437.50535448735,4743.416490252569,6324.555320336759,4,4,1581.1388300841897,2108.18510677892,6.699740805441482,8.932987740588644,6.699740805441482,490.0,94.0,94.0
electricity_nt16_tc15_A30_b84ac824,electricity,16,15.0,240.0,30.0,60.0,30.0,1.5,1340240.4856836984,1340.2404856836984,1399000.0856717976,1399.0000856717977,0.042001141093485295,4.2001141093485295,0.6374812051387454,63.74812051387454,83765.03035523115,87437.50535448735,6708.203932499369,4472.13595499958,5,4,1677.0509831248423,1490.7119849998599,7.10614823357984,6.316576207626524,6.316576207626524,491.0,96.0,96.0
electricity_nt16_tc15_A25_f3ecbb94,electricity,16,15.0,240.0,25.0,60.0,30.0,0.5,1339882.762454953,1339.882762454953,1399000.0856717976,1399.0000856717977,0.042256840312097976,4.225684031209798,0.6373110552011763,63.73110552011762,83742.67265343457,87437.50535448735,3535.5339059327375,7071.067811865475,3,6,1767.7669529663688,1414.213562373095,7.490537936298173,5.992430349038538,5.992430349038538,492.0,97.0,97.0
electricity_nt16_tc15_A30_b84ac824,electricity,16,15.0,240.0,30.0,60.0,30.0,0.75,1338657.545416434,1338.657545416434,1399000.0856717976,1399.0000856717977,0.043132620843541414,4.313262084354141,0.6367282845397803,63.67282845397803,83666.09658852713,87437.50535448735,4743.416490252569,6324.555320336759,4,4,1581.1388300841897,2108.18510677892,6.699740805441482,8.932987740588644,6.699740805441482,493.0,101.0,101.0
electricity_nt16_tc15_A30_b84ac824,electricity,16,15.0,240.0,30.0,30.0,30.0,1.5,1338575.548583949,1338.575548583949,1399000.0856717976,1399.0000856717977,0.04319123187103513,4.3191231871035125,0.6366892830022588,63.66892830022588,83660.97178649681,87437.50535448735,6708.203932499369,4472.13595499958,5,4,1677.0509831248423,1490.7119849998599,7.10614823357984,6.316576207626524,6.316576207626524,494.0,102.0,102.0
electricity_nt16_tc15_A25_f3ecbb94,electricity,16,15.0,240.0,25.0,30.0,30.0,0.5,1338359.1414110889,1338.3591414110888,1399000.0856717976,1399.0000856717977,0.043345918904350245,4.334591890435025,0.636586349605731,63.6586349605731,83647.44633819305,87437.50535448735,3535.5339059327375,7071.067811865475,3,6,1767.7669529663688,1414.213562373095,7.490537936298173,5.992430349038538,5.992430349038538,495.0,104.0,104.0
electricity_nt16_tc15_A30_b84ac824,electricity,16,15.0,240.0,30.0,0.0,30.0,1.0,1338280.1249433265,1338.2801249433264,1399000.0856717976,1399.0000856717977,0.04340239957834857,4.340239957834857,0.6365487656693904,63.654876566939045,83642.5078089579,87437.50535448735,5477.2255750516615,5477.2255750516615,4,4,1825.741858350554,1825.741858350554,7.73619431504472,7.73619431504472,7.73619431504472,496.0,106.0,106.0
electricity_nt16_tc15_A30_b84ac824,electricity,16,15.0,240.0,30.0,90.0,30.0,1.0,1338280.1249433262,1338.2801249433262,1399000.0856717976,1399.0000856717977,0.04340239957834868,4.340239957834868,0.6365487656693903,63.65487656693903,83642.50780895789,87437.50535448735,5477.2255750516615,5477.2255750516615,4,4,1825.741858350554,1825.741858350554,7.73619431504472,7.73619431504472,7.73619431504472,497.0,107.0,107.0
electricity_nt16_tc15_A25_f3ecbb94,electricity,16,15.0,240.0,25.0,0.0,30.0,1.5,1337833.2181149307,1337.8332181149306,1399000.0856717976,1399.0000856717977,0.04372184689859737,4.372184689859737,0.6363361958309222,63.63361958309221,83614.57613218317,87437.50535448735,6123.724356957945,4082.48290463863,5,4,1530.9310892394863,1360.8276348795432,6.486996140845281,5.766218791862471,5.766218791862471,498.0,108.0,108.0
electricity_nt16_tc15_A25_f3ecbb94,electricity,16,15.0,240.0,25.0,0.0,30.0,0.5,1337543.399948371,1337.5433999483712,1399000.0856717976,1399.0000856717977,0.04392900783413112,4.392900783413111,0.6361983447243014,63.619834472430135,83596.4624967732,87437.50535448735,3535.5339059327375,7071.067811865475,3,6,1767.7669529663688,1414.213562373095,7.490537936298173,5.992430349038538,5.992430349038538,499.0,111.0,111.0
electricity_nt16_tc15_A25_f3ecbb94,electricity,16,15.0,240.0,25.0,0.0,30.0,2.0,1337523.3504308376,1337.5233504308376,1399000.0856717976,1399.0000856717977,0.043943339153863614,4.394333915386362,0.6361888082338459,63.61888082338459,83595.20940192735,87437.50535448735,7071.067811865475,3535.5339059327375,6,3,1414.213562373095,1767.7669529663688,5.992430349038538,7.490537936298173,5.992430349038538,500.0,112.0,112.0
electricity_nt16_tc15_A25_f3ecbb94,electricity,16,15.0,240.0,25.0,90.0,30.0,0.5,1337157.4838959244,1337.1574838959243,1399000.0856717976,1399.0000856717977,0.044204859177100375,4.420485917710037,0.6360147849581071,63.60147849581072,83572.34274349528,87437.50535448735,3535.5339059327375,7071.067811865475,3,6,1767.7669529663688,1414.213562373095,7.490537936298173,5.992430349038538,5.992430349038538,501.0,114.0,114.0
electricity_nt16_tc15_A30_b84ac824,electricity,16,15.0,240.0,30.0,60.0,30.0,1.0,1337033.5210884477,1337.0335210884477,1399000.0856717976,1399.0000856717977,0.04429346732569617,4.429346732569616,0.635955822435525,63.59558224355249,83564.59506802798,87437.50535448735,5477.2255750516615,5477.2255750516615,4,4,1825.741858350554,1825.741858350554,7.73619431504472,7.73619431504472,7.73619431504472,502.0,115.0,115.0
electricity_nt16_tc15_A25_f3ecbb94,electricity,16,15.0,240.0,25.0,90.0,30.0,1.5,1336918.7499583769,1336.9187499583768,1399000.0856717976,1399.0000856717977,0.044375505297849505,4.43755052978495,0.6359012319056206,63.59012319056207,83557.42187239855,87437.50535448735,6123.724356957945,4082.48290463863,5,4,1530.9310892394863,1360.8276348795432,6.486996140845281,5.766218791862471,5.766218791862471,503.0,116.0,116.0
electricity_nt16_tc15_A30_b84ac824,electricity,16,15.0,240.0,30.0,30.0,30.0,0.75,1336905.7112906321,1336.905711290632,1399000.0856717976,1399.0000856717977,0.044384825288518726,4.438482528851873,0.6358950301039917,63.58950301039917,83556.60695566451,87437.50535448735,4743.416490252569,6324.555320336759,4,4,1581.1388300841897,2108.18510677892,6.699740805441482,8.932987740588644,6.699740805441482,504.0,117.0,117.0
electricity_nt16_tc15_A30_b84ac824,electricity,16,15.0,240.0,30.0,60.0,30.0,2.0,1336283.2910678957,1336.2832910678958,1399000.0856717976,1399.0000856717977,0.044829728922986756,4.482972892298676,0.6355989778671498,63.559897786714984,83517.70569174348,87437.50535448735,7745.966692414834,3872.983346207417,6,3,1549.1933384829667,1936.4916731037085,6.564378552893927,8.20547319111741,6.564378552893927,505.0,119.0,119.0
electricity_nt16_tc15_A25_f3ecbb94,electricity,16,15.0,240.0,25.0,90.0,30.0,2.0,1336155.8398810215,1336.1558398810216,1399000.0856717976,1399.0000856717977,0.04492083055205709,4.492083055205709,0.6355383561077919,63.55383561077919,83509.73999256385,87437.50535448735,7071.067811865475,3535.5339059327375,6,3,1414.213562373095,1767.7669529663688,5.992430349038538,7.490537936298173,5.992430349038538,506.0,120.0,120.0
electricity_nt16_tc15_A25_f3ecbb94,electricity,16,15.0,240.0,25.0,60.0,30.0,1.5,1335532.9103669764,1335.5329103669765,1399000.0856717976,1399.0000856717977,0.04536609822603721,4.536609822603721,0.635242061628128,63.5242061628128,83470.80689793603,87437.50535448735,6123.724356957945,4082.48290463863,5,4,1530.9310892394863,1360.8276348795432,6.486996140845281,5.766218791862471,5.766218791862471,507.0,123.0,123.0
electricity_nt16_tc15_A30_b84ac824,electricity,16,15.0,240.0,30.0,30.0,30.0,1.0,1335433.438001242,1335.433438001242,1399000.0856717976,1399.0000856717977,0.045437200698977054,4.543720069897706,0.6351947479077444,63.519474790774446,83464.58987507763,87437.50535448735,5477.2255750516615,5477.2255750516615,4,4,1825.741858350554,1825.741858350554,7.73619431504472,7.73619431504472,7.73619431504472,508.0,124.0,124.0
electricity_nt16_tc15_A30_b84ac824,electricity,16,15.0,240.0,30.0,30.0,30.0,2.0,1335110.71598346,1335.11071598346,1399000.0856717976,1399.0000856717977,0.04566788118362275,4.566788118362275,0.6350412461869578,63.504124618695776,83444.41974896625,87437.50535448735,7745.966692414834,3872.983346207417,6,3,1549.1933384829667,1936.4916731037085,6.564378552893927,8.20547319111741,6.564378552893927,509.0,125.0,125.0
electricity_nt16_tc15_A25_f3ecbb94,electricity,16,15.0,240.0,25.0,0.0,30.0,0.75,1334840.674796415,1334.840674796415,1399000.0856717976,1399.0000856717977,0.04586090560857492,4.5860905608574924,0.6349128019389341,63.49128019389341,83427.54217477594,87437.50535448735,4330.127018922193,5773.502691896258,4,4,1443.3756729740644,1924.5008972987525,6.115998614296883,8.15466481906251,6.115998614296883,510.0,126.0,126.0
electricity_nt16_tc15_A25_f3ecbb94,electricity,16,15.0,240.0,25.0,90.0,30.0,0.75,1334776.025322506,1334.776025322506,1399000.0856717976,1399.0000856717977,0.045907116809397075,4.590711680939707,0.6348820516183914,63.48820516183914,83423.50158265662,87437.50535448735,4330.127018922193,5773.502691896258,4,4,1443.3756729740644,1924.5008972987525,6.115998614296883,8.15466481906251,6.115998614296883,511.0,127.0,127.0
electricity_nt16_tc15_A25_f3ecbb94,electricity,16,15.0,240.0,25.0,30.0,30.0,1.5,1333773.1719718985,1333.7731719718986,1399000.0856717976,1399.0000856717977,0.04662395261296726,4.662395261296726,0.6344050475513215,63.44050475513215,83360.82324824366,87437.50535448735,6123.724356957945,4082.48290463863,5,4,1530.9310892394863,1360.8276348795432,6.486996140845281,5.766218791862471,5.766218791862471,512.0,130.0,130.0
electricity_nt16_tc15_A25_f3ecbb94,electricity,16,15.0,240.0,25.0,0.0,30.0,1.0,1333197.023063222,1333.1970230632219,1399000.0856717976,1399.0000856717977,0.04703578168615852,4.703578168615852,0.6341310041206345,63.41310041206345,83324.81394145137,87437.50535448735,5000.0,5000.0,4,4,1666.6666666666667,1666.6666666666667,7.062146892655368,7.062146892655368,7.062146892655368,513.0,132.0,132.0
electricity_nt16_tc15_A25_f3ecbb94,electricity,16,15.0,240.0,25.0,90.0,30.0,1.0,1333197.023063222,1333.1970230632219,1399000.0856717976,1399.0000856717977,0.04703578168615852,4.703578168615852,0.6341310041206345,63.41310041206345,83324.81394145137,87437.50535448735,5000.0,5000.0,4,4,1666.6666666666667,1666.6666666666667,7.062146892655368,7.062146892655368,7.062146892655368,513.0,132.0,132.0
electricity_nt16_tc15_A20_7fc78cb1,electricity,16,15.0,240.0,20.0,60.0,30.0,0.5,1332518.3128201535,1332.5183128201536,1399000.0856717976,1399.0000856717977,0.047520921215469136,4.752092121546914,0.6338081777112603,63.38081777112603,83282.3945512596,87437.50535448735,3162.2776601683795,6324.555320336759,3,6,1581.1388300841897,1264.9110640673518,6.699740805441482,5.359792644353186,5.359792644353186,515.0,134.0,134.0
electricity_nt16_tc15_A25_f3ecbb94,electricity,16,15.0,240.0,25.0,60.0,30.0,0.75,1332244.232315047,1332.244232315047,1399000.0856717976,1399.0000856717977,0.04771683292978113,4.771683292978112,0.6336778121742043,63.36778121742043,83265.26451969043,87437.50535448735,4330.127018922193,5773.502691896258,4,4,1443.3756729740644,1924.5008972987525,6.115998614296883,8.15466481906251,6.115998614296883,516.0,135.0,135.0
electricity_nt16_tc15_A25_f3ecbb94,electricity,16,15.0,240.0,25.0,60.0,30.0,1.0,1331885.8906497413,1331.8858906497412,1399000.0856717976,1399.0000856717977,0.0479729742045214,4.79729742045214,0.6335073680792148,63.35073680792148,83242.86816560883,87437.50535448735,5000.0,5000.0,4,4,1666.6666666666667,1666.6666666666667,7.062146892655368,7.062146892655368,7.062146892655368,517.0,138.0,138.0
electricity_nt16_tc15_A20_7fc78cb1,electricity,16,15.0,240.0,20.0,0.0,30.0,1.5,1331841.327611978,1331.841327611978,1399000.0856717976,1399.0000856717977,0.04800482769632586,4.800482769632586,0.6334861718093502,63.348617180935015,83240.08297574862,87437.50535448735,5477.2255750516615,3651.4837167011074,5,4,1369.3063937629154,1217.1612389003692,5.802145736283539,5.15746287669648,5.15746287669648,518.0,139.0,139.0
electricity_nt16_tc15_A20_7fc78cb1,electricity,16,15.0,240.0,20.0,30.0,30.0,0.5,1330999.31206124,1330.99931206124,1399000.0856717976,1399.0000856717977,0.04860669724541422,4.860669724541422,0.6330856697399353,63.30856697399353,83187.4570038275,87437.50535448735,3162.2776601683795,6324.555320336759,3,6,1581.1388300841897,1264.9110640673518,6.699740805441482,5.359792644353186,5.359792644353186,519.0,141.0,141.0
electricity_nt16_tc15_A20_7fc78cb1,electricity,16,15.0,240.0,20.0,90.0,30.0,1.5,1330821.188633404,1330.821188633404,1399000.0856717976,1399.0000856717977,0.04873401920176024,4.873401920176024,0.6330009458872736,63.30009458872736,83176.32428958775,87437.50535448735,5477.2255750516615,3651.4837167011074,5,4,1369.3063937629154,1217.1612389003692,5.802145736283539,5.15746287669648,5.15746287669648,520.0,142.0,142.0
electricity_nt16_tc15_A25_f3ecbb94,electricity,16,15.0,240.0,25.0,60.0,30.0,2.0,1330754.2123230933,1330.7542123230933,1399000.0856717976,1399.0000856717977,0.048781893616491656,4.878189361649166,0.6329690888142567,63.29690888142567,83172.13827019333,87437.50535448735,7071.067811865475,3535.5339059327375,6,3,1414.213562373095,1767.7669529663688,5.992430349038538,7.490537936298173,5.992430349038538,521.0,143.0,143.0
electricity_nt16_tc15_A25_f3ecbb94,electricity,16,15.0,240.0,25.0,30.0,30.0,0.75,1330381.5804066153,1330.3815804066153,1399000.0856717976,1399.0000856717977,0.04904824950902831,4.904824950902831,0.6327918476058862,63.27918476058863,83148.84877541345,87437.50535448735,4330.127018922193,5773.502691896258,4,4,1443.3756729740644,1924.5008972987525,6.115998614296883,8.15466481906251,6.115998614296883,522.0,144.0,144.0
electricity_nt16_tc15_A20_7fc78cb1,electricity,16,15.0,240.0,20.0,0.0,30.0,0.5,1330286.6194730408,1330.286619473041,1399000.0856717976,1399.0000856717977,0.04911612722722658,4.9116127227226585,0.6327466797341328,63.27466797341328,83142.91371706505,87437.50535448735,3162.2776601683795,6324.555320336759,3,6,1581.1388300841897,1264.9110640673518,6.699740805441482,5.359792644353186,5.359792644353186,523.0,145.0,145.0
electricity_nt16_tc15_A20_7fc78cb1,electricity,16,15.0,240.0,20.0,0.0,30.0,2.0,1330254.3684086893,1330.2543684086893,1399000.0856717976,1399.0000856717977,0.04913918016673802,4.913918016673802,0.6327313396160051,63.273133961600514,83140.89802554308,87437.50535448735,6324.555320336759,3162.2776601683795,6,3,1264.9110640673518,1581.1388300841897,5.359792644353186,6.699740805441482,5.359792644353186,524.0,146.0,146.0
electricity_nt16_tc15_A25_f3ecbb94,electricity,16,15.0,240.0,25.0,30.0,30.0,1.0,1330188.3550238127,1330.1883550238128,1399000.0856717976,1399.0000856717977,0.04918636628599038,4.918636628599038,0.6326999405554665,63.269994055546654,83136.7721889883,87437.50535448735,5000.0,5000.0,4,4,1666.6666666666667,1666.6666666666667,7.062146892655368,7.062146892655368,7.062146892655368,525.0,147.0,147.0
electricity_nt16_tc15_A20_7fc78cb1,electricity,16,15.0,240.0,20.0,90.0,30.0,0.5,1329789.2897106656,1329.7892897106656,1399000.0856717976,1399.0000856717977,0.049471616671057705,4.947161667105771,0.632510126384449,63.251012638444905,83111.8306069166,87437.50535448735,3162.2776601683795,6324.555320336759,3,6,1581.1388300841897,1264.9110640673518,6.699740805441482,5.359792644353186,5.359792644353186,526.0,148.0,148.0
electricity_nt16_tc15_A25_f3ecbb94,electricity,16,15.0,240.0,25.0,30.0,30.0,2.0,1329483.9174935874,1329.4839174935873,1399000.0856717976,1399.0000856717977,0.04968989558340786,4.968989558340786,0.6323648770422314,63.236487704223144,83092.74484334921,87437.50535448735,7071.067811865475,3535.5339059327375,6,3,1414.213562373095,1767.7669529663688,5.992430349038538,7.490537936298173,5.992430349038538,527.0,149.0,149.0
electricity_nt16_tc15_A20_7fc78cb1,electricity,16,15.0,240.0,20.0,60.0,30.0,1.5,1329160.4652602274,1329.1604652602275,1399000.0856717976,1399.0000856717977,0.04992109802340239,4.992109802340239,0.6322110279966835,63.22110279966835,83072.52907876422,87437.50535448735,5477.2255750516615,3651.4837167011074,5,4,1369.3063937629154,1217.1612389003692,5.802145736283539,5.15746287669648,5.15746287669648,528.0,151.0,151.0
electricity_nt16_tc15_A20_7fc78cb1,electricity,16,15.0,240.0,20.0,90.0,30.0,2.0,1328715.6814627724,1328.7156814627724,1399000.0856717976,1399.0000856717977,0.05023902780911893,5.023902780911893,0.6319994679712578,63.19994679712578,83044.73009142328,87437.50535448735,6324.555320336759,3162.2776601683795,6,3,1264.9110640673518,1581.1388300841897,5.359792644353186,6.699740805441482,5.359792644353186,529.0,152.0,152.0
electricity_nt16_tc15_A20_7fc78cb1,electricity,16,15.0,240.0,20.0,30.0,30.0,1.5,1327285.8738277229,1327.2858738277228,1399000.0856717976,1399.0000856717977,0.05126104892955585,5.126104892955585,0.6313193844309946,63.13193844309946,82955.36711423268,87437.50535448735,5477.2255750516615,3651.4837167011074,5,4,1369.3063937629154,1217.1612389003692,5.802145736283539,5.15746287669648,5.15746287669648,530.0,155.0,155.0
electricity_nt16_tc15_A20_7fc78cb1,electricity,16,15.0,240.0,20.0,90.0,30.0,1.0,1326850.5503301648,1326.8505503301649,1399000.0856717976,1399.0000856717977,0.05157221652848343,5.157221652848342,0.6311123241676964,63.11123241676964,82928.1593956353,87437.50535448735,4472.13595499958,4472.13595499958,4,4,1490.7119849998599,1490.7119849998599,6.316576207626524,6.316576207626524,6.316576207626524,531.0,157.0,157.0
electricity_nt16_tc15_A20_7fc78cb1,electricity,16,15.0,240.0,20.0,0.0,30.0,1.0,1326850.5503301646,1326.8505503301647,1399000.0856717976,1399.0000856717977,0.05157221652848354,5.157221652848354,0.6311123241676962,63.111232416769624,82928.15939563529,87437.50535448735,4472.13595499958,4472.13595499958,4,4,1490.7119849998599,1490.7119849998599,6.316576207626524,6.316576207626524,6.316576207626524,532.0,158.0,158.0
electricity_nt16_tc15_A20_7fc78cb1,electricity,16,15.0,240.0,20.0,0.0,30.0,0.75,1326437.5381607758,1326.4375381607758,1399000.0856717976,1399.0000856717977,0.0518674360739424,5.18674360739424,0.630915876218025,63.0915876218025,82902.34613504849,87437.50535448735,3872.983346207417,5163.977794943223,4,4,1290.9944487358057,1721.3259316477408,5.470315460744939,7.293753947659919,5.470315460744939,533.0,159.0,159.0
electricity_nt16_tc15_A20_7fc78cb1,electricity,16,15.0,240.0,20.0,90.0,30.0,0.75,1326347.951322316,1326.347951322316,1399000.0856717976,1399.0000856717977,0.05193147240916307,5.193147240916307,0.6308732645178443,63.087326451784435,82896.74695764475,87437.50535448735,3872.983346207417,5163.977794943223,4,4,1290.9944487358057,1721.3259316477408,5.470315460744939,7.293753947659919,5.470315460744939,534.0,160.0,160.0
electricity_nt16_tc15_A20_7fc78cb1,electricity,16,15.0,240.0,20.0,60.0,30.0,1.0,1325448.7523565732,1325.4487523565733,1399000.0856717976,1399.0000856717977,0.05257421644824645,5.257421644824644,0.6304455633355086,63.04455633355086,82840.54702228583,87437.50535448735,4472.13595499958,4472.13595499958,4,4,1490.7119849998599,1490.7119849998599,6.316576207626524,6.316576207626524,6.316576207626524,535.0,162.0,162.0
electricity_nt16_tc15_A20_7fc78cb1,electricity,16,15.0,240.0,20.0,60.0,30.0,0.75,1323941.4120958277,1323.9414120958277,1399000.0856717976,1399.0000856717977,0.05365165759795276,5.365165759795277,0.6297286016437537,62.97286016437537,82746.33825598923,87437.50535448735,3872.983346207417,5163.977794943223,4,4,1290.9944487358057,1721.3259316477408,5.470315460744939,7.293753947659919,5.470315460744939,536.0,168.0,168.0
electricity_nt16_tc15_A20_7fc78cb1,electricity,16,15.0,240.0,20.0,30.0,30.0,1.0,1323613.4734992138,1323.6134734992138,1399000.0856717976,1399.0000856717977,0.05388606687352937,5.388606687352937,0.6295726186735225,62.95726186735225,82725.84209370086,87437.50535448735,4472.13595499958,4472.13595499958,4,4,1490.7119849998599,1490.7119849998599,6.316576207626524,6.316576207626524,6.316576207626524,537.0,169.0,169.0
electricity_nt16_tc15_A20_7fc78cb1,electricity,16,15.0,240.0,20.0,60.0,30.0,2.0,1323197.061763037,1323.197061763037,1399000.0856717976,1399.0000856717977,0.054183716416543404,5.418371641654341,0.6293745537305161,62.93745537305161,82699.81636018981,87437.50535448735,6324.555320336759,3162.2776601683795,6,3,1264.9110640673518,1581.1388300841897,5.359792644353186,6.699740805441482,5.359792644353186,538.0,170.0,170.0
electricity_nt16_tc15_A15_c507ee51,electricity,16,15.0,240.0,15.0,0.0,30.0,1.5,1322296.846981155,1322.2968469811549,1399000.0856717976,1399.0000856717977,0.054827186557182994,5.482718655718299,0.6289463693784032,62.89463693784032,82643.55293632219,87437.50535448735,4743.416490252569,3162.2776601683795,5,4,1185.8541225631423,1054.09255338946,5.024805604081111,4.466493870294322,4.466493870294322,539.0,173.0,173.0
electricity_nt16_tc15_A15_c507ee51,electricity,16,15.0,240.0,15.0,60.0,30.0,0.5,1321971.8357279636,1321.9718357279637,1399000.0856717976,1399.0000856717977,0.05505950337869003,5.505950337869003,0.628791778789937,62.879177878993694,82623.23973299772,87437.50535448735,2738.6127875258308,5477.2255750516615,3,6,1369.3063937629154,1095.4451150103323,5.802145736283539,4.6417165890268315,4.6417165890268315,540.0,174.0,174.0
electricity_nt16_tc15_A20_7fc78cb1,electricity,16,15.0,240.0,20.0,30.0,30.0,0.75,1321922.1345823293,1321.9221345823294,1399000.0856717976,1399.0000856717977,0.05509502957067769,5.5095029570677685,0.6287681385950957,62.876813859509575,82620.13341139558,87437.50535448735,3872.983346207417,5163.977794943223,4,4,1290.9944487358057,1721.3259316477408,5.470315460744939,7.293753947659919,5.470315460744939,541.0,175.0,175.0
electricity_nt16_tc15_A20_7fc78cb1,electricity,16,15.0,240.0,20.0,30.0,30.0,2.0,1321802.3207697188,1321.8023207697188,1399000.0856717976,1399.0000856717977,0.0551806720333462,5.5180672033346205,0.6287111495289759,62.871114952897585,82612.64504810743,87437.50535448735,6324.555320336759,3162.2776601683795,6,3,1264.9110640673518,1581.1388300841897,5.359792644353186,6.699740805441482,5.359792644353186,542.0,176.0,176.0
electricity_nt16_tc15_A15_c507ee51,electricity,16,15.0,240.0,15.0,90.0,30.0,1.5,1321070.1579821862,1321.0701579821862,1399000.0856717976,1399.0000856717977,0.05570401924042023,5.570401924042024,0.6283628985836122,62.83628985836122,82566.88487388664,87437.50535448735,4743.416490252569,3162.2776601683795,5,4,1185.8541225631423,1054.09255338946,5.024805604081111,4.466493870294322,4.466493870294322,543.0,177.0,177.0
electricity_nt16_tc15_A15_c507ee51,electricity,16,15.0,240.0,15.0,30.0,30.0,0.5,1320478.9253388727,1320.4789253388726,1399000.0856717976,1399.0000856717977,0.05612663011040431,5.61266301104043,0.62808168062161,62.808168062160995,82529.93283367954,87437.50535448735,2738.6127875258308,5477.2255750516615,3,6,1369.3063937629154,1095.4451150103323,5.802145736283539,4.6417165890268315,4.6417165890268315,544.0,179.0,179.0
electricity_nt16_tc15_A15_c507ee51,electricity,16,15.0,240.0,15.0,0.0,30.0,0.5,1319927.0426197522,1319.9270426197522,1399000.0856717976,1399.0000856717977,0.056521113802558975,5.6521113802558975,0.6278191793282688,62.78191793282688,82495.44016373451,87437.50535448735,2738.6127875258308,5477.2255750516615,3,6,1369.3063937629154,1095.4451150103323,5.802145736283539,4.6417165890268315,4.6417165890268315,545.0,181.0,181.0
electricity_nt16_tc15_A15_c507ee51,electricity,16,15.0,240.0,15.0,0.0,30.0,2.0,1319888.4235415778,1319.8884235415778,1399000.0856717976,1399.0000856717977,0.0565487185744028,5.6548718574402805,0.627800810284236,62.780081028423595,82493.02647134861,87437.50535448735,5477.2255750516615,2738.6127875258308,6,3,1095.4451150103323,1369.3063937629154,4.6417165890268315,5.802145736283539,4.6417165890268315,546.0,182.0,182.0
electricity_nt16_tc15_A15_c507ee51,electricity,16,15.0,240.0,15.0,90.0,30.0,0.5,1319271.1817301651,1319.2711817301652,1399000.0856717976,1399.0000856717977,0.05698992069993103,5.698992069993103,0.6275072211425824,62.75072211425824,82454.44885813532,87437.50535448735,2738.6127875258308,5477.2255750516615,3,6,1369.3063937629154,1095.4451150103323,5.802145736283539,4.6417165890268315,4.6417165890268315,547.0,183.0,183.0
electricity_nt16_tc15_A15_c507ee51,electricity,16,15.0,240.0,15.0,60.0,30.0,1.5,1318899.5385373533,1318.8995385373532,1399000.0856717976,1399.0000856717977,0.05725556985650948,5.7255569856509485,0.6273304502175386,62.73304502175387,82431.22115858458,87437.50535448735,4743.416490252569,3162.2776601683795,5,4,1185.8541225631423,1054.09255338946,5.024805604081111,4.466493870294322,4.466493870294322,548.0,185.0,185.0
electricity_nt16_tc15_A15_c507ee51,electricity,16,15.0,240.0,15.0,0.0,30.0,1.0,1318759.5299412147,1318.7595299412146,1399000.0856717976,1399.0000856717977,0.05735564747449717,5.735564747449717,0.6272638555656462,62.72638555656462,82422.47062132592,87437.50535448735,3872.983346207417,3872.983346207417,4,4,1290.9944487358057,1290.9944487358057,5.470315460744939,5.470315460744939,5.470315460744939,549.0,186.0,186.0
electricity_nt16_tc15_A15_c507ee51,electricity,16,15.0,240.0,15.0,90.0,30.0,1.0,1318759.5299412147,1318.7595299412146,1399000.0856717976,1399.0000856717977,0.05735564747449717,5.735564747449717,0.6272638555656462,62.72638555656462,82422.47062132592,87437.50535448735,3872.983346207417,3872.983346207417,4,4,1290.9944487358057,1290.9944487358057,5.470315460744939,5.470315460744939,5.470315460744939,549.0,186.0,186.0
electricity_nt16_tc15_A15_c507ee51,electricity,16,15.0,240.0,15.0,90.0,30.0,2.0,1318088.1846895996,1318.0881846895995,1399000.0856717976,1399.0000856717977,0.057835522535614636,5.783552253561464,0.6269445322914762,62.69445322914762,82380.51154309997,87437.50535448735,5477.2255750516615,2738.6127875258308,6,3,1095.4451150103323,1369.3063937629154,4.6417165890268315,5.802145736283539,4.6417165890268315,551.0,188.0,188.0
electricity_nt16_tc15_A15_c507ee51,electricity,16,15.0,240.0,15.0,60.0,30.0,1.0,1317219.9022549845,1317.2199022549844,1399000.0856717976,1399.0000856717977,0.058456167554516214,5.845616755451621,0.6265315364607041,62.653153646070415,82326.24389093653,87437.50535448735,3872.983346207417,3872.983346207417,4,4,1290.9944487358057,1290.9944487358057,5.470315460744939,5.470315460744939,5.470315460744939,552.0,192.0,192.0
electricity_nt16_tc15_A15_c507ee51,electricity,16,15.0,240.0,15.0,30.0,30.0,1.5,1316964.5297367133,1316.9645297367133,1399000.0856717976,1399.0000856717977,0.05863870687019368,5.863870687019368,0.626410069319213,62.6410069319213,82310.28310854458,87437.50535448735,4743.416490252569,3162.2776601683795,5,4,1185.8541225631423,1054.09255338946,5.024805604081111,4.466493870294322,4.466493870294322,553.0,193.0,193.0
electricity_nt16_tc15_A15_c507ee51,electricity,16,15.0,240.0,15.0,0.0,30.0,0.75,1315240.7497946501,1315.2407497946501,1399000.0856717976,1399.0000856717977,0.059870858290138274,5.987085829013827,0.6255901587683839,62.55901587683839,82202.54686216563,87437.50535448735,3354.1019662496847,4472.13595499958,4,4,1118.033988749895,1490.7119849998599,4.737432155719894,6.316576207626524,4.737432155719894,554.0,198.0,198.0
electricity_nt16_tc15_A15_c507ee51,electricity,16,15.0,240.0,15.0,30.0,30.0,1.0,1315176.8627091676,1315.1768627091676,1399000.0856717976,1399.0000856717977,0.059916524538580096,5.991652453858009,0.6255597710755173,62.55597710755173,82198.55391932298,87437.50535448735,3872.983346207417,3872.983346207417,4,4,1290.9944487358057,1290.9944487358057,5.470315460744939,5.470315460744939,5.470315460744939,555.0,199.0,199.0
electricity_nt16_tc15_A15_c507ee51,electricity,16,15.0,240.0,15.0,90.0,30.0,0.75,1315122.57078946,1315.12257078946,1399000.0856717976,1399.0000856717977,0.05995533219861071,5.995533219861072,0.6255339472933125,62.553394729331245,82195.16067434126,87437.50535448735,3354.1019662496847,4472.13595499958,4,4,1118.033988749895,1490.7119849998599,4.737432155719894,6.316576207626524,4.737432155719894,556.0,200.0,200.0
electricity_nt16_tc15_A15_c507ee51,electricity,16,15.0,240.0,15.0,60.0,30.0,0.75,1312869.2698324462,1312.8692698324462,1399000.0856717976,1399.0000856717977,0.06156598324866547,6.156598324866547,0.6244621717239566,62.446217172395656,82054.32936452789,87437.50535448735,3354.1019662496847,4472.13595499958,4,4,1118.033988749895,1490.7119849998599,4.737432155719894,6.316576207626524,4.737432155719894,557.0,208.0,208.0
electricity_nt16_tc15_A15_c507ee51,electricity,16,15.0,240.0,15.0,60.0,30.0,2.0,1312443.6536575905,1312.4436536575904,1399000.0856717976,1399.0000856717977,0.0618702120898319,6.1870212089831895,0.6242597287184125,62.42597287184125,82027.7283535994,87437.50535448735,5477.2255750516615,2738.6127875258308,6,3,1095.4451150103323,1369.3063937629154,4.6417165890268315,5.802145736283539,4.6417165890268315,558.0,210.0,210.0
electricity_nt16_tc15_A15_c507ee51,electricity,16,15.0,240.0,15.0,30.0,30.0,2.0,1310852.6274486121,1310.852627448612,1399000.0856717976,1399.0000856717977,0.06300747164061626,6.300747164061626,0.6235029620665012,62.35029620665012,81928.28921553826,87437.50535448735,5477.2255750516615,2738.6127875258308,6,3,1095.4451150103323,1369.3063937629154,4.6417165890268315,5.802145736283539,4.6417165890268315,559.0,214.0,214.0
electricity_nt16_tc15_A15_c507ee51,electricity,16,15.0,240.0,15.0,30.0,30.0,0.75,1310613.8602556575,1310.6138602556575,1399000.0856717976,1399.0000856717977,0.06317814153220525,6.3178141532205245,0.6233893931961841,62.33893931961841,81913.36626597859,87437.50535448735,3354.1019662496847,4472.13595499958,4,4,1118.033988749895,1490.7119849998599,4.737432155719894,6.316576207626524,4.737432155719894,560.0,216.0,216.0
